file,line,quoted_sentence,classification,action_taken
content/indoor-air-quality-testing.mdx,67,"| RAE MiniRAE 3000 | VOCs (PID) | ±3% | $1,200 | Professional VOC assessment |",OTHER,OK — FAQ question / URL / label / state-program / no-credit statement / incidental
content/indoor-air-quality-testing.mdx,125,"Testing revealed PM2.5 spikes to 85 μg/m³ during cooking (2.4× limit), VOCs at 750 μg/m³ in master bedroom from memory foam mattress, and basement radon at 6.8 pCi/L. Solutions: range hood upgrade ($400), mattress replacement ($800), radon mitigation system ($1,200). Post-remediation testing showed ",OTHER,OK — FAQ question / URL / label / state-program / no-credit statement / incidental
content/indoor-air-quality-testing.mdx,178,"| 4-8 pCi/L | Active soil depressurization | $1,200-1,500 | 95% reduction | Fan check every 2 years |",OTHER,OK — FAQ question / URL / label / state-program / no-credit statement / incidental
content/indoor-air-quality-testing.mdx,179,"| >8 pCi/L | Sub-slab + pressurization | $2,000-3,000 | 99% reduction | Quarterly monitoring |",OTHER,OK — FAQ question / URL / label / state-program / no-credit statement / incidental
content/indoor-air-quality-testing.mdx,201,"| Whole-house HEPA | $2,000 | $200 | 99% particle removal | 2-3 years |",OTHER,OK — FAQ question / URL / label / state-program / no-credit statement / incidental
content/mini-split-air-conditioners/mini-split-for-bedroom.mdx,35,"| 1 | Mitsubishi MSZ-FH 09 | 9,000 | 19 dB | 33.1 | Yes (auto temp adjust) | $1,600–$2,000 | $3,000–$4,200 |",OTHER,OK — FAQ question / URL / label / state-program / no-credit statement / incidental
content/mini-split-air-conditioners/mini-split-for-bedroom.mdx,37,"| 3 | Fujitsu RLS3H 09 | 9,000 | 19 dB | 33.0 | Yes | $1,200–$1,600 | $2,600–$3,600 |",OTHER,OK — FAQ question / URL / label / state-program / no-credit statement / incidental
content/mini-split-air-conditioners/mini-split-for-bedroom.mdx,39,"| 5 | MrCool DIY 4th Gen 12K | 12,000 | 25 dB | 22.0 | Basic (timer) | $1,100–$1,500 | $1,300–$2,000 (DIY) |",OTHER,OK — FAQ question / URL / label / state-program / no-credit statement / incidental
content/mini-split-air-conditioners/senville-mini-split-reviews.mdx,28,"Senville offers the cheapest inverter mini splits in the North American market, with the SENL-12CD available for $600–$900 — roughly one-third the price of Mitsubishi and half the price of MrCool. Per the Senville LETO spec sheet, the SENL-12CD is rated **21.2 SEER2 (115V) / 21.3 SEER2 (230V)** with",OTHER,OK — FAQ question / URL / label / state-program / no-credit statement / incidental
content/mini-split-air-conditioners/senville-mini-split-reviews.mdx,49,| Price | $600–$900 | Distributor listings |,OTHER,OK — FAQ question / URL / label / state-program / no-credit statement / incidental
content/mini-split-air-conditioners/senville-mini-split-reviews.mdx,55,"**Unbeatable price.** The SENL-12CD at $600–$900 is the cheapest inverter mini split that actually performs. That's $400–$600 less than MrCool and $900–$1,300 less than Mitsubishi for the equipment alone.",OTHER,OK — FAQ question / URL / label / state-program / no-credit statement / incidental
content/mini-split-air-conditioners/senville-mini-split-reviews.mdx,77,"- Senville LETO SENL-12CD is **21.2/21.3 SEER2, R-454B, 10/10 warranty** per the manufacturer spec sheet — solid specs for a unit at $600–$900.",OTHER,OK — FAQ question / URL / label / state-program / no-credit statement / incidental
content/mini-split-air-conditioners/senville-mini-split-reviews.mdx,79,"- The federal 25C tax credit ended for installs after Dec 31, 2025. For 2026 installations, look at state and utility rebates and the IRA HOMES/HEAR programs instead.",OTHER,OK — FAQ question / URL / label / state-program / no-credit statement / incidental
content/mini-split-air-conditioners/senville-mini-split-reviews.mdx,105,"question: ""Are there tax credits available?"",",OTHER,OK — FAQ question / URL / label / state-program / no-credit statement / incidental
content/mini-split-air-conditioners/senville-mini-split-reviews.mdx,106,"answer: ""The federal Section 25C credit expired for installs placed in service after December 31, 2025 (terminated by the OBBBA, Public Law 119-21, signed July 4, 2025). For 2026 installations, the live federal programs are HOMES and HEAR (income-qualified up to $8,000); state and utility rebates of",OTHER,OK — FAQ question / URL / label / state-program / no-credit statement / incidental
content/mini-split-air-conditioners/best-mini-split-ac-units.mdx,85,"At $600–$900 for the equipment, the Senville LETO SENL-12CD has spec-sheet-verified specs that beat what most buyers expect at this price.",OTHER,OK — FAQ question / URL / label / state-program / no-credit statement / incidental
content/mini-split-air-conditioners/best-mini-split-ac-units.mdx,99,| Price | $600–$900 | Distributor listings |,OTHER,OK — FAQ question / URL / label / state-program / no-credit statement / incidental
content/mini-split-air-conditioners/best-mini-split-ac-units.mdx,165,"- **The federal Section 25C credit expired** for installs after Dec 31, 2025. For 2026 installs, the active federal pathways are HOMES and HEAR/HEEHRA rebates.",OTHER,OK — FAQ question / URL / label / state-program / no-credit statement / incidental
content/mini-split-air-conditioners/best-mini-split-ac-units.mdx,212,"{ label: ""IRS — Energy Efficient Home Improvement Credit (Section 25C)"", url: ""https://www.irs.gov/credits-deductions/energy-efficient-home-improvement-credit"" }",OTHER,OK — FAQ question / URL / label / state-program / no-credit statement / incidental
content/mini-split-air-conditioners/cassette-ceiling-air-conditioners.mdx,40,"| 5 | Carrier/Midea Cassette | 9K–36K | 18.0 | 29 dB | 24"" × 24"" | $1,200–$2,000 |",OTHER,OK — FAQ question / URL / label / state-program / no-credit statement / incidental
content/mini-split-air-conditioners/cassette-ceiling-air-conditioners.mdx,61,"- The federal 25C/25D tax credits expired Dec 31, 2025 (OBBBA). For 2026 installs, factor in state and utility rebates instead.",OTHER,OK — FAQ question / URL / label / state-program / no-credit statement / incidental
content/mini-split-air-conditioners/cassette-ceiling-air-conditioners.mdx,87,"question: ""Are there tax credits available?"",",OTHER,OK — FAQ question / URL / label / state-program / no-credit statement / incidental
content/mini-split-air-conditioners/cassette-ceiling-air-conditioners.mdx,88,"answer: ""The federal Section 25C credit (heat pumps) and Section 25D credit (geothermal/solar/batteries) both expired for property placed in service after Dec 31, 2025 under the OBBBA. For 2026 installs, the active pathways are state and utility rebates (typically $500–$3,000), the IRA HEAR program ",OTHER,OK — FAQ question / URL / label / state-program / no-credit statement / incidental
content/mini-split-air-conditioners/how-much-does-mini-split-cost-to-run.mdx,228,"- **Mini splits save $600–$1,000/year** compared to window AC + electric baseboard heat",OTHER,OK — FAQ question / URL / label / state-program / no-credit statement / incidental
content/mini-split-air-conditioners/mini-split-maintenance-guide.mdx,108,"- The federal 25C/25D tax credits expired Dec 31, 2025 (OBBBA). For 2026 installs, factor in state and utility rebates instead.",OTHER,OK — FAQ question / URL / label / state-program / no-credit statement / incidental
content/mini-split-air-conditioners/best-mini-split-for-garage.mdx,69,"| 2 | MrCool DIY 4th Gen 24K | 24,000 | `PENDING-RESEARCH` | $1,500–$2,000 | Large garages, DIY |",OTHER,OK — FAQ question / URL / label / state-program / no-credit statement / incidental
content/mini-split-air-conditioners/best-mini-split-for-garage.mdx,72,"| 5 | Fujitsu RLS3 18K | 18,000 | `PENDING-RESEARCH` | $1,600–$2,000 | Premium, quiet |",OTHER,OK — FAQ question / URL / label / state-program / no-credit statement / incidental
content/mini-split-air-conditioners/best-mini-split-for-garage.mdx,82,"- The federal 25C/25D tax credits expired Dec 31, 2025 (OBBBA). For 2026 installs, factor in state and utility rebates instead.",OTHER,OK — FAQ question / URL / label / state-program / no-credit statement / incidental
content/mini-split-air-conditioners/best-mini-split-for-garage.mdx,108,"question: ""Are there tax credits available?"",",OTHER,OK — FAQ question / URL / label / state-program / no-credit statement / incidental
content/mini-split-air-conditioners/best-mini-split-for-garage.mdx,109,"answer: ""The federal Section 25C credit (heat pumps) and Section 25D credit (geothermal/solar/batteries) both expired for property placed in service after Dec 31, 2025 under the OBBBA. For 2026 installs, the active pathways are state and utility rebates (typically $500–$3,000), the IRA HEAR program ",OTHER,OK — FAQ question / URL / label / state-program / no-credit statement / incidental
content/mini-split-air-conditioners/ac-dry-mode-vs-dehumidifier.mdx,64,"- The federal 25C/25D tax credits expired Dec 31, 2025 (OBBBA). For 2026 installs, factor in state and utility rebates instead.",OTHER,OK — FAQ question / URL / label / state-program / no-credit statement / incidental
content/mini-split-air-conditioners/ac-dry-mode-vs-dehumidifier.mdx,90,"question: ""Are there tax credits available?"",",OTHER,OK — FAQ question / URL / label / state-program / no-credit statement / incidental
content/mini-split-air-conditioners/ac-dry-mode-vs-dehumidifier.mdx,91,"answer: ""The federal Section 25C credit (heat pumps) and Section 25D credit (geothermal/solar/batteries) both expired for property placed in service after Dec 31, 2025 under the OBBBA. For 2026 installs, the active pathways are state and utility rebates (typically $500–$3,000), the IRA HEAR program ",OTHER,OK — FAQ question / URL / label / state-program / no-credit statement / incidental
content/mini-split-air-conditioners/best-5-zone-mini-split.mdx,68,"**State + utility rebates (varies):** $1,000–$8,000+ off — the federal 25C/25D credits expired Dec 31, 2025 (OBBBA), so 2026 installs no longer qualify for the federal $2,000 credit; state programs (HEAR, HOMES, utility rebates) are the active pathways.",OTHER,OK — FAQ question / URL / label / state-program / no-credit statement / incidental
content/mini-split-air-conditioners/best-5-zone-mini-split.mdx,81,"| State / utility rebates (varies) | -$500 to -$8,000+ (HEAR / HOMES / utility — federal 25C/25D expired Dec 31, 2025) |",OTHER,OK — FAQ question / URL / label / state-program / no-credit statement / incidental
content/mini-split-air-conditioners/best-5-zone-mini-split.mdx,95,"- The federal 25C/25D tax credits expired Dec 31, 2025 (OBBBA). For 2026 installs, factor in state and utility rebates instead.",OTHER,OK — FAQ question / URL / label / state-program / no-credit statement / incidental
content/mini-split-air-conditioners/best-5-zone-mini-split.mdx,102,"answer: ""A 5-zone mini split system costs $10,000–$18,000 professionally installed, depending on brand tier and installation complexity. DIY options like MrCool reduce costs by $3,000–$6,000. The federal 25C/25D tax credits expired Dec 31, 2025 (OBBBA) — for 2026 installs, state and utility rebates ",OTHER,OK — FAQ question / URL / label / state-program / no-credit statement / incidental
content/mini-split-air-conditioners/best-4-zone-mini-split.mdx,67,"**State + utility rebates (varies):** $1,000–$8,000+ off — the federal 25C/25D credits expired Dec 31, 2025 (OBBBA), so 2026 installs no longer qualify for the federal $2,000 credit; state programs (HEAR, HOMES, utility rebates) are the active pathways.",OTHER,OK — FAQ question / URL / label / state-program / no-credit statement / incidental
content/mini-split-air-conditioners/best-4-zone-mini-split.mdx,80,"| State / utility rebates (varies) | -$500 to -$8,000+ (HEAR / HOMES / utility — federal 25C/25D expired Dec 31, 2025) |",OTHER,OK — FAQ question / URL / label / state-program / no-credit statement / incidental
content/mini-split-air-conditioners/best-4-zone-mini-split.mdx,94,"- The federal 25C/25D tax credits expired Dec 31, 2025 (OBBBA). For 2026 installs, factor in state and utility rebates instead.",OTHER,OK — FAQ question / URL / label / state-program / no-credit statement / incidental
content/mini-split-air-conditioners/best-4-zone-mini-split.mdx,101,"answer: ""A 4-zone mini split system costs $8,000–$14,000 professionally installed, depending on brand tier and installation complexity. DIY options like MrCool reduce costs by $3,000–$6,000. The federal 25C/25D tax credits expired Dec 31, 2025 (OBBBA) — for 2026 installs, state and utility rebates (",OTHER,OK — FAQ question / URL / label / state-program / no-credit statement / incidental
content/mini-split-air-conditioners/what-is-a-mini-split.mdx,29,"Mini splits have been the dominant HVAC technology in Asia, Europe, and South America for decades. They're now the fastest-growing segment of the US HVAC market, driven by superior efficiency, falling prices, state and utility rebates (the federal 25C/25D tax credits expired Dec 31, 2025 under the O",OTHER,OK — FAQ question / URL / label / state-program / no-credit statement / incidental
content/mini-split-air-conditioners/what-is-a-mini-split.mdx,43,"| Typical cost (12K BTU) | $1,500–$4,500 installed | $3,500–$7,500 (with ducts) | $200–$600 | $300–$700 |",OTHER,OK — FAQ question / URL / label / state-program / no-credit statement / incidental
content/mini-split-air-conditioners/what-is-a-mini-split.mdx,110,"| Cost per zone | $1,500–$4,500 | $2,000–$3,500 |",OTHER,OK — FAQ question / URL / label / state-program / no-credit statement / incidental
content/mini-split-air-conditioners/what-is-a-mini-split.mdx,166,"answer: ""Mini splits are permanently installed, dramatically quieter (19–30 dB vs 50–60 dB), 50–70% more energy efficient, don't block windows, provide both cooling and heating, and last 15–20 years vs 5–10 years for window units. Window ACs are cheaper upfront ($200–$600 vs $1,500–$4,500 installed)",OTHER,OK — FAQ question / URL / label / state-program / no-credit statement / incidental
content/mini-split-air-conditioners/what-is-a-mini-split.mdx,190,"answer: ""Equipment alone: $600–$2,600 depending on brand and size. Professionally installed (single zone): $1,500–$4,500. DIY installed: $800–$2,000. Multi-zone systems: $4,000–$18,000 installed. The federal 25C/25D tax credits expired Dec 31, 2025 (OBBBA) — for 2026 installs, state and utility reba",OTHER,OK — FAQ question / URL / label / state-program / no-credit statement / incidental
content/mini-split-air-conditioners/mrcool-diy-mini-split-review.mdx,48,"| DIY-24-HP-WM-C-230C | 24,000 | 19.0 | 9.0 | 11.0 | -4°F | 29 dB | 55 dB | $1,500–$2,000 |",OTHER,OK — FAQ question / URL / label / state-program / no-credit statement / incidental
content/mini-split-air-conditioners/mrcool-diy-mini-split-review.mdx,55,"| DIY-12-HP-WM-230B | 12,000 | 20.0 | 9.0 | 5°F | 27 dB | $900–$1,200 |",OTHER,OK — FAQ question / URL / label / state-program / no-credit statement / incidental
content/mini-split-air-conditioners/mrcool-diy-mini-split-review.mdx,150,"Industry data suggests MrCool units have a higher refrigerant leak rate (8–12% over 10 years) compared to professionally installed brazed systems (2–5%). A refrigerant leak means reduced cooling/heating performance, potential compressor damage, and a repair bill of $200–$600.",OTHER,OK — FAQ question / URL / label / state-program / no-credit statement / incidental
content/mini-split-air-conditioners/mrcool-diy-mini-split-review.mdx,172,| Refrigerant leak (quick-connect) | 5–8% | $200–$600 |,OTHER,OK — FAQ question / URL / label / state-program / no-credit statement / incidental
content/mini-split-air-conditioners/best-2-zone-mini-split.mdx,64,"**State + utility rebates (varies):** $500–$5,000+ off — the federal 25C/25D credits expired Dec 31, 2025 (OBBBA), so 2026 installs no longer qualify for the federal $2,000 credit; state programs (HEAR, HOMES, utility rebates) are the active pathways.",OTHER,OK — FAQ question / URL / label / state-program / no-credit statement / incidental
content/mini-split-air-conditioners/best-2-zone-mini-split.mdx,77,"| State / utility rebates (varies) | -$500 to -$5,000+ (HEAR / HOMES / utility — federal 25C/25D expired Dec 31, 2025) |",OTHER,OK — FAQ question / URL / label / state-program / no-credit statement / incidental
content/mini-split-air-conditioners/best-2-zone-mini-split.mdx,91,"- The federal 25C/25D tax credits expired Dec 31, 2025 (OBBBA). For 2026 installs, factor in state and utility rebates instead.",OTHER,OK — FAQ question / URL / label / state-program / no-credit statement / incidental
content/mini-split-air-conditioners/best-2-zone-mini-split.mdx,98,"answer: ""A 2-zone mini split system costs $4,000–$8,000 professionally installed, depending on brand tier and installation complexity. DIY options like MrCool reduce costs by $3,000–$6,000. The federal 25C/25D tax credits expired Dec 31, 2025 (OBBBA) — for 2026 installs, state and utility rebates (H",OTHER,OK — FAQ question / URL / label / state-program / no-credit statement / incidental
content/mini-split-air-conditioners/mini-split-line-set-covers.mdx,62,"- The federal 25C/25D tax credits expired Dec 31, 2025 (OBBBA). For 2026 installs, factor in state and utility rebates instead.",OTHER,OK — FAQ question / URL / label / state-program / no-credit statement / incidental
content/mini-split-air-conditioners/mini-split-line-set-covers.mdx,88,"question: ""Are there tax credits available?"",",OTHER,OK — FAQ question / URL / label / state-program / no-credit statement / incidental
content/mini-split-air-conditioners/mini-split-line-set-covers.mdx,89,"answer: ""The federal Section 25C credit (heat pumps) and Section 25D credit (geothermal/solar/batteries) both expired for property placed in service after Dec 31, 2025 under the OBBBA. For 2026 installs, the active pathways are state and utility rebates (typically $500–$3,000), the IRA HEAR program ",OTHER,OK — FAQ question / URL / label / state-program / no-credit statement / incidental
content/mini-split-air-conditioners/best-3-zone-mini-split.mdx,65,"**State + utility rebates (varies):** $500–$5,000+ off — the federal 25C/25D credits expired Dec 31, 2025 (OBBBA), so 2026 installs no longer qualify for the federal $2,000 credit; state programs (HEAR, HOMES, utility rebates) are the active pathways.",OTHER,OK — FAQ question / URL / label / state-program / no-credit statement / incidental
content/mini-split-air-conditioners/best-3-zone-mini-split.mdx,75,"| Materials (line sets, covers) | $600–$1,050 |",OTHER,OK — FAQ question / URL / label / state-program / no-credit statement / incidental
content/mini-split-air-conditioners/best-3-zone-mini-split.mdx,78,"| State / utility rebates (varies) | -$500 to -$8,000+ (HEAR / HOMES / utility — federal 25C/25D expired Dec 31, 2025) |",OTHER,OK — FAQ question / URL / label / state-program / no-credit statement / incidental
content/mini-split-air-conditioners/best-3-zone-mini-split.mdx,92,"- The federal 25C/25D tax credits expired Dec 31, 2025 (OBBBA). For 2026 installs, factor in state and utility rebates instead.",OTHER,OK — FAQ question / URL / label / state-program / no-credit statement / incidental
content/mini-split-air-conditioners/best-3-zone-mini-split.mdx,99,"answer: ""A 3-zone mini split system costs $6,000–$11,000 professionally installed, depending on brand tier and installation complexity. DIY options like MrCool reduce costs by $3,000–$6,000. The federal 25C/25D tax credits expired Dec 31, 2025 (OBBBA) — for 2026 installs, state and utility rebates (",OTHER,OK — FAQ question / URL / label / state-program / no-credit statement / incidental
content/mini-split-air-conditioners/mini-split-air-conditioners.mdx,35,"Mini split air conditioners deliver targeted heating and cooling to individual rooms without ductwork, operating at 25–40% higher efficiency than conventional central HVAC systems. A single-zone mini split costs $1,500–$4,500 installed, runs on 500–1,500 watts, and can cut your energy bills by $500–",OTHER,OK — FAQ question / URL / label / state-program / no-credit statement / incidental
content/mini-split-air-conditioners/mini-split-air-conditioners.mdx,192,"| Single-zone 24K | 24,000 | $1,200–$2,800 | $2,800–$5,500 |",OTHER,OK — FAQ question / URL / label / state-program / no-credit statement / incidental
content/mini-split-air-conditioners/mini-split-air-conditioners.mdx,194,"| 2-zone | 18,000–24,000 | $2,000–$4,000 | $4,000–$8,000 |",OTHER,OK — FAQ question / URL / label / state-program / no-credit statement / incidental
content/mini-split-air-conditioners/mini-split-air-conditioners.mdx,210,"| Electrical connection | $200–$600 | Dedicated circuit, disconnect, wiring |",OTHER,OK — FAQ question / URL / label / state-program / no-credit statement / incidental
content/mini-split-air-conditioners/mini-split-air-conditioners.mdx,263,"**Best budget option:** Senville LETO SENL-12CD. Per the manufacturer spec sheet, 21.2/21.3 SEER2 with R-454B refrigerant and a 10-year compressor + parts warranty, at $600–$900 for the equipment. The catch: thinner copper, louder operation (28 dB indoor minimum), and less responsive tech support th",OTHER,OK — FAQ question / URL / label / state-program / no-credit statement / incidental
content/mini-split-air-conditioners/mini-split-air-conditioners.mdx,391,## Tax Credits and Rebates (2026),OTHER,OK — FAQ question / URL / label / state-program / no-credit statement / incidental
content/mini-split-air-conditioners/mini-split-air-conditioners.mdx,393,"**Federal Section 25C tax credit — EXPIRED for installs after Dec 31, 2025.** The federal 25C credit (which covered up to $2,000 per year for qualifying heat pump installations meeting CEE Tier 1 or higher efficiency thresholds: SEER2 16+, EER2 12+, HSPF2 9+) expired under the OBBBA (PL 119-21, sign",EXPIRED_FRAMED,OK — explicit past-tense / OBBBA-expired / negative-eligibility sentence
content/mini-split-air-conditioners/mini-split-air-conditioners.mdx,399,"**State and utility rebates:** Many states and utilities offer additional rebates of $200–$2,000 for qualifying mini split heat pump installations. Check the DSIRE database (dsireusa.org) for incentives in your area.",OTHER,OK — FAQ question / URL / label / state-program / no-credit statement / incidental
content/mini-split-air-conditioners/mini-split-air-conditioners.mdx,402,"**Don't leave money on the table.** The federal 25C/25D tax credits expired Dec 31, 2025 (OBBBA) — but the IRA HEAR rebate (income-qualified up to $8,000), HOMES (open to all incomes, performance-based), and state/utility incentives are still active and can offset 30–60% of a 2026 mini split install",OTHER,OK — FAQ question / URL / label / state-program / no-credit statement / incidental
content/mini-split-air-conditioners/mini-split-air-conditioners.mdx,415,"- **Federal 25C tax credit expired** for installs after Dec 31, 2025 (OBBBA); for 2026, IRA HEAR (income-qualified, up to $8,000) and HOMES (open to all incomes, performance-based) plus state/utility rebates remain the active pathways",OTHER,OK — FAQ question / URL / label / state-program / no-credit statement / incidental
content/mini-split-air-conditioners/mini-split-air-conditioners.mdx,470,"{ label: ""IRS — Energy Efficient Home Improvement Credit (25C)"", url: ""https://www.irs.gov/credits-deductions/energy-efficient-home-improvement-credit"" },",OTHER,OK — FAQ question / URL / label / state-program / no-credit statement / incidental
content/mini-split-air-conditioners/mini-split-installation-cost.mdx,20,"- label: ""IRS — Energy Efficient Home Improvement Credit (25C)""",OTHER,OK — FAQ question / URL / label / state-program / no-credit statement / incidental
content/mini-split-air-conditioners/mini-split-installation-cost.mdx,28,"A single-zone mini split costs $1,500–$4,500 fully installed in 2026, with the national average at $3,000. Multi-zone systems run $4,000–$18,000 depending on the number of zones and brand tier. DIY installation of a MrCool or Senville unit cuts the total to $800–$2,000 by eliminating $1,000–$3,000 i",OTHER,OK — FAQ question / URL / label / state-program / no-credit statement / incidental
content/mini-split-air-conditioners/mini-split-installation-cost.mdx,30,"These prices include equipment, labor, materials, and basic electrical work. Below you'll find a line-item cost breakdown for every component, plus real-world pricing for single-zone, multi-zone, and DIY scenarios. We also cover the tax credits and rebates that can reduce your out-of-pocket cost by ",OTHER,OK — FAQ question / URL / label / state-program / no-credit statement / incidental
content/mini-split-air-conditioners/mini-split-installation-cost.mdx,36,| System Configuration | Equipment Cost | Labor Cost | Total Installed | After Tax Credits* |,OTHER,OK — FAQ question / URL / label / state-program / no-credit statement / incidental
content/mini-split-air-conditioners/mini-split-installation-cost.mdx,38,"| Single-zone 9K (budget) | $600–$1,000 | $800–$1,500 | $1,400–$2,500 | $1,400–$2,500 |",OTHER,OK — FAQ question / URL / label / state-program / no-credit statement / incidental
content/mini-split-air-conditioners/mini-split-installation-cost.mdx,39,"| Single-zone 12K (mid-tier) | $900–$1,600 | $1,000–$2,000 | $1,900–$3,600 | $1,900–$3,600 |",OTHER,OK — FAQ question / URL / label / state-program / no-credit statement / incidental
content/mini-split-air-conditioners/mini-split-installation-cost.mdx,40,"| Single-zone 12K (premium) | $1,400–$2,200 | $1,200–$2,500 | $2,600–$4,700 | $600–$2,700 |",OTHER,OK — FAQ question / URL / label / state-program / no-credit statement / incidental
content/mini-split-air-conditioners/mini-split-installation-cost.mdx,41,"| Single-zone 24K (mid-tier) | $1,200–$2,200 | $1,200–$2,200 | $2,400–$4,400 | $400–$2,400 |",OTHER,OK — FAQ question / URL / label / state-program / no-credit statement / incidental
content/mini-split-air-conditioners/mini-split-installation-cost.mdx,42,"| 2-zone (mid-tier) | $2,000–$3,500 | $2,000–$3,500 | $4,000–$7,000 | $2,000–$5,000 |",OTHER,OK — FAQ question / URL / label / state-program / no-credit statement / incidental
content/mini-split-air-conditioners/mini-split-installation-cost.mdx,47,"| DIY single-zone 12K + electrician | $800–$1,500 | $200–$500 | $1,000–$2,000 | $1,000–$2,000 |",OTHER,OK — FAQ question / URL / label / state-program / no-credit statement / incidental
content/mini-split-air-conditioners/mini-split-installation-cost.mdx,49,"*Note: the federal 25C/25D tax credits expired Dec 31, 2025 under the OBBBA. For 2026 installs, state and utility rebates (HEAR, HOMES, local utility programs) are the active pathways.",OTHER,OK — FAQ question / URL / label / state-program / no-credit statement / incidental
content/mini-split-air-conditioners/mini-split-installation-cost.mdx,80,| Dedicated 240V circuit (20A) | $300–$600 | Licensed electrician | Required for most mini splits |,OTHER,OK — FAQ question / URL / label / state-program / no-credit statement / incidental
content/mini-split-air-conditioners/mini-split-installation-cost.mdx,117,"| Slim duct (concealed) install | +$400–$1,200 | Ductwork, ceiling modifications |",OTHER,OK — FAQ question / URL / label / state-program / no-credit statement / incidental
content/mini-split-air-conditioners/mini-split-installation-cost.mdx,131,"| Labor (installation) | $1,200 |",OTHER,OK — FAQ question / URL / label / state-program / no-credit statement / incidental
content/mini-split-air-conditioners/mini-split-installation-cost.mdx,136,"| Federal 25C tax credit | $0 (expired Dec 31, 2025 — OBBBA) |",EXPIRED_FRAMED,OK — explicit past-tense / OBBBA-expired / negative-eligibility sentence
content/mini-split-air-conditioners/mini-split-installation-cost.mdx,149,"| Electrical (dedicated circuit, disconnect) | $600 |",OTHER,OK — FAQ question / URL / label / state-program / no-credit statement / incidental
content/mini-split-air-conditioners/mini-split-installation-cost.mdx,150,"| Materials (3 line sets, covers, supplies) | $600 |",OTHER,OK — FAQ question / URL / label / state-program / no-credit statement / incidental
content/mini-split-air-conditioners/mini-split-installation-cost.mdx,154,"| Federal 25C tax credit | $0 (expired Dec 31, 2025 — OBBBA) |",EXPIRED_FRAMED,OK — explicit past-tense / OBBBA-expired / negative-eligibility sentence
content/mini-split-air-conditioners/mini-split-installation-cost.mdx,172,"| Federal 25C tax credit | $0 (expired Dec 31, 2025 — OBBBA; also: DIY installs typically didn't qualify even under pre-expiration 25C, which required professional installation) |",EXPIRED_FRAMED,OK — explicit past-tense / OBBBA-expired / negative-eligibility sentence
content/mini-split-air-conditioners/mini-split-installation-cost.mdx,184,"| Materials (5 line sets, covers, pumps, supplies) | $1,200 |",OTHER,OK — FAQ question / URL / label / state-program / no-credit statement / incidental
content/mini-split-air-conditioners/mini-split-installation-cost.mdx,188,"| Federal 25C tax credit | $0 (expired Dec 31, 2025 — OBBBA) |",EXPIRED_FRAMED,OK — explicit past-tense / OBBBA-expired / negative-eligibility sentence
content/mini-split-air-conditioners/mini-split-installation-cost.mdx,194,## Tax Credits and Rebates (2026),OTHER,OK — FAQ question / URL / label / state-program / no-credit statement / incidental
content/mini-split-air-conditioners/mini-split-installation-cost.mdx,196,"### Federal Tax Credit (25C — EXPIRED for installs after Dec 31, 2025)",OTHER,OK — FAQ question / URL / label / state-program / no-credit statement / incidental
content/mini-split-air-conditioners/mini-split-installation-cost.mdx,198,"The federal Section 25C Energy Efficient Home Improvement Credit (which covered up to **$2,000 per year** for qualifying heat pump installations) **expired for property placed in service after Dec 31, 2025** under the OBBBA (PL 119-21, signed July 4, 2025). The credit no longer applies to 2026 insta",EXPIRED_FRAMED,OK — explicit past-tense / OBBBA-expired / negative-eligibility sentence
content/mini-split-air-conditioners/mini-split-installation-cost.mdx,207,"If you installed a qualifying heat pump in 2024 or 2025 and didn't claim the 25C credit, you can typically file an amended return (Form 1040-X) to claim it. 25C does NOT allow carryforward of an unused credit.",EXPIRED_FRAMED,OK — explicit past-tense / OBBBA-expired / negative-eligibility sentence
content/mini-split-air-conditioners/mini-split-installation-cost.mdx,232,"| New York (NYSERDA) | $1,000–$2,000 | Income-qualified up to $14,000 |",OTHER,OK — FAQ question / URL / label / state-program / no-credit statement / incidental
content/mini-split-air-conditioners/mini-split-installation-cost.mdx,238,"**Stack your 2026 incentives.** The federal 25C credit ($2,000) is no longer available for 2026 installs (expired Dec 31, 2025 — OBBBA). For 2026, you can combine IRA HEAR rebates (up to $8,000, income-qualified) with IRA HOMES rebates (performance-based, open to all incomes) plus state/utility reba",OTHER,OK — FAQ question / URL / label / state-program / no-credit statement / incidental
content/mini-split-air-conditioners/mini-split-installation-cost.mdx,245,"| Equipment cost (12K) | $800–$1,500 | $1,000–$2,000 |",OTHER,OK — FAQ question / URL / label / state-program / no-credit statement / incidental
content/mini-split-air-conditioners/mini-split-installation-cost.mdx,246,"| Installation labor | $0 (your time: 4–8 hrs) | $1,200–$2,500 |",OTHER,OK — FAQ question / URL / label / state-program / no-credit statement / incidental
content/mini-split-air-conditioners/mini-split-installation-cost.mdx,248,"| Total installed | $1,000–$2,000 | $2,200–$4,500 |",OTHER,OK — FAQ question / URL / label / state-program / no-credit statement / incidental
content/mini-split-air-conditioners/mini-split-installation-cost.mdx,279,"- **Federal 25C tax credit expired** for installs after Dec 31, 2025 (OBBBA); for 2026 installs the active federal pathways are **IRA HEAR** (income-qualified, up to $8,000) and **IRA HOMES** (open to all incomes, performance-based)",EXPIRED_FRAMED,OK — explicit past-tense / OBBBA-expired / negative-eligibility sentence
content/mini-split-air-conditioners/mini-split-installation-cost.mdx,281,"- **Best value strategy (2026):** Mid-tier brand (Fujitsu/LG) + off-season install + stacked state/utility rebates + IRA HEAR or HOMES = $1,500–$3,000 net cost for a single zone (no 25C piece anymore)",OTHER,OK — FAQ question / URL / label / state-program / no-credit statement / incidental
content/mini-split-air-conditioners/mini-split-installation-cost.mdx,288,"answer: ""A single-zone mini split costs $1,500–$4,500 to install professionally, with the national average around $3,000 in 2026. This includes the equipment, labor, electrical work, materials, and basic permits. Multi-zone systems cost $4,000–$18,000 depending on the number of zones. DIY installati",OTHER,OK — FAQ question / URL / label / state-program / no-credit statement / incidental
content/mini-split-air-conditioners/mini-split-installation-cost.mdx,296,"answer: ""The cheapest route is a DIY MrCool or Senville single-zone unit purchased online ($600–$1,300), self-installed (4–8 hours of your time), with only an electrician for the dedicated circuit ($200–$500). Total cost: $800–$1,800. For even lower cost, the Senville SENL-12CD at $600–$800 is the c",OTHER,OK — FAQ question / URL / label / state-program / no-credit statement / incidental
content/mini-split-air-conditioners/mini-split-installation-cost.mdx,315,"question: ""What tax credits are available for mini split installation in 2026?"",",OTHER,OK — FAQ question / URL / label / state-program / no-credit statement / incidental
content/mini-split-air-conditioners/mini-split-installation-cost.mdx,316,"answer: ""The federal Section 25C credit (heat pumps) and Section 25D credit (geothermal/solar/batteries) both expired for property placed in service after Dec 31, 2025 under the OBBBA — there is no federal 25C credit for 2026 installs. Active 2026 pathways: income-qualified IRA HEAR rebates up to $8",OTHER,OK — FAQ question / URL / label / state-program / no-credit statement / incidental
content/mini-split-air-conditioners/mini-split-installation-cost.mdx,320,"answer: ""Yes, significantly. Equipment cost is the biggest brand-dependent variable. A Senville 12K unit costs $600–$900 while a Mitsubishi 12K costs $1,500–$2,200 — a $900–$1,300 difference in equipment alone. Premium brands also tend to have higher labor costs because they require brand-certified ",OTHER,OK — FAQ question / URL / label / state-program / no-credit statement / incidental
content/mini-split-air-conditioners/daikin-mini-split-reviews.mdx,100,"- The federal Section 25C credit expired for installs after Dec 31, 2025. For 2026 installs, look at state and utility rebates and the IRA HOMES/HEAR programs instead.",OTHER,OK — FAQ question / URL / label / state-program / no-credit statement / incidental
content/mini-split-air-conditioners/mini-split-vs-central-air.mdx,63,"| Annual cooling cost (2,000 sq ft) | $250–$400 | $400–$600 | $450–$650 | $650–$900 |",OTHER,OK — FAQ question / URL / label / state-program / no-credit statement / incidental
content/mini-split-air-conditioners/mini-split-vs-central-air.mdx,64,"| Annual heating cost (heat pump) | $300–$500 | $500–$800 | $550–$800 | $800–$1,200 |",OTHER,OK — FAQ question / URL / label / state-program / no-credit statement / incidental
content/mini-split-air-conditioners/mini-split-vs-central-air.mdx,112,- Electrical: $600,OTHER,OK — FAQ question / URL / label / state-program / no-credit statement / incidental
content/mini-split-air-conditioners/mini-split-vs-central-air.mdx,114,"- After typical state + utility rebates ($500–$5,000): **$5,900–$10,400** (federal 25C/25D expired Dec 31, 2025)",OTHER,OK — FAQ question / URL / label / state-program / no-credit statement / incidental
content/mini-split-air-conditioners/mini-split-vs-central-air.mdx,121,"- After typical state + utility rebates ($500–$5,000): **$9,800–$14,300** (federal 25C/25D expired Dec 31, 2025)",OTHER,OK — FAQ question / URL / label / state-program / no-credit statement / incidental
content/mini-split-air-conditioners/mini-split-vs-central-air.mdx,134,"- After typical state + utility rebates ($1,000–$8,000+, e.g. Mass Save): **$7,300–$14,300** (federal 25C/25D expired Dec 31, 2025)",OTHER,OK — FAQ question / URL / label / state-program / no-credit statement / incidental
content/mini-split-air-conditioners/mini-split-vs-central-air.mdx,140,"- After typical state + utility rebates ($500–$3,000): **$6,000–$8,500** (federal 25C/25D expired Dec 31, 2025)",OTHER,OK — FAQ question / URL / label / state-program / no-credit statement / incidental
content/mini-split-air-conditioners/mini-split-vs-central-air.mdx,238,"| Additional cost for heating | $0 (included) | $2,000–$5,000 (furnace) |",OTHER,OK — FAQ question / URL / label / state-program / no-credit statement / incidental
content/mini-split-air-conditioners/mini-split-vs-central-air.mdx,244,"**Bottom line:** Mini splits deliver heating and cooling in one system at higher efficiency. Central air requires a separate furnace, adding $2,000–$5,000 to the install cost. In moderate climates, a mini split heat pump can replace both the AC and the furnace — potentially saving $5,000–$10,000 ove",OTHER,OK — FAQ question / URL / label / state-program / no-credit statement / incidental
content/mini-split-air-conditioners/mini-split-vs-central-air.mdx,272,"**Mini split (3-zone Fujitsu):** $9,500 installed. SEER2 25, HSPF2 11. Annual energy cost: ~$650. Provides heating and cooling. No ductwork needed. After typical state + utility rebates: $5,500–$8,500 (federal 25C/25D expired Dec 31, 2025).",OTHER,OK — FAQ question / URL / label / state-program / no-credit statement / incidental
content/mini-split-air-conditioners/mini-split-vs-central-air.mdx,274,"**Central air + ductwork:** $16,000 installed. SEER2 16, plus existing gas furnace. Annual energy cost: ~$950. After typical state + utility rebates: $13,000–$15,500 (federal 25C/25D expired Dec 31, 2025).",OTHER,OK — FAQ question / URL / label / state-program / no-credit statement / incidental
content/mini-split-air-conditioners/mini-split-vs-central-air.mdx,282,"**Mini split (5-zone Daikin):** $16,000 installed. SEER2 22, HSPF2 11. Annual energy cost: ~$800. After typical state + utility rebates: $11,000–$15,000 (federal 25C/25D expired Dec 31, 2025).",OTHER,OK — FAQ question / URL / label / state-program / no-credit statement / incidental
content/mini-split-air-conditioners/mini-split-vs-central-air.mdx,284,"**Central air replacement (Carrier 18 SEER2 heat pump):** $9,500 installed, including duct sealing. Annual energy cost: ~$1,050. After typical state + utility rebates: $7,500–$9,000 (federal 25C/25D expired Dec 31, 2025).",OTHER,OK — FAQ question / URL / label / state-program / no-credit statement / incidental
content/mini-split-air-conditioners/smallest-mini-splits.mdx,36,"| Mitsubishi | MSZ-FH09 | 9,000 | 33.1 | 19 dB | $1,600–$2,000 | Best overall small unit |",OTHER,OK — FAQ question / URL / label / state-program / no-credit statement / incidental
content/mini-split-air-conditioners/smallest-mini-splits.mdx,38,"| Fujitsu | RLS3H 09 | 9,000 | 33.0 | 19 dB | $1,200–$1,600 | Best value premium |",OTHER,OK — FAQ question / URL / label / state-program / no-credit statement / incidental
content/mini-split-air-conditioners/smallest-mini-splits.mdx,40,"| Mitsubishi | MSZ-GL06 | 6,000 | 24.0 | 22 dB | $1,200–$1,600 | Smallest available |",OTHER,OK — FAQ question / URL / label / state-program / no-credit statement / incidental
content/mini-split-air-conditioners/smallest-mini-splits.mdx,66,"- The federal 25C credit (up to $2,000) expired for installs after Dec 31, 2025 (OBBBA); for 2026 installs, state and utility rebates plus IRA HEAR / HOMES are the active pathways",OTHER,OK — FAQ question / URL / label / state-program / no-credit statement / incidental
content/mini-split-air-conditioners/smallest-mini-splits.mdx,92,"question: ""Are there tax credits available?"",",OTHER,OK — FAQ question / URL / label / state-program / no-credit statement / incidental
content/mini-split-air-conditioners/smallest-mini-splits.mdx,93,"answer: ""The federal Section 25C credit (heat pumps) and Section 25D credit (geothermal/solar/batteries) both expired for property placed in service after Dec 31, 2025 under the OBBBA. For 2026 installs, the active pathways are state and utility rebates (typically $500–$3,000), the IRA HEAR program ",OTHER,OK — FAQ question / URL / label / state-program / no-credit statement / incidental
content/mini-split-air-conditioners/best-diy-mini-splits.mdx,38,"| 1 | MrCool DIY 4th Gen | Easy (3/10) | 22.0 | No | Pre-charged quick-connect | $1,100–$1,500 | $1,300–$2,000 |",OTHER,OK — FAQ question / URL / label / state-program / no-credit statement / incidental
content/mini-split-air-conditioners/best-diy-mini-splits.mdx,39,"| 2 | MrCool DIY 3rd Gen | Easy (3/10) | 20.0 | No | Pre-charged quick-connect | $900–$1,200 | $1,100–$1,700 |",OTHER,OK — FAQ question / URL / label / state-program / no-credit statement / incidental
content/mini-split-air-conditioners/best-diy-mini-splits.mdx,40,"| 3 | Senville LETO SENL-12CD | Moderate (5/10) | 21.2–21.3 | Basic (flare wrench) | Pre-charged, flare | $600–$900 | $800–$1,400 |",OTHER,OK — FAQ question / URL / label / state-program / no-credit statement / incidental
content/mini-split-air-conditioners/best-diy-mini-splits.mdx,91,"**Why it ranks here:** At $600–$900 for a 12K unit, Senville is the cheapest mini split that still delivers functional performance — and per the Senville LETO spec sheet, the SENL-12CD is rated **21.2–21.3 SEER2** with R-454B refrigerant and a **10-year compressor + 10-year parts** warranty. Some mo",OTHER,OK — FAQ question / URL / label / state-program / no-credit statement / incidental
content/mini-split-air-conditioners/best-diy-mini-splits.mdx,145,"- **Senville LETO SENL-12CD is cheapest** at $600–$900 with surprisingly strong specs (21.2–21.3 SEER2, R-454B, 10/10 warranty per the manufacturer spec sheet); trade-offs are noise (28 dB) and flare connections",OTHER,OK — FAQ question / URL / label / state-program / no-credit statement / incidental
content/mini-split-air-conditioners/best-diy-mini-splits.mdx,168,"answer: ""The absolute cheapest: a Senville SENL-12CD ($600–$800) DIY installed, plus an electrician for the circuit ($200–$400). Total: $800–$1,200. The best value: a MrCool DIY 4th Gen 12K ($1,100–$1,500) DIY installed plus electrician ($200–$400). Total: $1,300–$1,900, with significantly better ef",OTHER,OK — FAQ question / URL / label / state-program / no-credit statement / incidental
content/mini-split-air-conditioners/mrcool-3rd-gen-vs-4th-gen.mdx,55,"| Equipment price | $900–$1,200 | $1,100–$1,500 | +$200–$300 |",OTHER,OK — FAQ question / URL / label / state-program / no-credit statement / incidental
content/mini-split-air-conditioners/mrcool-3rd-gen-vs-4th-gen.mdx,61,"| 12K | 20.0 | 22.0 | $900–$1,200 | $1,100–$1,500 | +$200–$300 |",OTHER,OK — FAQ question / URL / label / state-program / no-credit statement / incidental
content/mini-split-air-conditioners/mrcool-3rd-gen-vs-4th-gen.mdx,63,"| 24K | 17.5 | 19.0 | $1,300–$1,700 | $1,500–$2,000 | +$200–$300 |",OTHER,OK — FAQ question / URL / label / state-program / no-credit statement / incidental
content/mini-split-air-conditioners/mrcool-3rd-gen-vs-4th-gen.mdx,91,"- The federal **25C tax credit (up to $2,000) expired** for installs after Dec 31, 2025 under the OBBBA; state and utility rebates plus IRA HEAR / HOMES programs remain the active 2026 federal pathways.",OTHER,OK — FAQ question / URL / label / state-program / no-credit statement / incidental
content/mini-split-air-conditioners/mrcool-3rd-gen-vs-4th-gen.mdx,117,"question: ""Are there tax credits available?"",",OTHER,OK — FAQ question / URL / label / state-program / no-credit statement / incidental
content/mini-split-air-conditioners/mrcool-3rd-gen-vs-4th-gen.mdx,118,"answer: ""The federal Section 25C credit (heat pumps) and Section 25D credit (geothermal/solar/batteries) both expired for property placed in service after Dec 31, 2025 under the OBBBA. For 2026 installs, the active pathways are state and utility rebates (typically $500–$3,000), the IRA HEAR program ",OTHER,OK — FAQ question / URL / label / state-program / no-credit statement / incidental
content/mini-split-air-conditioners/mini-split-brands-ranked.mdx,87,| Price | $600–$900 | Distributor listings |,OTHER,OK — FAQ question / URL / label / state-program / no-credit statement / incidental
content/mini-split-air-conditioners/mini-split-brands-ranked.mdx,166,"- **The federal Section 25C credit expired** for installs after Dec 31, 2025. For 2026 installs, state/utility rebates and IRA HOMES/HEAR are the active federal pathways.",OTHER,OK — FAQ question / URL / label / state-program / no-credit statement / incidental
content/mini-split-air-conditioners/mini-split-brands-ranked.mdx,189,"answer: ""Per the Senville LETO spec sheet, the SENL-12CD is rated 21.2-21.3 SEER2 with R-454B refrigerant and a 10-year compressor + 10-year parts warranty — at $600-$900 for the equipment. That's surprisingly strong specs for the price. The trade-offs are build refinement (thinner copper line sets,",OTHER,OK — FAQ question / URL / label / state-program / no-credit statement / incidental
content/mini-split-air-conditioners/mini-split-in-cold-climates.mdx,19,"- **State rebates + IRA HEAR / HOMES** make cold-climate heat pumps affordable in 2026; the federal 25C credit (up to $2,000) expired for installs after Dec 31, 2025 (OBBBA)",OTHER,OK — FAQ question / URL / label / state-program / no-credit statement / incidental
content/mini-split-air-conditioners/mini-split-in-cold-climates.mdx,62,"answer: ""The federal Section 25C credit (which covered up to $2,000 for qualifying heat pumps) expired for installs after Dec 31, 2025 under the OBBBA, so it no longer applies to 2026 installs. State rebate programs remain active and are particularly generous in the Northeast: Maine offers up to $2,",OTHER,OK — FAQ question / URL / label / state-program / no-credit statement / incidental
content/tankless-water-heaters/best-electric-tankless-water-heaters.mdx,92,"[""5"", ""Stiebel Eltron Tempra 29 Plus"", ""29"", ""0.99"", ""4.9"", ""2.2"", ""3× 50A"", ""$600–$800""],",OTHER,OK — FAQ question / URL / label / state-program / no-credit statement / incidental
content/tankless-water-heaters/best-electric-tankless-water-heaters.mdx,156,"At $600–$800, it's the premium option in the mid-range category. The three 50A circuits need #6 AWG wire — slightly more expensive than the #8 AWG used by 40A circuit configurations.",OTHER,OK — FAQ question / URL / label / state-program / no-credit statement / incidental
content/tankless-water-heaters/best-electric-tankless-water-heaters.mdx,179,"**Point-of-use strategy:** Instead of one large whole-home unit, consider multiple point-of-use units at each fixture group. Two ECO 11 units ($600 total) on separate circuits can serve two bathrooms independently, with simpler wiring and no central failure point.",OTHER,OK — FAQ question / URL / label / state-program / no-credit statement / incidental
content/tankless-water-heaters/best-electric-tankless-water-heaters.mdx,216,"A 36 kW unit needs four double-pole 40A breaker slots — that's 8 slots total. Many older panels are full or have only 2–4 open slots. A sub-panel ($300–$600) or main panel upgrade ($1,500–$3,000) may be needed.",OTHER,OK — FAQ question / URL / label / state-program / no-credit statement / incidental
content/tankless-water-heaters/best-electric-tankless-water-heaters.mdx,224,"[""Unit cost"", ""$180–$350"", ""$350–$600"", ""$550–$900""],",OTHER,OK — FAQ question / URL / label / state-program / no-credit statement / incidental
content/tankless-water-heaters/best-electric-tankless-water-heaters.mdx,225,"[""Electrician labor"", ""$200–$400"", ""$400–$800"", ""$600–$1,200""],",OTHER,OK — FAQ question / URL / label / state-program / no-credit statement / incidental
content/tankless-water-heaters/best-electric-tankless-water-heaters.mdx,226,"[""Wire and breakers"", ""$50–$150"", ""$150–$400"", ""$300–$600""],",OTHER,OK — FAQ question / URL / label / state-program / no-credit statement / incidental
content/tankless-water-heaters/best-electric-tankless-water-heaters.mdx,252,"**Install cost:** $1,200 (unit $430, electrician $500, materials $200, permit $70).",OTHER,OK — FAQ question / URL / label / state-program / no-credit statement / incidental
content/tankless-water-heaters/best-tankless-water-heaters.mdx,58,"[""Noritz EZ111"", ""199,900"", ""0.97"", ""11.1"", ""5.3"", ""12yr / 5yr"", ""$1,700–$2,000""],",OTHER,OK — FAQ question / URL / label / state-program / no-credit statement / incidental
content/tankless-water-heaters/best-tankless-water-heaters.mdx,88,**Best for:** Homeowners focused on maximum energy savings and tax credit qualification (UEF ≥ 0.95 requirement).,OTHER,OK — FAQ question / URL / label / state-program / no-credit statement / incidental
content/tankless-water-heaters/best-tankless-water-heaters.mdx,91,"**Tax credit note (EXPIRED):** Through Dec 31, 2025, all three condensing models above qualified for the 30% federal Section 25C tax credit (up to $2,000 per year) because they exceed the 0.95 UEF threshold. On a $1,800 unit, that was a $540 credit — effectively paying for the efficiency premium ove",OTHER,OK — FAQ question / URL / label / state-program / no-credit statement / incidental
content/tankless-water-heaters/best-tankless-water-heaters.mdx,112,The unit is available in both indoor (V94iN) and outdoor (V94eN) configurations. It supports optional recirculation and has a 12-year heat exchanger warranty. The main trade-off vs condensing: you'll spend $200–$500 more on stainless steel venting and lose out on the IRA tax credit.,OTHER,OK — FAQ question / URL / label / state-program / no-credit statement / incidental
content/tankless-water-heaters/best-tankless-water-heaters.mdx,182,"[""Maximum efficiency / tax credit"", ""Noritz EZ111"", ""0.97 UEF — highest in gas category""],",OTHER,OK — FAQ question / URL / label / state-program / no-credit statement / incidental
content/tankless-water-heaters/best-tankless-water-heaters.mdx,212,"headers={[""Model"", ""Unit Cost"", ""Typical Install"", ""Total Installed"", ""After IRA Credit""]}",OTHER,OK — FAQ question / URL / label / state-program / no-credit statement / incidental
content/tankless-water-heaters/best-tankless-water-heaters.mdx,236,"- **Federal 25C credit EXPIRED Dec 31, 2025** under the OBBBA — through that date, gas condensing units (UEF ≥ 0.95) qualified for 30% up to $2,000. For 2026 installs, IRA HEAR (income-qualified, up to $1,750 for water heaters) + state/utility rebates remain.",OTHER,OK — FAQ question / URL / label / state-program / no-credit statement / incidental
content/tankless-water-heaters/best-tankless-water-heaters.mdx,254,"question: ""Do tankless water heaters qualify for federal tax credits in 2026?"",",OTHER,OK — FAQ question / URL / label / state-program / no-credit statement / incidental
content/tankless-water-heaters/best-tankless-water-heaters.mdx,255,"answer: ""No — the federal Section 25C credit (which covered 30% of cost up to $2,000 per year for high-efficiency water heaters with UEF ≥ 0.95) expired for property placed in service after Dec 31, 2025 under the OBBBA (PL 119-21, signed July 4, 2025). Pre-expiration, most gas condensing models and ",OTHER,OK — FAQ question / URL / label / state-program / no-credit statement / incidental
content/tankless-water-heaters/best-tankless-water-heaters.mdx,267,"answer: ""Yes, but budget for installation complexity. A gas-to-gas swap requires upsizing the gas line (from 1/2\"" to 3/4\""), adding proper venting, and possibly relocating the unit. An electric-to-electric swap may require panel upgrades and new dedicated circuits. Plan for $2,000–$4,500 total for ",OTHER,OK — FAQ question / URL / label / state-program / no-credit statement / incidental
content/tankless-water-heaters/best-tankless-water-heaters.mdx,279,"answer: ""Outdoor units are weather-sealed and don't require venting — exhaust gases dissipate directly into the air. This simplifies installation and frees interior space. Indoor units need proper venting (PVC for condensing, stainless for non-condensing) routed through a wall or roof. Outdoor units",OTHER,OK — FAQ question / URL / label / state-program / no-credit statement / incidental
content/tankless-water-heaters/best-tankless-water-heaters.mdx,290,"{ label: ""IRS — Energy Efficient Home Improvement Credit (25C)"", url: ""https://www.irs.gov/credits-deductions/energy-efficient-home-improvement-credit"" },",OTHER,OK — FAQ question / URL / label / state-program / no-credit statement / incidental
content/tankless-water-heaters/is-tankless-water-heater-worth-it.mdx,37,**Payback period = (Tankless installed cost - Tank installed cost - Tax credits) / Annual energy savings**,OTHER,OK — FAQ question / URL / label / state-program / no-credit statement / incidental
content/tankless-water-heaters/is-tankless-water-heater-worth-it.mdx,51,"[""Vacation home, electric"", ""$1,500"", ""$900"", ""$600 ($435 after IRA)"", ""$200"", ""2.2 years""],",OTHER,OK — FAQ question / URL / label / state-program / no-credit statement / incidental
content/tankless-water-heaters/is-tankless-water-heater-worth-it.mdx,52,"[""Vacation home, gas"", ""$3,500"", ""$1,500"", ""$2,000 ($1,475 after IRA)"", ""$250"", ""5.9 years""],",OTHER,OK — FAQ question / URL / label / state-program / no-credit statement / incidental
content/tankless-water-heaters/is-tankless-water-heater-worth-it.mdx,71,"[""Tax credits"", ""$0"", ""-$525"", ""$0"", ""-$165""],",OTHER,OK — FAQ question / URL / label / state-program / no-credit statement / incidental
content/tankless-water-heaters/is-tankless-water-heater-worth-it.mdx,96,"If your 4-year-old tank heater is working properly, ripping it out to install tankless has a 12–17 year payback. You are spending $2,000–$4,000 in today's dollars to save $150–$250 per year. Better to wait until the tank needs replacement.",OTHER,OK — FAQ question / URL / label / state-program / no-credit statement / incidental
content/tankless-water-heaters/is-tankless-water-heater-worth-it.mdx,118,"The incremental cost of tankless over tank during new construction is only $700–$1,400 (infrastructure is built from scratch either way). With IRA tax credits, the effective premium drops to $500–$900. Payback: 3–6 years. This is the slam-dunk scenario.",OTHER,OK — FAQ question / URL / label / state-program / no-credit statement / incidental
content/tankless-water-heaters/is-tankless-water-heater-worth-it.mdx,126,"Tankless eliminates 100% of standby energy waste during unoccupied periods. A vacation home occupied 3 months per year wastes $200–$600 per year keeping a tank hot. Tankless payback: 2–4 years. Plus zero risk of a frozen, burst tank during winter vacancy.",OTHER,OK — FAQ question / URL / label / state-program / no-credit statement / incidental
content/tankless-water-heaters/is-tankless-water-heater-worth-it.mdx,140,"**The numbers:** Gas condensing tankless installed during new construction: $2,800. Gas tank alternative: $1,600. Premium: $1,200. IRA credit: $420. Net premium: $780. Annual gas savings: $165 (warm climate, efficient unit). **Payback: 4.7 years.**",OTHER,OK — FAQ question / URL / label / state-program / no-credit statement / incidental
content/tankless-water-heaters/is-tankless-water-heater-worth-it.mdx,146,"**The numbers:** Electric tankless installed replacing a failed electric tank: $1,800. New electric tank alternative: $900. Premium: $900. IRA credit: $165. Net premium: $735. Annual savings: $160. **Payback: 4.6 years.**",OTHER,OK — FAQ question / URL / label / state-program / no-credit statement / incidental
content/tankless-water-heaters/is-tankless-water-heater-worth-it.mdx,152,"**The numbers:** Gas condensing tankless replacing a functioning 6-year-old gas tank: $4,200. No tank purchase needed (existing unit has 4–6 years left). Full premium: $4,200. IRA credit: $540. Net premium: $3,660. Annual savings: $220. **Payback: 16.6 years.**",OTHER,OK — FAQ question / URL / label / state-program / no-credit statement / incidental
content/tankless-water-heaters/is-tankless-water-heater-worth-it.mdx,158,"**The numbers:** Electric tankless installed in a cabin occupied 90 days/year: $1,500. Electric tank alternative: $900. Premium: $600. IRA credit: $135. Net premium: $465. Standby elimination savings: $210/year. Active usage savings: $40/year. Total annual savings: $250. **Payback: 1.9 years.**",PRICING_RANGE_NOT_A_CREDIT,"OK — pricing range / savings amount, no credit-claim verb"
content/tankless-water-heaters/is-tankless-water-heater-worth-it.mdx,168,"**Space savings:** 6–12 square feet of floor space reclaimed. In a 1,200 sq ft home at $200/sq ft value, that is $1,200–$2,400 in reclaimed space value.",OTHER,OK — FAQ question / URL / label / state-program / no-credit statement / incidental
content/tankless-water-heaters/is-tankless-water-heater-worth-it.mdx,183,"- **The federal 25C credit that previously reduced the net premium by $150–$600 expired Dec 31, 2025** under the OBBBA (PL 119-21, signed July 4, 2025); for 2026 installs, state/utility rebates plus IRA HEAR (income-qualified, up to $1,750 for water heaters) and HOMES (performance-based) remain the ",OTHER,OK — FAQ question / URL / label / state-program / no-credit statement / incidental
content/tankless-water-heaters/is-tankless-water-heater-worth-it.mdx,191,"answer: ""For most homeowners, yes. The payback ranges from 2–6 years in the best scenarios (new construction, vacation homes, warm-climate electric) to 10–17 years in less ideal scenarios (cold-climate retrofit replacing a working tank). The federal Section 25C credit (30% of cost, up to $2,000) tha",OTHER,OK — FAQ question / URL / label / state-program / no-credit statement / incidental
content/tankless-water-heaters/is-tankless-water-heater-worth-it.mdx,199,"answer: ""Over 20 years, the ROI ranges from 200–500% in favorable scenarios to break-even in unfavorable ones. New construction: 400–500% ROI. Tank-failure replacement: 300–450% ROI. Proactive retrofit (replacing working tank): 50–150% ROI. Vacation homes: 500–700% ROI due to eliminated standby wast",OTHER,OK — FAQ question / URL / label / state-program / no-credit statement / incidental
content/tankless-water-heaters/is-tankless-water-heater-worth-it.mdx,207,"answer: ""If your tank is approaching end of life (8+ years old, showing rust or sediment), yes — switching at the natural replacement point gives the best economics. If your tank is relatively new (under 5 years), wait. The premium paid for tankless ($2,000–$4,000 over a tank) needs 8–15 years of en",OTHER,OK — FAQ question / URL / label / state-program / no-credit statement / incidental
content/tankless-water-heaters/is-tankless-water-heater-worth-it.mdx,223,"answer: ""Payback varies by scenario: new construction (3.5–6 years), vacation home (2–4 years), warm-climate electric retrofit (5–8 years), tank-failure replacement (6–12 years), and proactive retrofit replacing a working tank (10–17 years). The federal 25C credit that previously shortened all payba",OTHER,OK — FAQ question / URL / label / state-program / no-credit statement / incidental
content/tankless-water-heaters/is-tankless-water-heater-worth-it.mdx,226,"question: ""Are there tax credits for tankless water heaters in 2026?"",",OTHER,OK — FAQ question / URL / label / state-program / no-credit statement / incidental
content/tankless-water-heaters/is-tankless-water-heater-worth-it.mdx,227,"answer: ""The federal Section 25C credit (which offered 30% of cost up to $2,000/year for qualifying high-efficiency water heaters with UEF ≥ 0.95) expired for property placed in service after Dec 31, 2025 under the OBBBA. For 2026 installs, the IRA HEAR program (income-qualified, point-of-sale rebat",OTHER,OK — FAQ question / URL / label / state-program / no-credit statement / incidental
content/tankless-water-heaters/tankless-water-heater-cost.mdx,4,"description: ""Complete 2026 cost breakdown for tankless water heaters: unit prices, installation labor, electrical/gas work, permits, and total installed costs for every type. Includes regional pricing and tax credits.""",OTHER,OK — FAQ question / URL / label / state-program / no-credit statement / incidental
content/tankless-water-heaters/tankless-water-heater-cost.mdx,29,"A tankless water heater costs **$1,200–$5,500 installed** in 2026, with the national average at **$3,100** for a gas condensing whole-home unit and **$1,800** for an electric whole-home unit. The unit itself is only 30–50% of the total cost — installation labor, gas or electrical upgrades, venting, ",OTHER,OK — FAQ question / URL / label / state-program / no-credit statement / incidental
content/tankless-water-heaters/tankless-water-heater-cost.mdx,41,"[""Gas Non-Condensing"", ""$700–$1,400"", ""$1,200–$3,000"", ""$1,900–$4,400"", ""$2,800""],",OTHER,OK — FAQ question / URL / label / state-program / no-credit statement / incidental
content/tankless-water-heaters/tankless-water-heater-cost.mdx,42,"[""Gas Condensing"", ""$1,200–$2,500"", ""$1,500–$3,500"", ""$2,700–$6,000"", ""$3,800""],",OTHER,OK — FAQ question / URL / label / state-program / no-credit statement / incidental
content/tankless-water-heaters/tankless-water-heater-cost.mdx,61,"[""Noritz EZ111"", ""Gas condensing"", ""199,900 BTU/h"", ""$1,700–$2,000""],",OTHER,OK — FAQ question / URL / label / state-program / no-credit statement / incidental
content/tankless-water-heaters/tankless-water-heater-cost.mdx,86,"[""Labor (plumber, 4–8 hours)"", ""$600"", ""$1,500"", ""Licensed plumber, local rates vary""],",OTHER,OK — FAQ question / URL / label / state-program / no-credit statement / incidental
content/tankless-water-heaters/tankless-water-heater-cost.mdx,88,"[""Gas line extension (new run)"", ""$0"", ""$1,200"", ""If unit is relocated""],",OTHER,OK — FAQ question / URL / label / state-program / no-credit statement / incidental
content/tankless-water-heaters/tankless-water-heater-cost.mdx,90,"[""Venting — Stainless (non-condensing)"", ""$200"", ""$600"", ""Category III stainless steel""],",OTHER,OK — FAQ question / URL / label / state-program / no-credit statement / incidental
content/tankless-water-heaters/tankless-water-heater-cost.mdx,112,"[""Sub-panel (if needed)"", ""$0"", ""$600"", ""Alternative to full upgrade""],",OTHER,OK — FAQ question / URL / label / state-program / no-credit statement / incidental
content/tankless-water-heaters/tankless-water-heater-cost.mdx,137,"[""Midwest/Plains (KC, OKC, Omaha)"", ""0.75–0.9x"", ""$2,000–$3,200"", ""$1,000–$1,600""],",OTHER,OK — FAQ question / URL / label / state-program / no-credit statement / incidental
content/tankless-water-heaters/tankless-water-heater-cost.mdx,155,"[""Retrofit — different location in home"", ""$3,500–$6,000"", ""$2,000–$4,000""],",OTHER,OK — FAQ question / URL / label / state-program / no-credit statement / incidental
content/tankless-water-heaters/tankless-water-heater-cost.mdx,160,"The cheapest retrofit is a like-for-like replacement: gas tankless replacing gas tankless at the same location, reusing existing gas lines and venting. Add $500–$2,000 for any location change, fuel-type switch, or infrastructure upgrade.",OTHER,OK — FAQ question / URL / label / state-program / no-credit statement / incidental
content/tankless-water-heaters/tankless-water-heater-cost.mdx,162,## Tax Credits and Rebates (2026),OTHER,OK — FAQ question / URL / label / state-program / no-credit statement / incidental
content/tankless-water-heaters/tankless-water-heater-cost.mdx,164,"### Federal Section 25C — EXPIRED for installs after Dec 31, 2025",OTHER,OK — FAQ question / URL / label / state-program / no-credit statement / incidental
content/tankless-water-heaters/tankless-water-heater-cost.mdx,166,"The federal Section 25C Energy Efficient Home Improvement Credit (which offered **30% of cost, up to $2,000 per year**, on qualified high-efficiency water heaters with UEF ≥ 0.95) **expired for property placed in service after Dec 31, 2025** under the OBBBA (PL 119-21, signed July 4, 2025). The cred",EXPIRED_FRAMED,OK — explicit past-tense / OBBBA-expired / negative-eligibility sentence
content/tankless-water-heaters/tankless-water-heater-cost.mdx,170,"If you installed a qualifying tankless water heater in 2024 or 2025 and didn't claim the 25C credit, you can typically file an amended return (Form 1040-X) to claim it. 25C does NOT allow carryforward of an unused credit.",EXPIRED_FRAMED,OK — explicit past-tense / OBBBA-expired / negative-eligibility sentence
content/tankless-water-heaters/tankless-water-heater-cost.mdx,176,"The IRA HEAR program (formerly HEEHRA) provides point-of-sale rebates (not tax credits) for income-eligible households. Electric water heaters qualify for up to $1,750 in rebates. Eligibility depends on household income relative to area median income. State-administered; check your state's program s",OTHER,OK — FAQ question / URL / label / state-program / no-credit statement / incidental
content/tankless-water-heaters/tankless-water-heater-cost.mdx,180,Many utilities and state energy offices offer additional rebates stacking on top of federal credits:,OTHER,OK — FAQ question / URL / label / state-program / no-credit statement / incidental
content/tankless-water-heaters/tankless-water-heater-cost.mdx,188,"[""Massachusetts Mass Save"", ""$200–$600"", ""Gas tankless with UEF 0.90+""],",OTHER,OK — FAQ question / URL / label / state-program / no-credit statement / incidental
content/tankless-water-heaters/tankless-water-heater-cost.mdx,196,"**Stacking strategy:** You can combine the federal 30% tax credit with state rebates and utility rebates. On a $1,800 condensing gas unit, that could mean: $540 federal credit + $300 utility rebate + $200 state rebate = **$1,040 total savings**, dropping your effective unit cost to $760.",OTHER,OK — FAQ question / URL / label / state-program / no-credit statement / incidental
content/tankless-water-heaters/tankless-water-heater-cost.mdx,206,- IRA tax credit: $525,OTHER,OK — FAQ question / URL / label / state-program / no-credit statement / incidental
content/tankless-water-heaters/tankless-water-heater-cost.mdx,214,- IRA tax credit: $540,OTHER,OK — FAQ question / URL / label / state-program / no-credit statement / incidental
content/tankless-water-heaters/tankless-water-heater-cost.mdx,222,- IRA tax credit: $165,OTHER,OK — FAQ question / URL / label / state-program / no-credit statement / incidental
content/tankless-water-heaters/tankless-water-heater-cost.mdx,229,"- Incremental cost over a gas tank install: $1,200",OTHER,OK — FAQ question / URL / label / state-program / no-credit statement / incidental
content/tankless-water-heaters/tankless-water-heater-cost.mdx,230,- IRA tax credit: $525,OTHER,OK — FAQ question / URL / label / state-program / no-credit statement / incidental
content/tankless-water-heaters/tankless-water-heater-cost.mdx,236,"**The new-construction advantage:** When building new, the incremental cost of tankless vs tank is only $800–$1,500 (because you need water heating either way). With tax credits, the payback drops to 3–5 years. In retrofits, the payback stretches to 10–17 years because you are paying full installati",PRICING_RANGE_NOT_A_CREDIT,"OK — pricing range / savings amount, no credit-claim verb"
content/tankless-water-heaters/tankless-water-heater-cost.mdx,279,"**Total installed:** $1,450 (unit $480, electrician $650, materials $220, permit $100). After IRA credit: **$1,306.**",OTHER,OK — FAQ question / URL / label / state-program / no-credit statement / incidental
content/tankless-water-heaters/tankless-water-heater-cost.mdx,287,"**Total installed:** $3,400 (unit $1,500, plumber $1,100, gas line $450, venting $200, permits $150). After IRA credit: **$2,950.**",OTHER,OK — FAQ question / URL / label / state-program / no-credit statement / incidental
content/tankless-water-heaters/tankless-water-heater-cost.mdx,295,"**Total installed:** $4,800 (unit $1,800, plumber $1,600, gas line $750, venting $350, electrical $150, permits $150). After IRA credit: **$4,260.**",OTHER,OK — FAQ question / URL / label / state-program / no-credit statement / incidental
content/tankless-water-heaters/tankless-water-heater-cost.mdx,303,"**Total installed:** $9,200 (units $3,600, plumber $3,200, gas line $1,000, venting $600, cascade/recirc $400, permits $400). After IRA credits: **$8,120.**",OTHER,OK — FAQ question / URL / label / state-program / no-credit statement / incidental
content/tankless-water-heaters/tankless-water-heater-cost.mdx,311,"- **Federal 25C credit EXPIRED Dec 31, 2025** (OBBBA) — for 2026 installs, IRA HEAR (income-qualified, up to $1,750 for water heaters) and HOMES (performance-based) replace it",EXPIRED_FRAMED,OK — explicit past-tense / OBBBA-expired / negative-eligibility sentence
content/tankless-water-heaters/tankless-water-heater-cost.mdx,333,"answer: ""Plumber labor for tankless installation runs $600–$1,800 depending on complexity and region. A simple like-for-like gas tankless swap takes 4–5 hours at $100–$200 per hour. A full retrofit with gas line upgrades, venting, and condensate drain takes 6–10 hours. Some plumbers offer flat-rate ",OTHER,OK — FAQ question / URL / label / state-program / no-credit statement / incidental
content/tankless-water-heaters/tankless-water-heater-cost.mdx,337,"answer: ""Beyond the unit and install, plan for: annual descaling ($30–$200 per year), gas line upgrades ($300–$1,200 if your existing line is 1/2 inch), electrical panel upgrades ($1,500–$3,000 if your panel lacks capacity), venting modifications ($100–$600), permits ($50–$200), and the rare heating",OTHER,OK — FAQ question / URL / label / state-program / no-credit statement / incidental
content/tankless-water-heaters/tankless-water-heater-cost.mdx,341,"answer: ""Converting from a tank to a tankless water heater typically costs $500–$2,000 more than a standard tankless install, due to infrastructure changes: gas line upgrades, new venting routes, removal and disposal of the old tank, and potentially capping old gas or water lines. Budget $2,500–$5,5",OTHER,OK — FAQ question / URL / label / state-program / no-credit statement / incidental
content/tankless-water-heaters/tankless-water-heater-cost.mdx,353,"answer: ""In most cases, yes. Condensing units cost $400–$800 more than non-condensing, but they save $100–$300 on venting (PVC vs stainless steel) and reduce annual fuel costs by $50–$200. The federal 25C credit (which previously offered 30%, up to $2,000 for qualifying UEF ≥ 0.95 condensing units) ",OTHER,OK — FAQ question / URL / label / state-program / no-credit statement / incidental
content/tankless-water-heaters/tankless-water-heater-cost.mdx,362,"{ label: ""IRS — Energy Efficient Home Improvement Credit (25C)"", url: ""https://www.irs.gov/credits-deductions/energy-efficient-home-improvement-credit"" },",OTHER,OK — FAQ question / URL / label / state-program / no-credit statement / incidental
content/tankless-water-heaters/electric-vs-gas-tankless.mdx,49,"[""Unit cost"", ""$1,200–$2,500"", ""$700–$1,400"", ""$300–$900""],",OTHER,OK — FAQ question / URL / label / state-program / no-credit statement / incidental
content/tankless-water-heaters/electric-vs-gas-tankless.mdx,50,"[""Installation cost"", ""$1,500–$3,500"", ""$1,200–$3,000"", ""$800–$2,500""],",OTHER,OK — FAQ question / URL / label / state-program / no-credit statement / incidental
content/tankless-water-heaters/electric-vs-gas-tankless.mdx,59,"[""IRA tax credit eligible"", ""Yes (UEF 0.95+)"", ""No (UEF too low)"", ""Yes (all models)""],",OTHER,OK — FAQ question / URL / label / state-program / no-credit statement / incidental
content/tankless-water-heaters/electric-vs-gas-tankless.mdx,130,"[""Unit"", ""$1,200–$2,500"", ""$350–$900""],",OTHER,OK — FAQ question / URL / label / state-program / no-credit statement / incidental
content/tankless-water-heaters/electric-vs-gas-tankless.mdx,131,"[""Labor"", ""$800–$2,000"", ""$400–$1,000""],",OTHER,OK — FAQ question / URL / label / state-program / no-credit statement / incidental
content/tankless-water-heaters/electric-vs-gas-tankless.mdx,132,"[""Infrastructure (gas line / wiring)"", ""$0–$1,200"", ""$150–$600""],",OTHER,OK — FAQ question / URL / label / state-program / no-credit statement / incidental
content/tankless-water-heaters/electric-vs-gas-tankless.mdx,133,"[""Venting"", ""$100–$600"", ""$0""],",OTHER,OK — FAQ question / URL / label / state-program / no-credit statement / incidental
content/tankless-water-heaters/electric-vs-gas-tankless.mdx,249,"- **Federal 25C credit EXPIRED Dec 31, 2025** (OBBBA) — both gas condensing (UEF 0.95+) and all electric tankless models qualified through that date. For 2026 installs, IRA HEAR (income-qualified, up to $1,750 for water heaters) + state/utility rebates remain active.",OTHER,OK — FAQ question / URL / label / state-program / no-credit statement / incidental
content/tankless-water-heaters/tankless-water-heater-electricity.mdx,119,"[""Total daily usage"", ""12.3–13.8 kWh"", ""10.2 kWh"", ""20–26% less""],",OTHER,OK — FAQ question / URL / label / state-program / no-credit statement / incidental
content/tankless-water-heaters/tankless-water-heater-electricity.mdx,211,"- **Savings vs electric tank: 20–26%** of total energy, primarily from eliminating standby loss",OTHER,OK — FAQ question / URL / label / state-program / no-credit statement / incidental
content/tankless-water-heaters/tankless-water-heater-electricity.mdx,227,"answer: ""Yes — typically 20–26% less for the same hot water demand. The main savings come from eliminating standby loss (1.5–3.0 kWh/day that tank heaters waste keeping stored water hot) and the higher UEF efficiency (0.99 vs 0.92–0.95). A family of 4 saves 770–1,300 kWh/year, worth $130–$390 depend",OTHER,OK — FAQ question / URL / label / state-program / no-credit statement / incidental
content/tankless-water-heaters/tankless-water-heater-electricity.mdx,231,"answer: ""If you're replacing a gas tank with an electric tankless, your electric bill will increase (by $30–$80/month), but your gas bill will decrease (by $20–$40/month). The net effect depends on local gas vs electricity prices. If you're replacing an electric tank with an electric tankless, your ",OTHER,OK — FAQ question / URL / label / state-program / no-credit statement / incidental
content/tankless-water-heaters/hot-water-recirculating-pump.mdx,179,"**Setup:** 2,800 sq ft home, Navien NPE-2 240S with ComfortFlow. Dedicated return line installed during construction ($600 for the pipe run).",OTHER,OK — FAQ question / URL / label / state-program / no-credit statement / incidental
content/tankless-water-heaters/tankless-water-heater-guide.mdx,72,"[""Unit Cost (2026)"", ""$700–$1,400"", ""$1,200–$2,500"", ""$300–$800""],",OTHER,OK — FAQ question / URL / label / state-program / no-credit statement / incidental
content/tankless-water-heaters/tankless-water-heater-guide.mdx,180,**Wiring:** Large electric units need 2–3 separate 40–50A circuits with #6 or #8 AWG copper wire. Wire runs from the panel to the heater location can cost $300–$600 each.,OTHER,OK — FAQ question / URL / label / state-program / no-credit statement / incidental
content/tankless-water-heaters/tankless-water-heater-guide.mdx,196,"[""Unit price"", ""$150–$350"", ""$350–$800"", ""$700–$1,400"", ""$1,200–$2,500""],",OTHER,OK — FAQ question / URL / label / state-program / no-credit statement / incidental
content/tankless-water-heaters/tankless-water-heater-guide.mdx,197,"[""Installation labor"", ""$200–$500"", ""$500–$1,200"", ""$800–$1,500"", ""$1,000–$2,000""],",OTHER,OK — FAQ question / URL / label / state-program / no-credit statement / incidental
content/tankless-water-heaters/tankless-water-heater-guide.mdx,198,"[""Electrical work"", ""$100–$300"", ""$400–$1,200"", ""$0–$100"", ""$0–$100""],",OTHER,OK — FAQ question / URL / label / state-program / no-credit statement / incidental
content/tankless-water-heaters/tankless-water-heater-guide.mdx,200,"[""Venting"", ""N/A"", ""N/A"", ""$200–$600"", ""$100–$400""],",OTHER,OK — FAQ question / URL / label / state-program / no-credit statement / incidental
content/tankless-water-heaters/tankless-water-heater-guide.mdx,206,### Federal Tax Credits and Rebates (2026),OTHER,OK — FAQ question / URL / label / state-program / no-credit statement / incidental
content/tankless-water-heaters/tankless-water-heater-guide.mdx,208,"The federal Section 25C credit (which offered 30% of cost, up to $2,000 per year, for qualifying high-efficiency water heaters with UEF ≥ 0.95) **expired for property placed in service after Dec 31, 2025** under the OBBBA (PL 119-21, signed July 4, 2025). The credit no longer applies to 2026 install",EXPIRED_FRAMED,OK — explicit past-tense / OBBBA-expired / negative-eligibility sentence
content/tankless-water-heaters/tankless-water-heater-guide.mdx,245,"**Total installed cost:** $3,100 (unit: $1,400, labor: $1,100, gas line upgrade: $400, venting: $200). After the 30% federal tax credit on the unit: **$2,680 effective cost.**",OTHER,OK — FAQ question / URL / label / state-program / no-credit statement / incidental
content/tankless-water-heaters/tankless-water-heater-guide.mdx,265,"**Total installed cost:** $7,800 (two units: $4,000, labor: $2,200, gas line: $600, venting: $500, recirculation system: $500). After tax credits: **$6,600 effective cost.**",OTHER,OK — FAQ question / URL / label / state-program / no-credit statement / incidental
content/tankless-water-heaters/tankless-water-heater-guide.mdx,275,"**Total installed cost:** $1,100 (unit: $320, electrical work: $600, permits: $80, misc: $100).",OTHER,OK — FAQ question / URL / label / state-program / no-credit statement / incidental
content/tankless-water-heaters/tankless-water-heater-guide.mdx,287,"**""Tankless heaters need no maintenance.""** Wrong. Without annual descaling, mineral buildup can destroy a $2,000 unit in 5–7 years instead of the expected 20.",OTHER,OK — FAQ question / URL / label / state-program / no-credit statement / incidental
content/tankless-water-heaters/tankless-water-heater-guide.mdx,298,"- **Federal 25C credit expired** for installs after Dec 31, 2025 (OBBBA); for 2026, check IRA HEAR (income-qualified, up to $1,750) and HOMES (performance-based) plus state/utility rebates",OTHER,OK — FAQ question / URL / label / state-program / no-credit statement / incidental
content/tankless-water-heaters/tankless-water-heater-guide.mdx,316,"answer: ""Total installed costs in 2026 range from $1,100–$1,500 for a basic electric point-of-use unit to $3,000–$6,000 for a whole-home gas condensing system. The unit itself is 30–50% of the total cost; the rest covers labor, gas line upgrades, venting, electrical work, and permits. The federal 25",OTHER,OK — FAQ question / URL / label / state-program / no-credit statement / incidental
content/tankless-water-heaters/tankless-water-heater-guide.mdx,320,"answer: ""For most homeowners, yes — especially if your current tank is failing, you're building new, or you qualify for 2026 rebates (IRA HEAR for income-qualified households, up to $1,750 for water heaters; HOMES for all incomes; plus state/utility rebates — the federal 25C credit expired Dec 31, 2",OTHER,OK — FAQ question / URL / label / state-program / no-credit statement / incidental
content/tankless-water-heaters/best-tankless-gas-water-heaters.mdx,77,"[""2"", ""Noritz EZ111"", ""199,900"", ""0.97"", ""5.3"", ""PVC/CPVC"", ""Both"", ""12 yr"", ""$1,700–$2,000""],",OTHER,OK — FAQ question / URL / label / state-program / no-credit statement / incidental
content/tankless-water-heaters/best-tankless-gas-water-heaters.mdx,104,"The NPE-2 240S is Navien's second-generation flagship. The dual stainless-steel heat exchangers resist corrosion from both combustion gases and hot water, unlike single-exchanger designs that can develop pinhole leaks. The 0.96 UEF is verified by AHRI testing and qualified under the federal Section ",OTHER,OK — FAQ question / URL / label / state-program / no-credit statement / incidental
content/tankless-water-heaters/best-tankless-gas-water-heaters.mdx,110,"**Real-world example:** A family of 5 in Portland, OR (groundwater 48°F, 72°F rise needed) replaced a 50-gallon tank. The NPE-2 240S delivers 5.4 GPM — enough for two showers and a kitchen faucet simultaneously. Annual gas bill dropped from $410 to $275. Payback on the $3,800 install: 8.2 years, or ",OTHER,OK — FAQ question / URL / label / state-program / no-credit statement / incidental
content/tankless-water-heaters/best-tankless-gas-water-heaters.mdx,157,"**Non-condensing trade-off:** The $400–$800 saved on the unit is partially offset by $200–$500 more expensive stainless steel venting AND the loss of the IRA tax credit (requires UEF ≥ 0.95). A condensing Navien NPE-2 180S at $1,500 with a $450 tax credit nets to $1,050 — barely more than a non-cond",OTHER,OK — FAQ question / URL / label / state-program / no-credit statement / incidental
content/tankless-water-heaters/best-tankless-gas-water-heaters.mdx,183,"For homes needing more than 5.5 GPM at high temperature rises, two units in parallel are the standard solution. Each unit handles a portion of the demand, with a manifold distributing flow. Installation adds $1,000–$2,000 for the second unit's venting and gas piping, plus the cost of the unit itself",OTHER,OK — FAQ question / URL / label / state-program / no-credit statement / incidental
content/tankless-water-heaters/best-tankless-gas-water-heaters.mdx,228,"**Result:** Annual gas cost: $215. Comparable tank would cost: $350/year. Install cost (new construction discount): $2,800. Payback: 5.9 years. IRA credit: $480.",PRICING_RANGE_NOT_A_CREDIT,"OK — pricing range / savings amount, no credit-claim verb"
content/tankless-water-heaters/best-tankless-gas-water-heaters.mdx,245,"- **Condensing vs non-condensing:** Condensing saves $50–$200/year and qualified for the federal 25C credit (30% up to $2,000) through Dec 31, 2025 (now expired under the OBBBA); for 2026 installs, IRA HEAR (income-qualified, up to $1,750 for water heaters) + state/utility rebates remain. The $400–$",OTHER,OK — FAQ question / URL / label / state-program / no-credit statement / incidental
content/tankless-water-heaters/best-tankless-gas-water-heaters.mdx,257,"answer: ""Almost always, yes. The $400–$800 condensing premium is offset by cheaper PVC venting (saves $200–$500 vs stainless) and annual energy savings of $50–$200. The 30% federal 25C tax credit that previously knocked $400–$750 off qualifying condensing units (UEF ≥ 0.95) expired Dec 31, 2025 unde",OTHER,OK — FAQ question / URL / label / state-program / no-credit statement / incidental
content/tankless-water-heaters/best-tankless-gas-water-heaters.mdx,281,"answer: ""Indoor models require venting pipes routed through a wall or roof — PVC for condensing, stainless steel for non-condensing. Outdoor models are weather-sealed and exhaust directly to open air, eliminating venting entirely. Outdoor models include freeze prevention heaters and typically cost $",OTHER,OK — FAQ question / URL / label / state-program / no-credit statement / incidental
content/tankless-water-heaters/tankless-water-heater-breaker-size.mdx,121,"Count the empty breaker slots in your panel. A 36 kW unit needs 8 slots. A 27 kW unit needs 6 slots. If your panel is full, you need a sub-panel ($300–$600) or main panel upgrade ($1,500–$3,000).",OTHER,OK — FAQ question / URL / label / state-program / no-credit statement / incidental
content/tankless-water-heaters/tankless-water-heater-breaker-size.mdx,177,"**Process:** Four runs of #6 AWG through floor joists and wall cavities. Required drilling multiple joists and using nail plates. Total time: 6 hours. Cost: $1,200 (labor $700, wire/materials $500).",OTHER,OK — FAQ question / URL / label / state-program / no-credit statement / incidental
content/tankless-water-heaters/tankless-water-heater-breaker-size.mdx,185,"**Cost:** Panel upgrade: $2,200. Tankless wiring: $600. Total electrical: $2,800. This is why checking panel capacity before purchasing is critical.",OTHER,OK — FAQ question / URL / label / state-program / no-credit statement / incidental
content/tankless-water-heaters/tankless-water-heater-breaker-size.mdx,196,"- **Budget $300–$600 for standard wiring** or $1,500–$3,000 if a panel upgrade is needed",OTHER,OK — FAQ question / URL / label / state-program / no-credit statement / incidental
content/tankless-water-heaters/tankless-water-heater-propane-usage.mdx,105,"The payback on a propane tankless is often faster than for natural gas. A $2,000 premium over a propane tank, with $530–$870 in annual savings, pays back in **2.3–3.8 years**.",OTHER,OK — FAQ question / URL / label / state-program / no-credit statement / incidental
content/tankless-water-heaters/tankless-water-heater-propane-usage.mdx,169,"**Measured usage:** Occupied months: 25 gallons/month. Empty months: 0 gallons. Annual: 100 gallons. At $3.00/gallon: **$300/year.** Previous tank: 300 gallons ($900) — standby pilot and losses ran all year. **Annual savings: 200 gallons ($600).** Payback on the $1,200 tankless premium: **2.0 years.",OTHER,OK — FAQ question / URL / label / state-program / no-credit statement / incidental
content/tankless-water-heaters/tankless-water-heater-propane-usage.mdx,202,"answer: ""It depends on local rates. At $2.80/gallon propane and $0.167/kWh electricity, a propane condensing tankless costs roughly $1,100–$1,400/year while electric costs $600–$900/year for the same family. Electric is cheaper to operate in most cases. However, propane tankless delivers 2–3x more f",OTHER,OK — FAQ question / URL / label / state-program / no-credit statement / incidental
content/tankless-water-heaters/tankless-vs-tank-water-heater.mdx,46,"[""Unit cost"", ""$500–$1,000"", ""$1,200–$2,500"", ""$400–$700"", ""$350–$900"", ""$1,200–$2,200""],",OTHER,OK — FAQ question / URL / label / state-program / no-credit statement / incidental
content/tankless-water-heaters/tankless-vs-tank-water-heater.mdx,48,"[""Total installed"", ""$1,300–$2,500"", ""$2,700–$6,000"", ""$800–$1,500"", ""$1,150–$3,400"", ""$2,000–$3,700""],",OTHER,OK — FAQ question / URL / label / state-program / no-credit statement / incidental
content/tankless-water-heaters/tankless-vs-tank-water-heater.mdx,49,"[""Annual energy cost"", ""$300–$450"", ""$180–$350"", ""$400–$600"", ""$300–$500"", ""$120–$250""],",OTHER,OK — FAQ question / URL / label / state-program / no-credit statement / incidental
content/tankless-water-heaters/tankless-vs-tank-water-heater.mdx,54,"[""IRA tax credit"", ""No"", ""Yes (UEF 0.95+)"", ""No"", ""Yes"", ""Yes (COP 2.0+)""],",OTHER,OK — FAQ question / URL / label / state-program / no-credit statement / incidental
content/tankless-water-heaters/tankless-vs-tank-water-heater.mdx,94,"[""Initial unit + install"", ""$2,000"", ""$3,800"", ""$1,200"", ""$1,800""],",OTHER,OK — FAQ question / URL / label / state-program / no-credit statement / incidental
content/tankless-water-heaters/tankless-vs-tank-water-heater.mdx,95,"[""IRA tax credit"", ""$0"", ""-$525"", ""$0"", ""-$165""],",OTHER,OK — FAQ question / URL / label / state-program / no-credit statement / incidental
content/tankless-water-heaters/tankless-vs-tank-water-heater.mdx,96,"[""2nd unit + install (year 10)"", ""$2,000"", ""$0"", ""$1,200"", ""$0""],",OTHER,OK — FAQ question / URL / label / state-program / no-credit statement / incidental
content/tankless-water-heaters/tankless-vs-tank-water-heater.mdx,98,"[""Annual maintenance x 20 years"", ""$800"", ""$3,000"", ""$600"", ""$800""],",OTHER,OK — FAQ question / URL / label / state-program / no-credit statement / incidental
content/tankless-water-heaters/tankless-vs-tank-water-heater.mdx,113,"[""Energy prices rise 3% per year"", ""Tankless saves additional $800–$1,200 (wider gap)""],",OTHER,OK — FAQ question / URL / label / state-program / no-credit statement / incidental
content/tankless-water-heaters/tankless-vs-tank-water-heater.mdx,117,"[""IRA tax credits expire in 2032"", ""No impact if purchased before expiration""],",OTHER,OK — FAQ question / URL / label / state-program / no-credit statement / incidental
content/tankless-water-heaters/tankless-vs-tank-water-heater.mdx,188,"**Reality:** Tankless maintenance is less forgiving than tank maintenance. Skipping descaling in hard water areas can destroy a $2,000 unit in 5–7 years.",OTHER,OK — FAQ question / URL / label / state-program / no-credit statement / incidental
content/tankless-water-heaters/tankless-vs-tank-water-heater.mdx,198,"**10-year comparison:** Tank: $1,800 + $3,300 energy + $500 maintenance = **$5,600.** Tankless: $3,400 + $2,250 energy + $1,500 maintenance - $450 tax credit = **$6,700.**",OTHER,OK — FAQ question / URL / label / state-program / no-credit statement / incidental
content/tankless-water-heaters/tankless-vs-tank-water-heater.mdx,210,"**20-year comparison (2026 install):** Tank: $950 + $950 (2nd unit) + $8,400 energy + $600 maintenance = **$10,900.** Tankless: $1,700 + $6,800 energy + $600 maintenance = **$9,100** (no federal 25C credit — expired Dec 31, 2025 under the OBBBA; for 2026 installs, state/utility rebates and IRA HEAR ",OTHER,OK — FAQ question / URL / label / state-program / no-credit statement / incidental
content/tankless-water-heaters/tankless-vs-tank-water-heater.mdx,218,"**20-year comparison:** Tank: $1,600 + $1,600 (2nd unit) + $5,600 energy + $600 maintenance = **$9,400.** Tankless: $3,800 + $3,500 energy + $2,400 maintenance - $525 credit = **$9,175.** **Nearly identical.** For a low-usage household in a cold climate, the financial case for tankless is marginal. ",OTHER,OK — FAQ question / URL / label / state-program / no-credit statement / incidental
content/tankless-water-heaters/tankless-vs-tank-water-heater.mdx,248,"answer: ""Tank water heaters last 8–12 years on average (6–8 years in hard water areas without maintenance). Tankless units last 15–20 years with proper maintenance (descaling). Over a 20-year period, you will buy one tankless or two tanks. The second tank purchase ($900–$2,000 with installation) is ",OTHER,OK — FAQ question / URL / label / state-program / no-credit statement / incidental
content/tankless-water-heaters/tankless-vs-tank-water-heater.mdx,272,"answer: ""Heat pump water heaters (HPWHs) offer the lowest operating cost (COP 3.0–4.0 means 60–70% savings vs standard tank). The federal Section 25C credit that previously covered 30% of cost up to $2,000 for qualifying HPWHs expired for installs after Dec 31, 2025 under the OBBBA (PL 119-21, signe",OTHER,OK — FAQ question / URL / label / state-program / no-credit statement / incidental
content/tankless-water-heaters/tankless-water-heater-wire-size.mdx,150,"[""ECO 36: 4x #6 AWG (long run)"", ""75 ft each (300 ft total)"", ""NM-B"", ""$750–$1,200""],",OTHER,OK — FAQ question / URL / label / state-program / no-credit statement / incidental
content/tankless-water-heaters/tankless-water-heater-wire-size.mdx,192,"**Materials:** 160 feet of #6/2 UF-B ($640), 80 feet of 3/4-inch PVC conduit ($120), two 40A breakers ($24), trench supplies ($80). **Total materials: $864.** Labor (including trenching): 8 hours ($1,200). **Total: $2,064.**",OTHER,OK — FAQ question / URL / label / state-program / no-credit statement / incidental
content/tankless-water-heaters/tankless-water-heater-wire-size.mdx,202,"- **Wire cost ranges from $100–$1,200** depending on gauge, distance, and number of circuits",OTHER,OK — FAQ question / URL / label / state-program / no-credit statement / incidental
content/tankless-water-heaters/tankless-water-heater-wire-size.mdx,233,"answer: ""Wire materials cost $100–$1,200 depending on gauge, distance, and number of circuits. Add breakers ($24–$80), conduit if needed ($1–$3/foot), and miscellaneous hardware ($20–$50). Electrician labor adds $300–$1,200. Total wiring cost: $450–$2,500, with the average around $600–$900 for a sta",OTHER,OK — FAQ question / URL / label / state-program / no-credit statement / incidental
content/tankless-water-heaters/smallest-tankless-water-heaters.mdx,67,"**Real-world example:** A homeowner in Phoenix added the ECO 11 to a detached casita (guest house) 50 feet from the main home. Instead of running a hot water line underground ($1,200–$2,000), they installed the ECO 11 on the casita wall for $650 total. Hot water at the casita faucet and shower in un",OTHER,OK — FAQ question / URL / label / state-program / no-credit statement / incidental
content/tankless-water-heaters/smallest-tankless-water-heaters.mdx,87,"[""Takagi T-H3J"", ""20.3 x 13.8 x 7.3 in"", ""32 lbs"", ""100,000"", ""4.0 GPM"", ""Small home or apartment"", ""$600–$800""],",OTHER,OK — FAQ question / URL / label / state-program / no-credit statement / incidental
content/electrical/water-heater-wire-size.mdx,214,"**Heat pump water heaters are the efficiency champions.** They use the same 10/2 wire and 30A breaker as standard tanks but consume 60–70% less energy. The federal 25C credit (which covered up to $2,000 of the purchase price for qualifying ENERGY STAR HPWHs) expired for installs after Dec 31, 2025 u",OTHER,OK — FAQ question / URL / label / state-program / no-credit statement / incidental
content/electrical/electrical-panel-upgrade-cost.mdx,38,"| Panel + meter socket | $2,000–$3,500 | Above + new meter base |",OTHER,OK — FAQ question / URL / label / state-program / no-credit statement / incidental
content/electrical/electrical-panel-upgrade-cost.mdx,53,"| 200A main breaker panel (40+ space) | $200–$400 | $300–$600 | $500–$1,000 |",OTHER,OK — FAQ question / URL / label / state-program / no-credit statement / incidental
content/electrical/electrical-panel-upgrade-cost.mdx,56,"| Service entrance cable (2/0 or 4/0 Al, 25 ft) | $100–$200 | $200–$400 | $300–$600 |",OTHER,OK — FAQ question / URL / label / state-program / no-credit statement / incidental
content/electrical/electrical-panel-upgrade-cost.mdx,69,"| Suburban Northeast/West | $100–$150/hr | 6–10 hours | $600–$1,500 |",OTHER,OK — FAQ question / URL / label / state-program / no-credit statement / incidental
content/electrical/electrical-panel-upgrade-cost.mdx,88,"### Type 2: Panel + Meter Socket ($2,000–$3,500)",OTHER,OK — FAQ question / URL / label / state-program / no-credit statement / incidental
content/electrical/electrical-panel-upgrade-cost.mdx,225,"| Asbestos-containing panel | +$500–$2,000 | Hazmat handling and disposal |",OTHER,OK — FAQ question / URL / label / state-program / no-credit statement / incidental
content/electrical/electrical-panel-upgrade-cost.mdx,228,"| Historic home requirements | +$500–$2,000 | May need to maintain appearance, use hidden conduit |",OTHER,OK — FAQ question / URL / label / state-program / no-credit statement / incidental
content/electrical/electrical-panel-upgrade-cost.mdx,235,"| Panel swap only (wiring adequate) | -$500–$2,000 | No meter or service entrance work |",OTHER,OK — FAQ question / URL / label / state-program / no-credit statement / incidental
content/electrical/electrical-panel-upgrade-cost.mdx,247,"| 100A panel, light loads, 32A charger | Maybe not | Keep 100A, add 40A circuit | $300–$600 |",OTHER,OK — FAQ question / URL / label / state-program / no-credit statement / incidental
content/electrical/electrical-panel-upgrade-cost.mdx,249,"| 200A panel, full, 48A charger | Maybe | Add sub-panel or use smart panel | $500–$2,000 |",OTHER,OK — FAQ question / URL / label / state-program / no-credit statement / incidental
content/electrical/electrical-panel-upgrade-cost.mdx,353,- 200A panel + breakers: $600,OTHER,OK — FAQ question / URL / label / state-program / no-credit statement / incidental
content/electrical/electrical-panel-upgrade-cost.mdx,355,- 4/0 aluminum USE (150 ft): $600,OTHER,OK — FAQ question / URL / label / state-program / no-credit statement / incidental
content/electrical/electrical-panel-upgrade-cost.mdx,356,"- Trenching (150 ft at $8/ft): $1,200",OTHER,OK — FAQ question / URL / label / state-program / no-credit statement / incidental
content/electrical/power-consumption-calculator.mdx,137,"**Heat pump water heaters use 60–70% less electricity** than standard electric tank water heaters. A heat pump model costs about $20–$30/month to run vs. $67–$112/month for a standard electric tank. The federal 25C credit (which covered up to $2,000 for qualifying heat pump water heaters) expired fo",OTHER,OK — FAQ question / URL / label / state-program / no-credit statement / incidental
content/electrical/power-consumption-calculator.mdx,316,"| Upgrade to ENERGY STAR AC/heat pump | $200–$600 | $4,000–$10,000 | 7–15 years |",OTHER,OK — FAQ question / URL / label / state-program / no-credit statement / incidental
content/electrical/power-consumption-calculator.mdx,320,"| Seal air leaks + insulation | $150–$400 | $500–$2,000 | 2–5 years |",OTHER,OK — FAQ question / URL / label / state-program / no-credit statement / incidental
content/electrical/power-consumption-calculator.mdx,322,"| Switch to heat pump dryer | $100–$200 | $800–$1,200 | 4–6 years |",OTHER,OK — FAQ question / URL / label / state-program / no-credit statement / incidental
content/electrical/what-wire-size-for-30-amp.mdx,234,"| **Total (Professional, dryer circuit)** | — | **$250–$600** | Shorter typical run |",OTHER,OK — FAQ question / URL / label / state-program / no-credit statement / incidental
content/electrical/what-wire-size-for-50-amp.mdx,196,"| **Total — Range circuit (50 ft)** | **$250–$450** | **$500–$1,200** |",OTHER,OK — FAQ question / URL / label / state-program / no-credit statement / incidental
content/electrical/what-wire-size-for-50-amp.mdx,198,"| **Total — Hot tub (80 ft)** | **$350–$600** | **$800–$2,000** |",OTHER,OK — FAQ question / URL / label / state-program / no-credit statement / incidental
content/electrical/what-wire-size-for-50-amp.mdx,199,"| **Total — Large AC (50 ft)** | **$200–$400** | **$500–$1,200** |",OTHER,OK — FAQ question / URL / label / state-program / no-credit statement / incidental
content/electrical/what-wire-size-for-50-amp.mdx,222,"- Total cost (professional): ~$600–$1,000 including GFCI breaker",OTHER,OK — FAQ question / URL / label / state-program / no-credit statement / incidental
content/electrical/what-wire-size-for-50-amp.mdx,233,"- Total cost (professional): ~$1,200–$2,000",OTHER,OK — FAQ question / URL / label / state-program / no-credit statement / incidental
content/electrical/what-wire-size-for-50-amp.mdx,255,"- **Professional installation costs $500–$2,000** depending on application, distance, and local labor rates",OTHER,OK — FAQ question / URL / label / state-program / no-credit statement / incidental
content/electrical/what-wire-size-for-50-amp.mdx,285,"answer: ""Professional installation of a 50-amp circuit costs $500–$2,000 depending on application and distance. A simple range circuit (25 feet) runs $500–$700. An EV charger circuit (40 feet) costs $600–$1,000. A hot tub circuit with underground conduit (60 feet) runs $1,200–$2,000 due to additiona",OTHER,OK — FAQ question / URL / label / state-program / no-credit statement / incidental
content/electrical/water-heater-wattage.mdx,72,"**Heat pump water heaters deliver 3–4× more heat per watt than standard tanks.** A 500W heat pump extracts 1,500–2,000W of heat from surrounding air. This is why they're 60–70% more efficient despite having the same 30A circuit requirement. The federal 25C credit (which covered up to $2,000) expired",OTHER,OK — FAQ question / URL / label / state-program / no-credit statement / incidental
content/electrical/water-heater-wattage.mdx,255,"**Winner:** Heat pump — highest savings, same 30A circuit. (The $2,000 federal 25C credit expired for installs after Dec 31, 2025; state and utility rebates remain the active 2026 pathway.)",OTHER,OK — FAQ question / URL / label / state-program / no-credit statement / incidental
content/electrical/wire-for-220-volt.mdx,360,"answer: ""A 200-amp, 240V service entrance requires 2/0 AWG copper or 4/0 AWG aluminum conductors. Most homes use aluminum SE (service entrance) cable for cost savings — a 100-foot run of 4/0 aluminum costs roughly $250–$400, while 2/0 copper costs $800–$1,200.""",OTHER,OK — FAQ question / URL / label / state-program / no-credit statement / incidental
content/electrical/3-phase-power-calculator.mdx,316,"| 208V | 163A | 2/0 AWG | $800–$1,200 |",OTHER,OK — FAQ question / URL / label / state-program / no-credit statement / incidental
content/electrical/water-heater-amps.mdx,123,"The heat pump pays for itself in 3–4 years through energy savings alone. Note: the federal 25C credit (up to $2,000) expired for installs after Dec 31, 2025 under the OBBBA; state and utility rebates remain available in 2026.",OTHER,OK — FAQ question / URL / label / state-program / no-credit statement / incidental
content/electrical/water-heater-amps.mdx,190,- **Heat pumps save $400–$600/year** vs. standard tanks with identical wiring requirements,OTHER,OK — FAQ question / URL / label / state-program / no-credit statement / incidental
content/ac-sizing-selection/ac-size-for-2500-sq-ft.mdx,63,"| Single 5-ton (oversized) | $7,000–$11,000 | $600–$950 | Fair (short cycling risk) |",OTHER,OK — FAQ question / URL / label / state-program / no-credit statement / incidental
content/ac-sizing-selection/ac-size-for-2500-sq-ft.mdx,124,"6. At this size, invest in a professional Manual J — the $300–$500 fee prevents a $2,000+ sizing mistake",OTHER,OK — FAQ question / URL / label / state-program / no-credit statement / incidental
content/ac-sizing-selection/ac-size-for-2500-sq-ft.mdx,137,"Single system: $5,000–$13,000 installed. Dual system: $8,000–$16,000 installed. Annual cooling costs: $400–$800 in moderate climates, $600–$1,100 in hot climates. Over 15 years, total cost of ownership for a 2,500 sq ft home ranges from $15,000 to $30,000+ including equipment, installation, and ener",OTHER,OK — FAQ question / URL / label / state-program / no-credit statement / incidental
content/ac-sizing-selection/what-size-mini-split-for-garage.mdx,119,"Insulating the garage (walls + ceiling + door) for $2,000–$3,500 drops the required BTU to approximately 16,000–18,000, allowing an 18K unit instead of 30K. The 18K unit costs $1,000+ less to purchase and $100–$200/year less to operate. In this case, insulating first saves money compared to upsizing",PRICING_RANGE_NOT_A_CREDIT,"OK — pricing range / savings amount, no credit-claim verb"
content/ac-sizing-selection/what-size-mini-split-for-garage.mdx,128,"| Ceiling insulation (R-30) | $400–$1,200 | 10–20% | 2–3 years |",OTHER,OK — FAQ question / URL / label / state-program / no-credit statement / incidental
content/ac-sizing-selection/what-size-mini-split-for-garage.mdx,175,"Yes, if you use the garage regularly as a workshop, gym, office, or living space. A mini split costs $2,000–$4,500 installed and provides both heating and cooling with high efficiency. It's more cost-effective than portable AC units (which waste 30–40% of their cooling) and more permanent than space",OTHER,OK — FAQ question / URL / label / state-program / no-credit statement / incidental
content/ac-sizing-selection/what-size-mini-split-for-garage.mdx,183,"A single-zone garage mini split costs $2,000–$4,500 installed in 2026, including the indoor head, outdoor unit, refrigerant lines, electrical work, and labor. Factors that increase cost: longer line set runs (detached garages), electrical panel upgrades, cold-climate models (+$300–$500), and premium",OTHER,OK — FAQ question / URL / label / state-program / no-credit statement / incidental
content/ac-sizing-selection/what-size-mini-split-for-garage.mdx,207,"A mini split is better for garages used regularly: it's more efficient (SEER2 18–33 vs CEER 10–12), quieter (19–28 dB vs 50+ dB), provides heating, and doesn't occupy a window. A window AC is cheaper ($200–$500 vs $2,000–$4,500) and makes sense for occasional cooling in a garage you only use a few h",OTHER,OK — FAQ question / URL / label / state-program / no-credit statement / incidental
content/ac-sizing-selection/ac-size-for-3000-sq-ft.mdx,96,"**Result: Single 5-ton system with three-zone damper setup.** The split-level creates natural zones. Three-zone dampers ($1,000–$2,000) make one system work like three.",OTHER,OK — FAQ question / URL / label / state-program / no-credit statement / incidental
content/ac-sizing-selection/ac-size-for-3000-sq-ft.mdx,103,"| 14 | $75–$100 | $130–$180 | $450–$600 | $780–$1,080 |",OTHER,OK — FAQ question / URL / label / state-program / no-credit statement / incidental
content/ac-sizing-selection/ac-size-for-3000-sq-ft.mdx,104,| 18 | $58–$78 | $100–$140 | $350–$470 | $600–$840 |,OTHER,OK — FAQ question / URL / label / state-program / no-credit statement / incidental
content/ac-sizing-selection/ac-size-for-3000-sq-ft.mdx,141,"Single 5-ton system: $7,000–$14,000 installed. Dual system: $10,000–$18,000 installed. Premium variable-speed dual systems: $16,000–$26,000. Annual cooling: $450–$700 in moderate climates, $700–$1,200 in hot climates. Get multiple quotes and insist on Manual J calculations.",OTHER,OK — FAQ question / URL / label / state-program / no-credit statement / incidental
content/ac-sizing-selection/what-size-tankless-water-heater.mdx,117,"| **Unit cost (2026)** | $600–$2,000 | $200–$900 |",OTHER,OK — FAQ question / URL / label / state-program / no-credit statement / incidental
content/ac-sizing-selection/what-size-tankless-water-heater.mdx,227,"The federal Section 25C tax credit (which covered up to **$2,000 per year** for qualifying ENERGY STAR water heaters, including heat pump water heaters and high-efficiency gas tankless units with UEF ≥ 0.95) **expired for property placed in service after Dec 31, 2025** under the OBBBA (PL 119-21, si",OTHER,OK — FAQ question / URL / label / state-program / no-credit statement / incidental
content/ac-sizing-selection/what-size-tankless-water-heater.mdx,237,"6. The federal 25C credit (which covered up to $2,000 for qualifying ENERGY STAR tankless water heaters) expired for installs after Dec 31, 2025 (OBBBA); for 2026, state/utility rebates and IRA HEAR / HOMES are the active pathways",OTHER,OK — FAQ question / URL / label / state-program / no-credit statement / incidental
content/ac-sizing-selection/what-size-tankless-water-heater.mdx,254,"Tankless units save 8–34% on water heating energy costs compared to standard tank heaters, according to the DOE. For a household spending $300/year on water heating, that's $25–$100 annual savings. At a $1,500–$3,000 installed cost premium over tank heaters, the payback period is 10–25 years. The re",OTHER,OK — FAQ question / URL / label / state-program / no-credit statement / incidental
content/ac-sizing-selection/what-size-tankless-water-heater.mdx,274,"Condensing units cost $200–$500 more but achieve 92–96% efficiency (vs 80–85% non-condensing), save $50–$100/year on gas, and allow cheaper PVC venting. Through Dec 31, 2025, condensing units (UEF ≥ 0.95) also qualified for the federal 25C credit (30% up to $2,000); the credit expired under the OBBB",OTHER,OK — FAQ question / URL / label / state-program / no-credit statement / incidental
content/ac-sizing-selection/what-size-tankless-water-heater.mdx,286,- [IRS – Energy Efficient Home Improvement Credit (25C)](https://www.irs.gov/credits-deductions/energy-efficient-home-improvement-credit),OTHER,OK — FAQ question / URL / label / state-program / no-credit statement / incidental
content/ac-sizing-selection/ac-size-for-2000-sq-ft.mdx,45,"| Zone 4 (Mixed) | Nashville, DC, St. Louis | 36,000–44,000 | 3–3.5 ton | $400–$600 |",OTHER,OK — FAQ question / URL / label / state-program / no-credit statement / incidental
content/ac-sizing-selection/ac-size-for-2000-sq-ft.mdx,144,"Equipment + installation: $4,000–$12,000 depending on system type and efficiency. A budget 3-ton central AC runs $4,000–$6,000. A premium variable-speed system runs $7,000–$11,000. Annual cooling costs: $300–$700 in moderate climates, $600–$1,100 in hot climates. Over 15 years, total ownership cost ",OTHER,OK — FAQ question / URL / label / state-program / no-credit statement / incidental
content/ac-sizing-selection/ac-size-for-2000-sq-ft.mdx,168,"At 2,000 sq ft, efficiency upgrades generate meaningful savings. In hot climates (Zones 1–3, 1,500+ cooling hours), invest in SEER2 18–22 — the $2,000–$4,000 premium pays back in 5–8 years. In moderate climates (Zone 4), SEER2 16–18 offers the best value. In cool climates (Zones 5–6, under 800 cooli",OTHER,OK — FAQ question / URL / label / state-program / no-credit statement / incidental
content/ac-sizing-selection/air-conditioner-btu-calculator.mdx,331,"| **Installation cost** | $150–$700 | $2,000–$5,000/zone | $3,500–$8,000 |",OTHER,OK — FAQ question / URL / label / state-program / no-credit statement / incidental
content/ac-sizing-selection/water-heater-sizing-calculator.mdx,101,"| **Upfront cost (installed)** | $800–$2,000 | $1,500–$4,500 |",OTHER,OK — FAQ question / URL / label / state-program / no-credit statement / incidental
content/ac-sizing-selection/water-heater-sizing-calculator.mdx,103,| **Annual operating cost (electric)** | $400–$600 | $300–$500 |,OTHER,OK — FAQ question / URL / label / state-program / no-credit statement / incidental
content/ac-sizing-selection/water-heater-sizing-calculator.mdx,126,"| Federal 25C credit | EXPIRED for installs after Dec 31, 2025 (OBBBA); HPWH-eligible state/utility rebates + IRA HEAR/HOMES still active |",OTHER,OK — FAQ question / URL / label / state-program / no-credit statement / incidental
content/ac-sizing-selection/water-heater-sizing-calculator.mdx,146,"**Tank option:** 40-gallon electric tank with FHR of 40 gallons. Cost: $800–$1,200 installed. Annual operating cost: $350.",OTHER,OK — FAQ question / URL / label / state-program / no-credit statement / incidental
content/ac-sizing-selection/water-heater-sizing-calculator.mdx,148,"**HPWH option:** 50-gallon heat pump water heater. Cost: $2,000–$2,800 installed. Annual operating cost: $120. **Federal 25C credit: $0** (expired Dec 31, 2025 under the OBBBA; previously covered up to $2,000). **IRA HEAR (income-qualified):** up to $1,750. **2026 effective cost: $2,000–$2,800** bef",OTHER,OK — FAQ question / URL / label / state-program / no-credit statement / incidental
content/ac-sizing-selection/water-heater-sizing-calculator.mdx,171,"4. Heat pump water heaters are the most efficient electric option (UEF 2.0–4.0); the federal 25C credit (which covered up to $2,000 for qualifying HPWHs) expired for installs after Dec 31, 2025 (OBBBA), but state/utility rebates and IRA HEAR / HOMES remain active for 2026 installs",OTHER,OK — FAQ question / URL / label / state-program / no-credit statement / incidental
content/ac-sizing-selection/water-heater-sizing-calculator.mdx,186,"Choose tankless if you want unlimited hot water, have 1–4 people, gas is available, and you plan to stay in your home 10+ years (to recoup the higher upfront cost). Choose a tank if you have a large family (5+), limited budget, or cold-climate electric-only service. Choose a heat pump water heater i",OTHER,OK — FAQ question / URL / label / state-program / no-credit statement / incidental
content/ac-sizing-selection/water-heater-sizing-calculator.mdx,206,"Standard gas tank (50 gallon): $1,000–$1,800 installed. Standard electric tank (50 gallon): $800–$1,500 installed. Gas tankless: $2,000–$4,500 installed. Electric tankless: $1,000–$2,500 installed. Heat pump water heater: $2,000–$3,500 installed. (The federal 25C credit that previously knocked up to",OTHER,OK — FAQ question / URL / label / state-program / no-credit statement / incidental
content/ac-sizing-selection/what-size-generator-do-i-need.mdx,200,"| Portable (midsize) | 4,000–7,500W | Gas/dual fuel | Essential home circuits | $800–$2,000 |",OTHER,OK — FAQ question / URL / label / state-program / no-credit statement / incidental
content/ac-sizing-selection/what-size-generator-do-i-need.mdx,281,"John in Oklahoma has a 3-ton central AC (3,800W running, 8,500W starting). Without a soft-start, he needs at least a 14,000W generator to run the AC plus essentials. After installing a $250 soft-start kit, the AC starting watts drop to 3,800W. Now his total starting load fits within an 8,000W portab",OTHER,OK — FAQ question / URL / label / state-program / no-credit statement / incidental
content/ac-sizing-selection/what-size-generator-do-i-need.mdx,317,"3. Soft-start kits ($100–$350) reduce AC starting watts by 60–70%, potentially saving $2,000+ on generator size",OTHER,OK — FAQ question / URL / label / state-program / no-credit statement / incidental
content/ac-sizing-selection/ac-size-for-500-sq-ft.mdx,67,"| Portable AC | 10,000–14,000 | $350–$600 | 7–9 CEER | 52–60 dB | No window options |",OTHER,OK — FAQ question / URL / label / state-program / no-credit statement / incidental
content/ac-sizing-selection/ac-size-for-500-sq-ft.mdx,68,"| Mini split (12K) | 12,000 | $2,000–$3,500 | 18–33 SEER2 | 19–28 dB | Permanent, quiet, efficient |",OTHER,OK — FAQ question / URL / label / state-program / no-credit statement / incidental
content/ac-sizing-selection/ac-size-for-500-sq-ft.mdx,73,"**Best value for 500 sq ft in 2026:** A 12,000 BTU mini split offers the best long-term value — it's whisper-quiet (19–28 dB), highly efficient (SEER2 18–33), provides both heating and cooling, and lasts 15–20 years. The $2,000–$3,500 installed cost is 3–5× a window unit's price, but the energy savi",OTHER,OK — FAQ question / URL / label / state-program / no-credit statement / incidental
content/ac-sizing-selection/ac-size-for-500-sq-ft.mdx,101,"**Result: 11,590 BTU → 12,000 BTU mini split (heat pump).** A 12K mini split is the perfect fit for this in-law suite — it handles both cooling and the mild Austin winters, can qualify for IRA HEAR (income-qualified, up to $8,000 for heat pumps) or HOMES (performance-based) plus state/utility rebate",OTHER,OK — FAQ question / URL / label / state-program / no-credit statement / incidental
content/ac-sizing-selection/ac-size-for-500-sq-ft.mdx,115,"**Result: 12,042 BTU → 12,000 BTU mini split.** The mini split provides both cooling (Portland's occasional 90°F+ heat waves) and year-round heating for this workspace. A 12K cold-climate mini split works well in Portland and qualifies for Oregon's heat pump rebate programs (Energy Trust of Oregon) ",OTHER,OK — FAQ question / URL / label / state-program / no-credit statement / incidental
content/ac-sizing-selection/ac-size-for-500-sq-ft.mdx,122,"| **Upfront cost** | $300–$500 | $2,000–$3,500 | $400–$600 |",OTHER,OK — FAQ question / URL / label / state-program / no-credit statement / incidental
content/ac-sizing-selection/ac-size-for-500-sq-ft.mdx,131,"| **Federal 25C credit** | No | EXPIRED Dec 31, 2025 (OBBBA); state/utility + IRA HEAR/HOMES still active | No |",EXPIRED_FRAMED,OK — explicit past-tense / OBBBA-expired / negative-eligibility sentence
content/ac-sizing-selection/ac-size-for-500-sq-ft.mdx,196,"The cheapest upfront option is a 10,000 BTU window AC ($200–$350). The cheapest over 10 years is a 12,000 BTU mini split — higher upfront ($2,000–$3,500) but $60–$100/year energy savings drive the total cost of ownership lower. (Note: the federal 25C credit — up to $2,000 for qualifying heat pumps —",OTHER,OK — FAQ question / URL / label / state-program / no-credit statement / incidental
content/ac-sizing-selection/ac-tonnage-calculator.mdx,273,"Each additional ton of AC capacity adds approximately $500–$1,500 to the equipment cost and $200–$500 to installation cost. A 4-ton system typically costs $1,000–$2,000 more than a 3-ton system of the same brand and efficiency level. However, the real cost of wrong sizing isn't in the equipment — it",OTHER,OK — FAQ question / URL / label / state-program / no-credit statement / incidental
content/ac-sizing-selection/how-many-mini-splits-do-i-need.mdx,151,"| Bonus room over garage too hot | 1 × 12,000 BTU single-zone | $2,000–$3,500 |",OTHER,OK — FAQ question / URL / label / state-program / no-credit statement / incidental
content/ac-sizing-selection/how-many-mini-splits-do-i-need.mdx,154,"| Finished basement too cold/hot | 1 × 12,000–18,000 BTU | $2,000–$4,000 |",OTHER,OK — FAQ question / URL / label / state-program / no-credit statement / incidental
content/ac-sizing-selection/how-many-mini-splits-do-i-need.mdx,179,"| 1 zone | Single-zone | $800–$1,800 | $1,200–$2,500 | $2,000–$4,300 |",OTHER,OK — FAQ question / URL / label / state-program / no-credit statement / incidental
content/ac-sizing-selection/how-many-mini-splits-do-i-need.mdx,180,"| 2 zones | Multi-zone | $1,800–$3,200 | $2,000–$3,500 | $3,800–$6,700 |",OTHER,OK — FAQ question / URL / label / state-program / no-credit statement / incidental
content/ac-sizing-selection/how-many-mini-splits-do-i-need.mdx,186,"The federal Section 25C credit (which covered up to $2,000 for qualifying heat pump mini splits) expired for installs after Dec 31, 2025 under the OBBBA. For 2026 installs, state and utility rebates ($500–$2,000) plus IRA HEAR (income-qualified, up to $8,000) and HOMES (open to all incomes, performa",OTHER,OK — FAQ question / URL / label / state-program / no-credit statement / incidental
content/ac-sizing-selection/how-many-mini-splits-do-i-need.mdx,196,"6. Supplemental single-zone mini splits ($2,000–$4,500) solve hot/cold rooms at a fraction of whole-system cost",OTHER,OK — FAQ question / URL / label / state-program / no-credit statement / incidental
content/ac-sizing-selection/how-many-mini-splits-do-i-need.mdx,233,"A whole-home mini split system for a 3-bedroom, 1,500–2,000 sq ft home costs $8,000–$16,000 installed (4–5 zones). For a 4-bedroom, 2,500+ sq ft home: $12,000–$22,000 (5–7 zones). These include all indoor heads, outdoor units, refrigerant lines, electrical work, and labor. The federal 25C credit (up",OTHER,OK — FAQ question / URL / label / state-program / no-credit statement / incidental
content/ac-sizing-selection/mini-split-sizing-calculator.mdx,300,"Single-zone mini split installation costs $2,000–$5,000 total (unit + labor) for a 9,000–18,000 BTU system. Multi-zone systems run $5,000–$15,000 for 2–4 zones. Costs vary by region, brand, line set length, and installation complexity. Premium brands (Mitsubishi, Daikin) cost 20–40% more than budget",OTHER,OK — FAQ question / URL / label / state-program / no-credit statement / incidental
content/ac-sizing-selection/ac-size-for-1500-sq-ft.mdx,98,"**Result: 58,025 BTU → 5-ton system.** Manufactured homes in hot climates are among the hardest to cool efficiently. Upgrading windows and insulating ducts would reduce this to a 3–3.5 ton system — saving $1,500–$2,000 on equipment plus $300–$500/year on electricity.",PRICING_RANGE_NOT_A_CREDIT,"OK — pricing range / savings amount, no credit-claim verb"
content/ac-sizing-selection/ac-size-for-1500-sq-ft.mdx,127,"**Before buying a bigger AC, fix your ducts.** A 1,500 sq ft home with leaky attic ductwork might calculate at 3.5 tons. Sealing and insulating those ducts for $1,000–$2,000 drops the requirement to 2.5 tons — saving $1,000–$2,000 on equipment plus $200–$400/year in energy. The duct work pays for it",OTHER,OK — FAQ question / URL / label / state-program / no-credit statement / incidental
content/ac-sizing-selection/heat-pump-size-calculator.mdx,203,"**Federal incentives in 2026:** The Section 25C Energy Efficient Home Improvement Credit (which covered 30% of project cost up to $2,000) expired for property placed in service after Dec 31, 2025 under the OBBBA. For 2026 installs, the active federal pathways are the IRA HEAR (income-qualified, up t",OTHER,OK — FAQ question / URL / label / state-program / no-credit statement / incidental
content/ac-sizing-selection/heat-pump-size-calculator.mdx,232,"6. The federal 25C credit (30%, capped at $2,000 for qualifying heat pumps) expired for installs after Dec 31, 2025 under the OBBBA; for 2026 installs, IRA HEAR (income-qualified, up to $8,000) and HOMES (open to all incomes, performance-based) plus state/utility rebates are the active pathways",OTHER,OK — FAQ question / URL / label / state-program / no-credit statement / incidental
content/ac-sizing-selection/heat-pump-size-calculator.mdx,257,"Central ducted heat pump installation ranges from $5,000 to $15,000 depending on tonnage, efficiency, and brand. Ductless mini split heat pumps range from $2,000 to $5,000 per zone. Before any rebates, a typical 3-ton ducted heat pump system costs $7,000–$10,000 installed. The federal 25C credit (wh",OTHER,OK — FAQ question / URL / label / state-program / no-credit statement / incidental
content/ac-sizing-selection/heat-pump-size-calculator.mdx,283,- [IRS – Energy Efficient Home Improvement Credit (25C)](https://www.irs.gov/credits-deductions/energy-efficient-home-improvement-credit),OTHER,OK — FAQ question / URL / label / state-program / no-credit statement / incidental
content/ac-sizing-selection/furnace-sizing-calculator.mdx,198,"**Best practice for 2026:** Unless budget is the only constraint, choose at minimum a two-stage furnace. The low-fire stage runs longer, distributes heat more evenly, operates more quietly, and filters air better. Modulating furnaces cost $500–$1,200 more but deliver the best comfort and efficiency.",OTHER,OK — FAQ question / URL / label / state-program / no-credit statement / incidental
content/ac-sizing-selection/ac-size-for-1000-sq-ft.mdx,155,"One window AC cannot effectively cool 1,000 sq ft — the maximum practical range for a window unit is about 550 sq ft (for a 12,000 BTU model). For 1,000 sq ft, you'd need 2–3 window units placed strategically. This costs $500–$1,200 total but is less efficient and more intrusive than a single mini s",OTHER,OK — FAQ question / URL / label / state-program / no-credit statement / incidental
content/dehumidifiers/dehumidifier-guide.mdx,142,"[""Commercial"", ""150–350 pints/day"", ""5,000–15,000 sq ft"", ""$1,200–$3,500"", ""900–1,800W""]",OTHER,OK — FAQ question / URL / label / state-program / no-credit statement / incidental
content/dehumidifiers/dehumidifier-guide.mdx,237,"[""Commercial (150+ pt/day)"", ""$1,200"", ""$2,000"", ""$3,500""]",OTHER,OK — FAQ question / URL / label / state-program / no-credit statement / incidental
content/dehumidifiers/best-commercial-dehumidifiers.mdx,192,"**Result:** Humidity maintained at 55–58% year-round. No condensation on windows or ceiling. Annual operating cost: approximately $1,200 in electricity.",OTHER,OK — FAQ question / URL / label / state-program / no-credit statement / incidental
content/dehumidifiers/most-energy-efficient-dehumidifiers.mdx,121,"[""Ultra-Aire SD12"", ""120 pt/day"", ""2.65"", ""880W"", ""$19.89"", ""$1,700–$2,000""],",OTHER,OK — FAQ question / URL / label / state-program / no-credit statement / incidental
content/dehumidifiers/most-energy-efficient-dehumidifiers.mdx,122,"[""AprilAire E080"", ""80 pt/day"", ""2.60"", ""780W"", ""$18.36"", ""$1,200–$1,450""],",OTHER,OK — FAQ question / URL / label / state-program / no-credit statement / incidental
content/dehumidifiers/most-energy-efficient-dehumidifiers.mdx,131,"Whole-house dehumidifiers look expensive upfront ($1,100–$2,000 for the unit alone), but their higher efficiency and lower daily runtime often make them cheaper to operate monthly than large portable units. The Santa Fe Advance120 removes 120 pints/day at a monthly cost similar to a 50-pint portable",OTHER,OK — FAQ question / URL / label / state-program / no-credit statement / incidental
content/dehumidifiers/best-whole-house-dehumidifiers.mdx,29,"The best whole-house dehumidifier in 2026 is the AprilAire E100 — it removes 100 pints per day, achieves an IEF of 2.70 L/kWh, and integrates seamlessly with most HVAC systems for $1,350–$1,600 (unit only) or $2,000–$2,800 installed. For maximum capacity, the Santa Fe Advance120 leads at 120 pints/d",OTHER,OK — FAQ question / URL / label / state-program / no-credit statement / incidental
content/dehumidifiers/best-whole-house-dehumidifiers.mdx,41,"[""AprilAire E100"", ""Best overall"", ""100 pt/day"", ""2.70"", ""830W"", ""$1,350–$1,600"", ""$2,000–$2,800""],",OTHER,OK — FAQ question / URL / label / state-program / no-credit statement / incidental
content/dehumidifiers/best-whole-house-dehumidifiers.mdx,43,"[""AprilAire E080"", ""Best for smaller homes"", ""80 pt/day"", ""2.60"", ""780W"", ""$1,200–$1,450"", ""$1,800–$2,500""],",OTHER,OK — FAQ question / URL / label / state-program / no-credit statement / incidental
content/dehumidifiers/best-whole-house-dehumidifiers.mdx,44,"[""Ultra-Aire SD12"", ""Best for new construction"", ""120 pt/day"", ""2.65"", ""880W"", ""$1,700–$2,000"", ""$2,300–$3,300""],",OTHER,OK — FAQ question / URL / label / state-program / no-credit statement / incidental
content/dehumidifiers/best-whole-house-dehumidifiers.mdx,46,"[""Honeywell DR120"", ""Best budget option"", ""120 pt/day"", ""2.35"", ""920W"", ""$1,400–$1,700"", ""$2,000–$2,800""]",OTHER,OK — FAQ question / URL / label / state-program / no-credit statement / incidental
content/dehumidifiers/best-whole-house-dehumidifiers.mdx,77,"Installation takes a qualified HVAC technician 4–8 hours. Labor costs typically range from $500–$1,200 depending on complexity and local rates.",OTHER,OK — FAQ question / URL / label / state-program / no-credit statement / incidental
content/dehumidifiers/best-whole-house-dehumidifiers.mdx,88,"[""Installation cost"", ""$500–$1,200 labor"", ""$100–$300 labor""],",OTHER,OK — FAQ question / URL / label / state-program / no-credit statement / incidental
content/dehumidifiers/best-whole-house-dehumidifiers.mdx,140,"[""10-year running cost"", ""$1,200"", ""$2,520""],",OTHER,OK — FAQ question / URL / label / state-program / no-credit statement / incidental
content/dehumidifiers/best-whole-house-dehumidifiers.mdx,187,"answer: ""Total installed cost ranges from $1,800 to $3,200 in 2026. The unit itself costs $1,100-$2,000 depending on capacity and brand. Professional installation labor adds $500-$1,200, varying by complexity and local labor rates. Retrofit installations in existing homes tend toward the higher end;",PRICING_RANGE_NOT_A_CREDIT,"OK — pricing range / savings amount, no credit-claim verb"
content/air-quality/air-purifier-guide.mdx,194,**Total cost of ownership over 5 years** is a better comparison metric than purchase price. A $600 Austin Air HealthMate with $40/year filter costs totals $800 over 5 years. A $200 unit with $120/year filter costs totals $800 over 5 years. The math often favors premium units.,OTHER,OK — FAQ question / URL / label / state-program / no-credit statement / incidental
content/air-quality/best-air-purifiers.mdx,54,"[""4"", ""Winix 5500-2"", ""232/243/246"", ""279 sq ft"", ""28/52 dB"", ""$600–720"", ""$150–170""],",OTHER,OK — FAQ question / URL / label / state-program / no-credit statement / incidental
content/air-quality/best-air-curtains.mdx,63,"[""2"", ""Berner Sanitation Certified"", ""36-120 in"", ""1,400-2,800 FPM"", ""1,200-4,500"", ""Yes"", ""$1,200-4,000""],",OTHER,OK — FAQ question / URL / label / state-program / no-credit statement / incidental
content/air-quality/best-air-curtains.mdx,65,"[""4"", ""Curtron AP-2 Pest Pro"", ""36-72 in"", ""1,200-2,000 FPM"", ""800-1,600"", ""No"", ""$600-1,200""],",OTHER,OK — FAQ question / URL / label / state-program / no-credit statement / incidental
content/air-quality/best-air-curtains.mdx,66,"[""5"", ""Berner Commercial High Performance"", ""36-144 in"", ""2,000-3,500 FPM"", ""3,000-8,000"", ""Yes"", ""$2,000-6,000""]",OTHER,OK — FAQ question / URL / label / state-program / no-credit statement / incidental
content/air-quality/best-air-curtains.mdx,157,"[""Retail store (moderate climate)"", ""200"", ""$3,000-5,000"", ""$600-1,500"", ""$2,000-3,500""],",OTHER,OK — FAQ question / URL / label / state-program / no-credit statement / incidental
content/air-quality/best-air-curtains.mdx,159,"[""Warehouse (cold storage)"", ""50-100"", ""$8,000-15,000"", ""$2,000-4,500"", ""$6,000-10,500""],",OTHER,OK — FAQ question / URL / label / state-program / no-credit statement / incidental
content/air-quality/best-hepa-air-purifiers.mdx,57,"[""AirDoctor AD5500"", ""UltraHEPA"", ""416"", ""Sealed housing"", ""20.8"", ""Yes (CARB cert)"", ""$600–750""],",OTHER,OK — FAQ question / URL / label / state-program / no-credit statement / incidental
content/air-quality/allergen-control-guide.mdx,272,"- Cost: $1,200-$2,800 installed",OTHER,OK — FAQ question / URL / label / state-program / no-credit statement / incidental
content/air-quality/allergen-control-guide.mdx,345,"- Whole-house systems: $2,000-$5,000",OTHER,OK — FAQ question / URL / label / state-program / no-credit statement / incidental
content/air-quality/allergen-control-guide.mdx,355,- Coil sterilization: $300-$600,OTHER,OK — FAQ question / URL / label / state-program / no-credit statement / incidental
content/air-quality/allergen-control-guide.mdx,356,"- Air stream treatment: $400-$1,200",OTHER,OK — FAQ question / URL / label / state-program / no-credit statement / incidental
content/air-quality/allergen-control-guide.mdx,372,"- Cost: $600-$1,500 installed",OTHER,OK — FAQ question / URL / label / state-program / no-credit statement / incidental
content/air-quality/allergen-control-guide.mdx,441,"- Large homes (3,000+ sq ft): $600-$1,200",PRICING_RANGE_NOT_A_CREDIT,"OK — pricing range / savings amount, no credit-claim verb"
content/air-quality/allergen-control-guide.mdx,473,"- Cost: $1,200-$2,800 installed",OTHER,OK — FAQ question / URL / label / state-program / no-credit statement / incidental
content/air-quality/allergen-control-guide.mdx,643,"**Comprehensive System** ($2,000-$5,000):",OTHER,OK — FAQ question / URL / label / state-program / no-credit statement / incidental
content/air-quality/allergen-control-guide.mdx,667,"- Reduced doctor visits: $300-$1,200 annually",OTHER,OK — FAQ question / URL / label / state-program / no-credit statement / incidental
content/air-quality/allergen-control-guide.mdx,668,"- Fewer missed work/school days: $500-$2,000 value",OTHER,OK — FAQ question / URL / label / state-program / no-credit statement / incidental
content/air-quality/best-air-purifier-humidifier-combo.mdx,28,"The Dyson Purifier Humidify+Cool PH04 is the best air purifier and humidifier combo in 2026, combining H13-equivalent HEPA filtration with hygienic humidification that uses UV-C to kill 99.9% of bacteria in the water before dispersal. For most homes, however, separate dedicated units outperform comb",OTHER,OK — FAQ question / URL / label / state-program / no-credit statement / incidental
content/air-quality/best-air-purifier-humidifier-combo.mdx,65,"[""1"", ""Dyson PH04 Purifier Humidify+Cool"", ""H13-equiv."", ""~200 est."", ""350 mL/hr, UV-C treated"", ""26 dB"", ""$600–750""],",OTHER,OK — FAQ question / URL / label / state-program / no-credit statement / incidental
content/air-quality/best-air-purifier-humidifier-combo.mdx,79,"**The catch:** At $600–750, it costs more than a Coway AP-1512HH ($200) plus a quality humidifier ($50)—and the separate setup purifies air better (233 vs ~200 CFM CADR). You're paying for integration, design, and the UV-C hygiene system.",OTHER,OK — FAQ question / URL / label / state-program / no-credit statement / incidental
content/air-quality/air-purifier-sizing-guide.mdx,299,"answer: ""Typically 3–5 units, depending on your floor plan. Each closed bedroom needs its own unit. Open common areas share one or two units. A typical setup: one unit per bedroom (3), one for the main living area, and optionally one for a home office or basement. Whole-home coverage with portables ",OTHER,OK — FAQ question / URL / label / state-program / no-credit statement / incidental
content/air-quality/best-large-room-air-purifiers.mdx,134,"[""2x Blueair 211i Max"", ""700 CFM"", ""7.5"", ""$200–240"", ""$600–700""],",OTHER,OK — FAQ question / URL / label / state-program / no-credit statement / incidental
content/air-quality/best-air-scrubbers.mdx,47,"[""Price"", ""$400–$2,000"", ""$100–$1,000""],",OTHER,OK — FAQ question / URL / label / state-program / no-credit statement / incidental
content/air-quality/best-air-scrubbers.mdx,64,"[""5"", ""Dri-Eaz DefendAir HEPA 500"", ""500"", ""3-stage HEPA"", ""Yes"", ""44 lbs"", ""$1,200–1,500""],",OTHER,OK — FAQ question / URL / label / state-program / no-credit statement / incidental
content/air-quality/uv-light-hvac-systems.mdx,154,"cost: ""$200-$600""",OTHER,OK — FAQ question / URL / label / state-program / no-credit statement / incidental
content/air-quality/uv-light-hvac-systems.mdx,160,"cost: ""$400-$1,200""",OTHER,OK — FAQ question / URL / label / state-program / no-credit statement / incidental
content/air-quality/uv-light-hvac-systems.mdx,309,- Dual lamp residential: $300-$600,OTHER,OK — FAQ question / URL / label / state-program / no-credit statement / incidental
content/air-quality/uv-light-hvac-systems.mdx,310,"- Commercial coil systems: $500-$2,000",OTHER,OK — FAQ question / URL / label / state-program / no-credit statement / incidental
content/air-quality/uv-light-hvac-systems.mdx,315,"- High-intensity hospital-grade: $2,000-$8,000",OTHER,OK — FAQ question / URL / label / state-program / no-credit statement / incidental
content/air-quality/uv-light-hvac-systems.mdx,327,"- Whole-house systems: $600-$1,200",OTHER,OK — FAQ question / URL / label / state-program / no-credit statement / incidental
content/air-quality/uv-light-hvac-systems.mdx,622,"- Price range: $400-$1,200",OTHER,OK — FAQ question / URL / label / state-program / no-credit statement / incidental
content/air-quality/uv-light-hvac-systems.mdx,648,"- Price range: $1,200-$8,000",OTHER,OK — FAQ question / URL / label / state-program / no-credit statement / incidental
content/air-quality/uv-light-hvac-systems.mdx,683,"answer: ""Installation costs range from $350-$1,200 for residential systems including equipment and labor. Annual operating costs are $165-$560 including electricity ($15-$60), lamp replacement ($50-$200), and maintenance ($100-$300). Systems typically pay for themselves in 2-5 years.""",OTHER,OK — FAQ question / URL / label / state-program / no-credit statement / incidental
content/air-quality/best-hvac-air-filters.mdx,197,"- **5-year savings**: $600-1,000",OTHER,OK — FAQ question / URL / label / state-program / no-credit statement / incidental
content/air-conditioners/smallest-acs-for-small-rooms.mdx,98,"| 1 | Mitsubishi MSZ-GL06NA | 6,000 | 33.1 | 19 dB | $2,000–$2,800 | Quietest possible |",OTHER,OK — FAQ question / URL / label / state-program / no-credit statement / incidental
content/air-conditioners/smallest-acs-for-small-rooms.mdx,100,"| 3 | MrCool DIY-09-HP | 9,000 | 22.0 | 25 dB | $800–$1,200 (DIY) | Lowest cost mini split |",OTHER,OK — FAQ question / URL / label / state-program / no-credit statement / incidental
content/air-conditioners/through-the-wall-air-conditioners.mdx,87,"| Total professional installation | Cut, frame, sleeve, seal, electrical | $200–$600 labor |",OTHER,OK — FAQ question / URL / label / state-program / no-credit statement / incidental
content/air-conditioners/through-the-wall-air-conditioners.mdx,107,| Installation labor | $0 (DIY) | $200–$600 |,OTHER,OK — FAQ question / URL / label / state-program / no-credit statement / incidental
content/air-conditioners/through-the-wall-air-conditioners.mdx,121,"4. **Total installation costs $650–$1,500** (unit + sleeve + labor). Budget $200–$600 for professional wall cutting and framing.",OTHER,OK — FAQ question / URL / label / state-program / no-credit statement / incidental
content/air-conditioners/through-the-wall-air-conditioners.mdx,133,"answer: ""Total installed cost ranges from $650-$1,500: unit ($480-$780), wall sleeve ($70-$100), and professional installation ($200-$600). Installation cost varies by wall material — wood frame is cheapest, brick and masonry cost more due to specialized cutting tools required.""",OTHER,OK — FAQ question / URL / label / state-program / no-credit statement / incidental
content/air-conditioners/window-too-small-for-ac.mdx,97,| Installation Cost | $200–$600 (professional) |,OTHER,OK — FAQ question / URL / label / state-program / no-credit statement / incidental
content/air-conditioners/window-too-small-for-ac.mdx,120,- Professional installation recommended ($200–$600),OTHER,OK — FAQ question / URL / label / state-program / no-credit statement / incidental
content/air-conditioners/window-too-small-for-ac.mdx,238,"answer: ""Total cost for a through-the-wall AC ranges from $650 to $1,520, including the unit ($400-$800), wall sleeve ($50-$120), and professional installation ($200-$600). The installation cost varies based on wall material — wood frame walls are cheapest, while brick and masonry cost more. Some mu",OTHER,OK — FAQ question / URL / label / state-program / no-credit statement / incidental
content/air-conditioners/window-ac-vs-mini-split.mdx,52,"| Property Value Impact | None | Adds $2,000–$5,000 | Mini Split |",OTHER,OK — FAQ question / URL / label / state-program / no-credit statement / incidental
content/air-conditioners/window-ac-vs-mini-split.mdx,63,"| 10,000–12,000 | $300–$520 | $2,000–$3,500 | 5x–7x more |",OTHER,OK — FAQ question / URL / label / state-program / no-credit statement / incidental
content/air-conditioners/window-ac-vs-mini-split.mdx,65,"| Multi-room (3 zones) | $600–$1,560 | $6,000–$10,000 | 6x–10x more |",OTHER,OK — FAQ question / URL / label / state-program / no-credit statement / incidental
content/air-conditioners/window-ac-vs-mini-split.mdx,69,"Some homeowners consider DIY mini split installation to save $1,000–$2,000 in labor. Pre-charged ""DIY"" mini split kits from brands like MrCool, Pioneer, and Senville cost $700–$2,500 and come with flared line sets that don't require HVAC tools.",OTHER,OK — FAQ question / URL / label / state-program / no-credit statement / incidental
content/air-conditioners/window-ac-vs-mini-split.mdx,100,"| 8K BTU, cooling only, avg rates | $250 | $2,000 | $22/yr | 79 years |",OTHER,OK — FAQ question / URL / label / state-program / no-credit statement / incidental
content/air-conditioners/window-ac-vs-mini-split.mdx,178,"The Reeves family bought a 1960s ranch in Raleigh, NC with no central AC. They chose a two-zone mini split (Fujitsu 18,000 BTU, SEER2 22) installed in **2025** for $5,400. It provides cooling in summer and efficient heat pump heating in winter, replacing both window ACs and two space heaters. Their ",OTHER,OK — FAQ question / URL / label / state-program / no-credit statement / incidental
content/air-conditioners/window-ac-vs-mini-split.mdx,200,"**Rebates can tip the scale further.** The federal Section 25C credit (30%, up to $2,000 for heat pump mini splits) **expired for installs after Dec 31, 2025** under the OBBBA. For 2026 installs, many states and utilities still offer $200–$1,000 in rebates, plus IRA HEAR (income-qualified, up to $8,",OTHER,OK — FAQ question / URL / label / state-program / no-credit statement / incidental
content/air-conditioners/window-ac-vs-mini-split.mdx,239,"- You want to **increase home value** ($2,000–$5,000 added value)",OTHER,OK — FAQ question / URL / label / state-program / no-credit statement / incidental
content/air-conditioners/window-ac-vs-mini-split.mdx,240,"- You qualify for **state/utility rebates and IRA HEAR/HOMES** for 2026 installs (can reduce cost 15–40%). The federal 25C tax credit (which previously added up to $2,000 for qualifying heat pump mini splits) expired Dec 31, 2025 under the OBBBA.",OTHER,OK — FAQ question / URL / label / state-program / no-credit statement / incidental
content/air-conditioners/window-ac-vs-mini-split.mdx,251,"5. **State/utility rebates + IRA HEAR/HOMES can cut 2026 mini split cost by 15–40%** (the federal 25C credit that previously added $2,000 for qualifying heat pump mini splits expired Dec 31, 2025 under the OBBBA).",OTHER,OK — FAQ question / URL / label / state-program / no-credit statement / incidental
content/air-conditioners/window-ac-vs-mini-split.mdx,259,"answer: ""For cooling only in a single room, the mini split rarely justifies the cost difference through energy savings alone. Where it becomes worth it: if you need heating too (heat pump saves $150-350/year), if noise matters greatly (mini splits are 15-25 dB quieter), if you plan to stay in the ho",OTHER,OK — FAQ question / URL / label / state-program / no-credit statement / incidental
content/air-conditioners/window-ac-vs-mini-split.mdx,267,"answer: ""A professionally installed mini split system typically adds $2,000-$5,000 to home value, depending on the system size and local market. Multi-zone systems add more. Window ACs add no home value since they're removable personal property. If you're planning to sell within a few years, the min",OTHER,OK — FAQ question / URL / label / state-program / no-credit statement / incidental
content/air-conditioners/window-ac-vs-mini-split.mdx,271,"answer: ""DIY mini split kits exist (MrCool, Pioneer, Senville) for $700-$2,500. They use pre-charged line sets that don't require HVAC-specific tools. However, most manufacturer warranties require proof of professional installation, and you'll still likely need an electrician for the dedicated circu",OTHER,OK — FAQ question / URL / label / state-program / no-credit statement / incidental
content/air-conditioners/window-ac-vs-mini-split.mdx,291,"answer: ""The closest option is a DIY mini split kit like MrCool DIY, starting around $700 for a 9,000 BTU unit. With installation materials and electrical work, total cost reaches $900-$1,200 — still 2-3x more than a comparable window AC. No mini split matches window AC pricing because the refrigera",OTHER,OK — FAQ question / URL / label / state-program / no-credit statement / incidental
content/air-conditioners/window-ac-vs-mini-split.mdx,304,"{ label: ""IRA Heat Pump Tax Credit (IRS)"", url: ""https://www.irs.gov/credits-deductions/energy-efficient-home-improvement-credit"" },",OTHER,OK — FAQ question / URL / label / state-program / no-credit statement / incidental
content/air-conditioners/most-energy-efficient-window-acs.mdx,274,"question: ""Are there federal tax credits for window air conditioners?"",",OTHER,OK — FAQ question / URL / label / state-program / no-credit statement / incidental
content/air-conditioners/most-energy-efficient-window-acs.mdx,275,"answer: ""As of 2026, there are no federal tax credits specifically for window air conditioners. The Inflation Reduction Act's energy efficiency tax credits apply to heat pumps, central AC, and insulation but not to room air conditioners. However, many local utilities offer rebates of $25–$75 for ENE",OTHER,OK — FAQ question / URL / label / state-program / no-credit statement / incidental
content/air-conditioners/portable-vs-window-ac.mdx,59,"- **Energy costs**: $600-1,000 (5 seasons)",OTHER,OK — FAQ question / URL / label / state-program / no-credit statement / incidental
content/air-conditioners/portable-vs-window-ac.mdx,380,"- **15,000-18,000 BTU**: $600-900",OTHER,OK — FAQ question / URL / label / state-program / no-credit statement / incidental
content/air-conditioners/air-conditioner-types.mdx,44,"| Central Air (Split) | 18,000–60,000 BTU | $3,500–$12,000 | $200–$600 | SEER2 14–26 | 55–75 dB (outdoor) | Professional |",OTHER,OK — FAQ question / URL / label / state-program / no-credit statement / incidental
content/air-conditioners/air-conditioner-types.mdx,46,"| PTAC | 7,000–15,000 BTU | $600–$1,200 | $60–$180 | EER 9–13 | 45–55 dB | Professional |",OTHER,OK — FAQ question / URL / label / state-program / no-credit statement / incidental
content/air-conditioners/air-conditioner-types.mdx,375,"- Can qualify for 2026 IRA HEAR (income-qualified, up to $8,000 for heat pumps) and HOMES (performance-based) — the federal 25C heat pump credit that previously added up to $2,000 expired Dec 31, 2025 under the OBBBA",EXPIRED_FRAMED,OK — explicit past-tense / OBBBA-expired / negative-eligibility sentence
content/air-conditioners/air-conditioner-types.mdx,411,| PTAC | $0.05–$0.08/BTU | $600–$960 |,OTHER,OK — FAQ question / URL / label / state-program / no-credit statement / incidental
content/air-conditioners/air-conditioner-types.mdx,451,"answer: ""Window air conditioners are the cheapest to buy, starting at $150 for a 5,000 BTU unit. Comparable capacity in other types: portable AC ($250+), through-the-wall ($400+), PTAC ($600+), and mini split ($1,500+ installed). Window ACs also have zero installation cost since they're DIY, while m",OTHER,OK — FAQ question / URL / label / state-program / no-credit statement / incidental
content/air-conditioners/ac-not-cooling.mdx,508,"**Never run AC with ice present.** Operating a system with frozen coils can damage the compressor, resulting in $2,000-4,000 repair costs. Always allow complete thaw before restarting.",OTHER,OK — FAQ question / URL / label / state-program / no-credit statement / incidental
content/air-conditioners/ac-not-cooling.mdx,694,"| Comprehensive Program | $300-500 | $600-1,000 | +8-10 years |",OTHER,OK — FAQ question / URL / label / state-program / no-credit statement / incidental
content/air-conditioners/window-air-conditioners.mdx,43,"The key difference between a $180 unit and a $600 unit comes down to three things: compressor type (fixed-speed vs. inverter), fan motor quality, and insulation between the indoor and outdoor sections. Inverter compressors adjust their speed to match cooling demand instead of cycling on/off, which m",OTHER,OK — FAQ question / URL / label / state-program / no-credit statement / incidental
content/furnaces-heating/best-gas-furnace-brands.mdx,299,"- **Don't overpay for the brand name.** In the 96% AFUE two-stage category, a Goodman performs virtually identically to a Carrier at $1,500–$2,000 less. The premium brands justify their cost primarily at the top-tier modulating level.",OTHER,OK — FAQ question / URL / label / state-program / no-credit statement / incidental
content/furnaces-heating/best-gas-furnace-brands.mdx,330,"answer: ""For most homeowners, a two-stage furnace is the best balance of comfort, efficiency, and cost. It runs at low fire (65-70% capacity) most of the time, providing more even temperatures and lower energy use than single-stage, at $1,000-$2,000 less than modulating. Modulating furnaces are wort",OTHER,OK — FAQ question / URL / label / state-program / no-credit statement / incidental
content/furnaces-heating/best-electric-furnace.mdx,4,"description: ""The best electric furnaces in 2026 from Goodman, Rheem, Carrier, and more. Equipment costs $800-$2,500 with installation totaling $2,000-$5,500. Full brand comparison with specs and pricing.""",OTHER,OK — FAQ question / URL / label / state-program / no-credit statement / incidental
content/furnaces-heating/best-electric-furnace.mdx,31,"The best electric furnaces in 2026 come from **Goodman** (best value at $800–$1,400), **Rheem** (best mid-range at $1,000–$1,800), and **Carrier** (best premium at $1,500–$2,500). Electric furnaces are simpler than gas units — no combustion, no flue, no gas line — so brand differences are less drama",OTHER,OK — FAQ question / URL / label / state-program / no-credit statement / incidental
content/furnaces-heating/best-electric-furnace.mdx,41,"[""Goodman"", ""MBR/?"","" 10–23 kW"", ""$800–$1,400"", ""$2,000–$3,800"", ""Lifetime HX, 5-yr parts"", ""Best budget option""],",OTHER,OK — FAQ question / URL / label / state-program / no-credit statement / incidental
content/furnaces-heating/best-electric-furnace.mdx,93,"The Thompsons installed a 20 kW electric furnace for $3,200 in their 2,000 sq ft home because it was $3,000 cheaper than a gas furnace installation (no gas line to their street). Their first winter heating bill: $2,800. A heat pump with electric backup would have cost $6,500 installed but cut heatin",OTHER,OK — FAQ question / URL / label / state-program / no-credit statement / incidental
content/furnaces-heating/best-electric-furnace.mdx,99,"- Electric furnaces cost **$2,000–$5,500 installed** — the cheapest upfront heating option.",OTHER,OK — FAQ question / URL / label / state-program / no-credit statement / incidental
content/furnaces-heating/best-electric-furnace.mdx,100,"- Operating costs are **2–3× higher than gas** in most markets. Budget $1,200–$2,500/year for a typical home.",OTHER,OK — FAQ question / URL / label / state-program / no-credit statement / incidental
content/furnaces-heating/best-electric-furnace.mdx,111,"answer: ""Total installed cost ranges from $2,000 to $5,500, with a national average of about $3,500. This includes the furnace ($800-$2,500), labor ($800-$2,000), electrical work, and permits. Electric furnaces are cheaper to install than gas furnaces because they don't require gas lines, venting, o",OTHER,OK — FAQ question / URL / label / state-program / no-credit statement / incidental
content/furnaces-heating/best-electric-furnace.mdx,131,"answer: ""Electric furnaces typically last 20-30 years — longer than gas furnaces (15-25 years) because there's no combustion stress on components. The heating elements may need replacement after 15-20 years ($100-$300 each), and the blower motor may need replacement after 10-15 years ($300-$600). Ov",OTHER,OK — FAQ question / URL / label / state-program / no-credit statement / incidental
content/furnaces-heating/how-long-do-furnaces-last.mdx,109,"[""Gas valve"", ""$250–$600"", ""Under 12 years"", ""Over 15 years""],",OTHER,OK — FAQ question / URL / label / state-program / no-credit statement / incidental
content/furnaces-heating/how-long-do-furnaces-last.mdx,111,"[""Inducer motor"", ""$200–$600"", ""Under 12 years"", ""Over 18 years""],",OTHER,OK — FAQ question / URL / label / state-program / no-credit statement / incidental
content/furnaces-heating/how-long-do-furnaces-last.mdx,166,"answer: ""National averages: gas furnace $5,500 installed ($3,500-$8,500 range), electric furnace $3,500 installed ($2,000-$5,500 range), oil furnace $7,200 installed ($5,000-$10,000 range). The biggest cost variables are efficiency rating, brand, and local labor rates.""",OTHER,OK — FAQ question / URL / label / state-program / no-credit statement / incidental
content/furnaces-heating/pilot-light-gas-usage.mdx,103,"The Hendersons had standing pilots on their furnace (1980s model), water heater (2005), and gas fireplace. Combined annual pilot cost at their local rate of $0.95/therm: $265. They replaced the furnace with a modern electronic ignition model ($5,200), and the water heater was already due for replace",OTHER,OK — FAQ question / URL / label / state-program / no-credit statement / incidental
content/furnaces-heating/furnace-maintenance.mdx,387,"| **Comprehensive Program** | $350-500 | $600-800 | $1,500-3,000 | $1,750-3,300 |",OTHER,OK — FAQ question / URL / label / state-program / no-credit statement / incidental
content/furnaces-heating/furnace-maintenance.mdx,401,"- **Net savings from extended life**: $2,000-5,000",OTHER,OK — FAQ question / URL / label / state-program / no-credit statement / incidental
content/furnaces-heating/boiler-vs-furnace.mdx,101,"| **Natural Gas** | $1,200-1,600 | $1,000-1,400 | Boiler |",OTHER,OK — FAQ question / URL / label / state-program / no-credit statement / incidental
content/furnaces-heating/boiler-vs-furnace.mdx,102,"| **Propane** | $2,000-2,800 | $1,800-2,500 | Boiler |",OTHER,OK — FAQ question / URL / label / state-program / no-credit statement / incidental
content/furnaces-heating/boiler-vs-furnace.mdx,126,"- **Distribution system**: $2,000-8,000 additional",OTHER,OK — FAQ question / URL / label / state-program / no-credit statement / incidental
content/furnaces-heating/boiler-vs-furnace.mdx,182,"- **Cost**: $2,000-5,000 for zoning controls",OTHER,OK — FAQ question / URL / label / state-program / no-credit statement / incidental
content/furnaces-heating/boiler-vs-furnace.mdx,449,"- **Annual operating**: $1,200",OTHER,OK — FAQ question / URL / label / state-program / no-credit statement / incidental
content/furnaces-heating/boiler-vs-furnace.mdx,451,"- **Major repairs**: $2,000 average",OTHER,OK — FAQ question / URL / label / state-program / no-credit statement / incidental
content/furnaces-heating/boiler-vs-furnace.mdx,458,"- **Longer lifespan**: $2,000 value (5 extra years)",OTHER,OK — FAQ question / URL / label / state-program / no-credit statement / incidental
content/furnaces-heating/boiler-vs-furnace.mdx,463,"- **Lower upfront cost**: $2,000",OTHER,OK — FAQ question / URL / label / state-program / no-credit statement / incidental
content/furnaces-heating/gas-vs-electric-heating-cost.mdx,4,"description: ""Compare gas vs electric heating costs with real data. Average gas heating costs $600–$1,200/year vs $1,200–$2,500/year for electric. Use our calculator with your local rates for an exact comparison.""",OTHER,OK — FAQ question / URL / label / state-program / no-credit statement / incidental
content/furnaces-heating/gas-vs-electric-heating-cost.mdx,148,"**No gas line available.** Running a new gas line from the street to your home costs $2,000–$15,000+ depending on distance and terrain. In rural areas, it may not be available at all. If you'd need to install gas infrastructure, the upfront cost erases years of fuel savings.",OTHER,OK — FAQ question / URL / label / state-program / no-credit statement / incidental
content/furnaces-heating/gas-vs-electric-heating-cost.mdx,150,"**Mild climate with low heating loads.** In a home that needs only $400–$600/year in heating (like in the Southeast or Southern California), the difference between gas and electric might be $200–$400/year — not enough to justify gas line costs and annual furnace maintenance.",OTHER,OK — FAQ question / URL / label / state-program / no-credit statement / incidental
content/furnaces-heating/gas-vs-electric-heating-cost.mdx,260,"answer: ""If natural gas is already available at your home, switching from electric resistance to gas typically saves $1,000–$3,000/year and pays back the conversion cost ($4,000–$7,000) in 2–5 years. If gas isn't available, the line installation cost ($2,000–$15,000+) may extend the payback to 5–10+",OTHER,OK — FAQ question / URL / label / state-program / no-credit statement / incidental
content/furnaces-heating/gas-vs-electric-heating-cost.mdx,268,"answer: ""Gas heating for a 2,000 sq ft home typically costs $80–$200 per month during winter in moderate-to-cold climates, using a 96% AFUE furnace at national average gas prices. In very cold climates (Minnesota, Wisconsin), expect $150–$250/month in the coldest months. Annual totals typically rang",OTHER,OK — FAQ question / URL / label / state-program / no-credit statement / incidental
content/furnaces-heating/furnace-vs-heat-pump.mdx,58,"[""4. Operating Cost (Heating)"", ""$600–$1,200/year"", ""$500–$1,500/year (climate-dependent)"", ""Furnace ✓ (cold) / Heat Pump ✓ (mild)""],",OTHER,OK — FAQ question / URL / label / state-program / no-credit statement / incidental
content/furnaces-heating/furnace-vs-heat-pump.mdx,59,"[""5. Equipment Cost"", ""$1,200–$4,500"", ""$2,500–$7,500"", ""Furnace ✓""],",OTHER,OK — FAQ question / URL / label / state-program / no-credit statement / incidental
content/furnaces-heating/furnace-vs-heat-pump.mdx,91,"[""Heat Pump (standalone)"", ""Heat pump + Air handler"", ""$5,000–$12,000"", ""$1,200–$2,800""],",OTHER,OK — FAQ question / URL / label / state-program / no-credit statement / incidental
content/furnaces-heating/furnace-vs-heat-pump.mdx,92,"[""Dual Fuel (Heat Pump + Gas Furnace)"", ""Heat pump + Furnace"", ""$8,000–$16,000"", ""$1,000–$2,000""],",OTHER,OK — FAQ question / URL / label / state-program / no-credit statement / incidental
content/furnaces-heating/furnace-vs-heat-pump.mdx,133,"[""Zone 4 (Nashville, Charlotte)"", ""3,500–4,500"", ""$600–$900"", ""$550–$900 (COP 2.7)"", ""Close — depends on rates""],",OTHER,OK — FAQ question / URL / label / state-program / no-credit statement / incidental
content/furnaces-heating/furnace-vs-heat-pump.mdx,135,"[""Zone 6 (Minneapolis, Boston)"", ""6,500–8,000"", ""$1,100–$1,600"", ""$1,300–$2,200 (COP 1.8)"", ""Gas Furnace by $200–$600""],",OTHER,OK — FAQ question / URL / label / state-program / no-credit statement / incidental
content/furnaces-heating/furnace-vs-heat-pump.mdx,136,"[""Zone 7 (Duluth, Fairbanks)"", ""8,000+"", ""$1,400–$2,000"", ""$1,800–$3,000+ (COP 1.5)"", ""Gas Furnace by $400–$1,000+""],",OTHER,OK — FAQ question / URL / label / state-program / no-credit statement / incidental
content/furnaces-heating/furnace-vs-heat-pump.mdx,143,"If you only need heating, a gas furnace is $2,000–$5,000 cheaper to install than a heat pump. But most homes need both heating AND cooling. When you factor in the cost of a separate air conditioner for the furnace system, the heat pump is often less expensive as a complete HVAC system.",OTHER,OK — FAQ question / URL / label / state-program / no-credit statement / incidental
content/furnaces-heating/furnace-vs-heat-pump.mdx,213,"[""No gas line available"", ""Heat pump"", ""Avoids $2,000–$15,000 gas line installation""],",OTHER,OK — FAQ question / URL / label / state-program / no-credit statement / incidental
content/furnaces-heating/furnace-vs-heat-pump.mdx,225,"A comparable heat pump system would have cost $8,500 with estimated annual cost of $2,100 (including backup heat). The gas + AC combo saves $600/year in this cold climate.",OTHER,OK — FAQ question / URL / label / state-program / no-credit statement / incidental
content/furnaces-heating/furnace-vs-heat-pump.mdx,286,"question: ""Are there tax credits for heat pumps in 2026?"",",OTHER,OK — FAQ question / URL / label / state-program / no-credit statement / incidental
content/furnaces-heating/furnace-vs-heat-pump.mdx,287,"answer: ""The federal Section 25C credit (which covered up to $2,000 per year for qualifying heat pumps meeting ENERGY STAR Most Efficient / CEE Tier 1+ criteria) **expired for property placed in service after Dec 31, 2025** under the OBBBA (PL 119-21, signed July 4, 2025). For 2026 installs, the act",OTHER,OK — FAQ question / URL / label / state-program / no-credit statement / incidental
content/furnaces-heating/furnace-guide.mdx,70,"[""Equipment Cost"", ""$1,200–$4,500"", ""$800–$2,500"", ""$2,500–$6,000""],",OTHER,OK — FAQ question / URL / label / state-program / no-credit statement / incidental
content/furnaces-heating/furnace-guide.mdx,71,"[""Installation Cost (Total)"", ""$3,500–$8,500"", ""$2,000–$5,500"", ""$5,000–$10,000""],",OTHER,OK — FAQ question / URL / label / state-program / no-credit statement / incidental
content/furnaces-heating/furnace-guide.mdx,72,"[""Annual Operating Cost*"", ""$600–$1,200"", ""$1,200–$2,500"", ""$1,500–$2,800""],",OTHER,OK — FAQ question / URL / label / state-program / no-credit statement / incidental
content/furnaces-heating/furnace-guide.mdx,115,"[""80%–83%"", ""Standard Efficiency"", ""Single-stage, standard flue, non-condensing"", ""Baseline ($1,200–$2,000)""],",OTHER,OK — FAQ question / URL / label / state-program / no-credit statement / incidental
content/furnaces-heating/furnace-guide.mdx,168,"[""Equipment"", ""$1,200–$4,500"", ""$800–$2,500"", ""$2,500–$6,000""],",OTHER,OK — FAQ question / URL / label / state-program / no-credit statement / incidental
content/furnaces-heating/furnace-guide.mdx,169,"[""Labor (installation)"", ""$1,500–$3,000"", ""$800–$2,000"", ""$2,000–$3,500""],",OTHER,OK — FAQ question / URL / label / state-program / no-credit statement / incidental
content/furnaces-heating/furnace-guide.mdx,172,"[""Gas Line/Venting/Tank"", ""$0–$800 (venting)"", ""N/A"", ""$300–$2,000 (tank)""],",OTHER,OK — FAQ question / URL / label / state-program / no-credit statement / incidental
content/furnaces-heating/furnace-guide.mdx,174,"[""**Total Range**"", ""**$3,500–$8,500**"", ""**$2,000–$5,500**"", ""**$5,000–$10,000**""],",OTHER,OK — FAQ question / URL / label / state-program / no-credit statement / incidental
content/furnaces-heating/furnace-guide.mdx,228,"[""Duct cleaning"", ""Every 3–5 years"", ""Pro"", ""$300–$600""],",OTHER,OK — FAQ question / URL / label / state-program / no-credit statement / incidental
content/furnaces-heating/furnace-guide.mdx,268,"**The 50% Rule:** If the repair costs more than 50% of a new furnace AND your furnace is more than 15 years old, replace it. A $2,000 heat exchanger repair on a 17-year-old furnace doesn't make economic sense when a new high-efficiency unit costs $4,000–$6,000 installed.",OTHER,OK — FAQ question / URL / label / state-program / no-credit statement / incidental
content/furnaces-heating/furnace-guide.mdx,332,"answer: ""The national average for a gas furnace fully installed is about $5,500, with a typical range of $3,500 to $8,500. Electric furnaces average $3,500 installed ($2,000–$5,500 range). Oil furnaces are the most expensive at around $7,200 installed ($5,000–$10,000 range). The biggest cost variabl",OTHER,OK — FAQ question / URL / label / state-program / no-credit statement / incidental
content/furnaces-heating/furnace-guide.mdx,348,"answer: ""In most cold climates, yes. If you spend $1,200/year on gas heat with an 80% furnace, a 96% unit would reduce that to about $1,000 — saving roughly $200/year. Over a 20-year lifespan, that's $4,000 in savings. The efficiency upgrade typically costs $1,500–$2,500 more than a basic 80% unit, ",OTHER,OK — FAQ question / URL / label / state-program / no-credit statement / incidental
content/furnaces-heating/best-oil-furnace.mdx,145,"- **Price volatility** is the biggest risk — oil costs can swing $2,000–$3,000/year unpredictably.",OTHER,OK — FAQ question / URL / label / state-program / no-credit statement / incidental
content/furnaces-heating/best-oil-furnace.mdx,181,"answer: ""In most scenarios, no. Modern cold-climate heat pumps can operate in Northeast winters and cost 30-50% less to operate than oil. Heat pumps also provide cooling, have no combustion risk, and qualify for federal tax credits. Oil furnaces produce more BTUs of output in extreme cold, but heat ",OTHER,OK — FAQ question / URL / label / state-program / no-credit statement / incidental
content/furnaces-heating/cracked-heat-exchanger.mdx,142,"If your furnace is **over 15 years old**, replace the entire unit. Spending $2,000–$3,500 on a heat exchanger for a furnace that may need a blower motor, control board, or gas valve replacement in the next few years is poor economics. A new 96% AFUE furnace at $5,000–$7,000 comes with full warrantie",OTHER,OK — FAQ question / URL / label / state-program / no-credit statement / incidental
content/furnaces-heating/cracked-heat-exchanger.mdx,193,"answer: ""Heat exchanger replacement costs $1,500–$3,500 including parts and labor. The part itself typically costs $500–$2,000 depending on the furnace brand and model. Labor runs $500–$1,500 for 4–8 hours of work. If the heat exchanger is under warranty, you pay only labor. However, for furnaces ov",OTHER,OK — FAQ question / URL / label / state-program / no-credit statement / incidental
content/furnaces-heating/furnace-installation-cost.mdx,4,"description: ""The average furnace installation costs $3,500–$8,500 in 2026 for a gas furnace, $2,000–$5,500 for electric, and $5,000–$10,000 for oil. Full breakdown of equipment, labor, permits, and hidden costs.""",OTHER,OK — FAQ question / URL / label / state-program / no-credit statement / incidental
content/furnaces-heating/furnace-installation-cost.mdx,35,"A new furnace installation costs **$3,500 to $8,500 for gas** (national average: $5,500), **$2,000 to $5,500 for electric** (average: $3,500), and **$5,000 to $10,000 for oil** (average: $7,200) in 2026. The biggest cost drivers are the efficiency rating (80% AFUE vs. 96%+ AFUE adds $1,500–$3,000), ",OTHER,OK — FAQ question / URL / label / state-program / no-credit statement / incidental
content/furnaces-heating/furnace-installation-cost.mdx,50,"[""Electric — Standard"", ""$2,000"", ""$3,500"", ""$5,500""],",OTHER,OK — FAQ question / URL / label / state-program / no-credit statement / incidental
content/furnaces-heating/furnace-installation-cost.mdx,63,"[""Furnace equipment"", ""$1,200–$4,500"", ""35–50%"", ""Biggest variable — depends on AFUE, brand, features""],",OTHER,OK — FAQ question / URL / label / state-program / no-credit statement / incidental
content/furnaces-heating/furnace-installation-cost.mdx,65,"[""Ductwork modifications"", ""$0–$2,000"", ""0–20%"", ""New runs, resizing, or repair of existing ducts""],",OTHER,OK — FAQ question / URL / label / state-program / no-credit statement / incidental
content/furnaces-heating/furnace-installation-cost.mdx,82,"[""Carrier"", ""$1,400–$2,000"", ""$2,000–$3,000"", ""$3,200–$4,500""],",OTHER,OK — FAQ question / URL / label / state-program / no-credit statement / incidental
content/furnaces-heating/furnace-installation-cost.mdx,98,"[""Northeast (NY, MA, CT, NJ)"", ""$100–$150/hr"", ""6–8 hours"", ""$2,000–$3,500""],",OTHER,OK — FAQ question / URL / label / state-program / no-credit statement / incidental
content/furnaces-heating/furnace-installation-cost.mdx,100,"[""Southeast (GA, FL, NC, TN)"", ""$70–$110/hr"", ""4–6 hours"", ""$1,200–$2,200""],",OTHER,OK — FAQ question / URL / label / state-program / no-credit statement / incidental
content/furnaces-heating/furnace-installation-cost.mdx,124,"**Watch for low-ball quotes that exclude these items.** A quote that seems $1,000–$2,000 lower than competitors may not include permits, ductwork modifications, venting changes, or disposal of the old unit. Always ask: ""What is NOT included in this price?"" and get the answer in writing.",OTHER,OK — FAQ question / URL / label / state-program / no-credit statement / incidental
content/furnaces-heating/furnace-installation-cost.mdx,188,"The Garcias converted from an electric furnace to a gas furnace, requiring a new gas line from the meter and ductwork modifications. Equipment (Rheem Classic Plus R96V): $1,800. Labor: $2,500. Gas line extension: $1,200. Ductwork modifications: $1,800. Venting: $400. Permit: $250. Thermostat: $150. ",OTHER,OK — FAQ question / URL / label / state-program / no-credit statement / incidental
content/furnaces-heating/furnace-installation-cost.mdx,200,"- **Check for 2026 rebates:** Manufacturer rebates ($200–$1,000), utility rebates ($200–$500), and IRA HOMES (open to all incomes, performance-based) can significantly reduce your net cost. The federal Section 25C credit that previously offered up to $600 for qualifying 97%+ AFUE furnaces expired De",OTHER,OK — FAQ question / URL / label / state-program / no-credit statement / incidental
content/furnaces-heating/furnace-installation-cost.mdx,207,"answer: ""The average gas furnace costs $5,500 fully installed, with a range of $3,500 to $8,500 depending on efficiency, brand, and region. Electric furnaces average $3,500 installed ($2,000–$5,500). Oil furnaces average $7,200 installed ($5,000–$10,000). These totals include equipment, labor, permi",OTHER,OK — FAQ question / URL / label / state-program / no-credit statement / incidental
content/furnaces-heating/furnace-installation-cost.mdx,218,"question: ""Are there tax credits for new furnaces in 2026?"",",OTHER,OK — FAQ question / URL / label / state-program / no-credit statement / incidental
content/furnaces-heating/furnace-installation-cost.mdx,219,"answer: ""The federal Section 25C Energy Efficient Home Improvement Credit (which previously covered up to $600 for a qualifying 97%+ AFUE gas furnace or $2,000 for a qualifying heat pump) **expired for installs after Dec 31, 2025** under the OBBBA (PL 119-21, signed July 4, 2025). For 2024/2025 inst",OTHER,OK — FAQ question / URL / label / state-program / no-credit statement / incidental
content/furnaces-heating/furnace-installation-cost.mdx,223,"answer: ""In cold climates with annual heating bills over $1,000, yes. Upgrading from 80% to 96% AFUE costs $1,500–$3,000 more but saves $200–$400/year in fuel. The payback period is typically 5–12 years, and you get 15–25 years of savings. In mild climates with low heating bills ($400–$600/year), th",OTHER,OK — FAQ question / URL / label / state-program / no-credit statement / incidental
content/furnaces-heating/furnace-leaking-water.mdx,63,"[""5. Clogged secondary heat exchanger"", ""Condensing furnaces"", ""Less common"", ""No — pro only"", ""$200–$600""],",OTHER,OK — FAQ question / URL / label / state-program / no-credit statement / incidental
content/furnaces-heating/furnace-leaking-water.mdx,134,"**This is a pro-only repair.** A technician will need to inspect and possibly flush or replace the secondary heat exchanger. Cost: $200–$600 for cleaning, $1,500–$3,000+ for replacement.",OTHER,OK — FAQ question / URL / label / state-program / no-credit statement / incidental
content/furnaces-heating/furnace-leaking-water.mdx,221,"answer: ""Most furnace water leaks cost $75-$400 to repair professionally. A clogged condensate drain cleaning runs $75-$200. A condensate pump replacement costs $150-$400. Humidifier repairs range from $100-$350. The most expensive repair — a clogged or failing secondary heat exchanger — can cost $2",OTHER,OK — FAQ question / URL / label / state-program / no-credit statement / incidental
content/furnaces-heating/thermostat-heat-on-but-no-heat.mdx,68,"[""12"", ""Bad gas valve"", ""Igniter works but gas doesn't flow"", ""No"", ""$250–$600""],",OTHER,OK — FAQ question / URL / label / state-program / no-credit statement / incidental
content/furnaces-heating/thermostat-heat-on-but-no-heat.mdx,159,**Pro repair:** $250–$600 including parts and labor. Gas valve replacement should always be done by a licensed technician.,OTHER,OK — FAQ question / URL / label / state-program / no-credit statement / incidental
content/furnaces-heating/thermostat-heat-on-but-no-heat.mdx,230,"answer: ""It depends on the cause. A service call to diagnose the issue costs $75-$150. Simple fixes like a flame sensor cleaning run $80-$200. An igniter replacement costs $150-$350. More complex repairs like a gas valve ($250-$600), blower motor ($300-$800), or control board ($250-$700) cost more. ",OTHER,OK — FAQ question / URL / label / state-program / no-credit statement / incidental
content/ductwork/ductwork-sizing-calculator.mdx,197,"**Fix:** Replace with a 7"" rigid duct or 8"" flex duct with proper support and no sharp bends. The 7"" rigid delivers 140 CFM at the same friction rate — problem solved. Cost: $200–$400 for materials, $600–$1,200 professionally installed.",OTHER,OK — FAQ question / URL / label / state-program / no-credit statement / incidental
content/ductwork/duct-leakage-testing.mdx,61,"**The entire test takes 15–30 minutes** for a trained technician. Most HVAC contractors charge $150–$350 for a standalone duct leakage test, or include it as part of a comprehensive HVAC performance assessment ($300–$600).",OTHER,OK — FAQ question / URL / label / state-program / no-credit statement / incidental
content/ductwork/duct-leakage-testing.mdx,200,"[""Duct sealing + insulation upgrade"", ""$2,000–$5,000"", ""70–90%"", ""1–2 days"", ""Ducts in unconditioned spaces with poor insulation""],",OTHER,OK — FAQ question / URL / label / state-program / no-credit statement / incidental
content/ductwork/duct-leakage-testing.mdx,254,"[""30% → 5% (severe to excellent)"", ""$2,000–$3,000"", ""$400–$600"", ""$350–$500"", ""$300–$450"", ""4–8 years""],",OTHER,OK — FAQ question / URL / label / state-program / no-credit statement / incidental
content/ductwork/duct-leakage-testing.mdx,255,"[""20% → 5% (poor to excellent)"", ""$1,200–$2,000"", ""$250–$400"", ""$200–$350"", ""$175–$300"", ""4–8 years""],",OTHER,OK — FAQ question / URL / label / state-program / no-credit statement / incidental
content/ductwork/duct-leakage-testing.mdx,258,"[""30% → 5% with Aeroseal"", ""$2,500–$3,500"", ""$400–$600"", ""$350–$500"", ""$300–$450"", ""5–9 years""],",OTHER,OK — FAQ question / URL / label / state-program / no-credit statement / incidental
content/ductwork/duct-leakage-testing.mdx,279,"**Ask for the test report in writing.** You'll need it for energy code compliance, ENERGY STAR certification, utility rebates, and (for 2024/2025 installs) any 25C amended-return claim. Many utility companies offer rebates of $100–$300 for duct sealing. (Note: the federal 25C credit that previously ",OTHER,OK — FAQ question / URL / label / state-program / no-credit statement / incidental
content/ductwork/duct-leakage-testing.mdx,311,"answer: ""A standalone duct leakage test costs $150–$350 in most markets as of 2026. It's often bundled with a comprehensive home energy audit ($300–$600) or HVAC performance assessment. For new construction, the duct test is typically included in the HERS rating or energy code compliance inspection.",OTHER,OK — FAQ question / URL / label / state-program / no-credit statement / incidental
content/ductwork/duct-leakage-testing.mdx,346,"question: ""Are there tax credits or rebates for duct sealing in 2026?"",",OTHER,OK — FAQ question / URL / label / state-program / no-credit statement / incidental
content/ductwork/duct-leakage-testing.mdx,347,"answer: ""Through Dec 31, 2025, qualifying home energy efficiency improvements including duct sealing were eligible for the federal Section 25C tax credit at 30% of cost (capped at $1,200/year for the home-efficiency bucket). **The 25C credit expired for installs after Dec 31, 2025** under the OBBBA ",EXPIRED_FRAMED,OK — explicit past-tense / OBBBA-expired / negative-eligibility sentence
content/ductwork/flexible-vs-rigid-ductwork.mdx,182,"**All flex duct:** Materials $800–$1,200 + Labor $1,500–$2,500 = **$2,300–$3,700 total**",OTHER,OK — FAQ question / URL / label / state-program / no-credit statement / incidental
content/ductwork/flexible-vs-rigid-ductwork.mdx,184,"**All rigid duct:** Materials $2,000–$3,500 + Labor $4,000–$7,000 = **$6,000–$10,500 total**",OTHER,OK — FAQ question / URL / label / state-program / no-credit statement / incidental
content/mold-prevention/mold-remediation-cost.mdx,56,"| Crawl space | $2,000–$8,000 | $4,500 | Difficult access, encapsulation often needed |",OTHER,OK — FAQ question / URL / label / state-program / no-credit statement / incidental
content/mold-prevention/mold-remediation-cost.mdx,57,"| Attic / roof decking | $2,000–$10,000 | $5,000 | Access challenges, large surface area |",OTHER,OK — FAQ question / URL / label / state-program / no-credit statement / incidental
content/mold-prevention/mold-remediation-cost.mdx,58,"| HVAC system (ductwork) | $2,000–$6,000 | $3,500 | Specialized cleaning or duct replacement |",OTHER,OK — FAQ question / URL / label / state-program / no-credit statement / incidental
content/mold-prevention/mold-remediation-cost.mdx,59,"| HVAC system (air handler) | $500–$2,000 | $1,000 | Coil cleaning + drain treatment |",OTHER,OK — FAQ question / URL / label / state-program / no-credit statement / incidental
content/mold-prevention/mold-remediation-cost.mdx,104,"| 4. Removal of contaminated materials | Demolition of affected drywall, insulation, carpet, etc. | $500–$2,000 (varies by material volume) |",OTHER,OK — FAQ question / URL / label / state-program / no-credit statement / incidental
content/mold-prevention/mold-remediation-cost.mdx,106,| 6. Antimicrobial treatment | Application of EPA-registered biocide to all exposed surfaces | $200–$600 |,OTHER,OK — FAQ question / URL / label / state-program / no-credit statement / incidental
content/mold-prevention/mold-remediation-cost.mdx,141,| Install new drywall and paint | $600 |,OTHER,OK — FAQ question / URL / label / state-program / no-credit statement / incidental
content/mold-prevention/mold-remediation-cost.mdx,156,| Detailed inspection and moisture mapping | $600 |,OTHER,OK — FAQ question / URL / label / state-program / no-credit statement / incidental
content/mold-prevention/mold-remediation-cost.mdx,160,"| Encapsulation coating on treated wood | $1,200 |",OTHER,OK — FAQ question / URL / label / state-program / no-credit statement / incidental
content/mold-prevention/mold-remediation-cost.mdx,162,| Disposal of removed insulation and debris | $600 |,OTHER,OK — FAQ question / URL / label / state-program / no-credit statement / incidental
content/mold-prevention/mold-remediation-cost.mdx,186,"| Antimicrobial treatment | $1,200 |",OTHER,OK — FAQ question / URL / label / state-program / no-credit statement / incidental
content/mold-prevention/mold-remediation-cost.mdx,187,"| Encapsulation of roof decking | $2,000 |",OTHER,OK — FAQ question / URL / label / state-program / no-credit statement / incidental
content/mold-prevention/mold-remediation-cost.mdx,189,| Evaporator coil and air handler cleaning | $600 |,OTHER,OK — FAQ question / URL / label / state-program / no-credit statement / incidental
content/mold-prevention/mold-remediation-cost.mdx,366,"answer: ""Crawl space mold remediation typically costs $2,000–$8,000, with an average of $4,500. Costs are higher than other areas due to difficult access, the need for specialized equipment, and the large surface area of floor joists and subfloor. If the crawl space also needs encapsulation (vapor b",OTHER,OK — FAQ question / URL / label / state-program / no-credit statement / incidental
content/mold-prevention/mold-prevention-guide.mdx,189,"An Atlanta homeowner discovered mold throughout their ductwork during an HVAC inspection. The cause: uninsulated flex duct running through a hot attic. During summer, the cold conditioned air inside the duct caused condensation on the outer duct surface. Without insulation, this moisture soaked into",OTHER,OK — FAQ question / URL / label / state-program / no-credit statement / incidental
content/mold-prevention/mold-prevention-guide.mdx,198,"| Air-sterilization (in-duct) | Air passing through duct | 50–85% airborne mold reduction | $400–$1,200 | $50–$150 |",OTHER,OK — FAQ question / URL / label / state-program / no-credit statement / incidental
content/mold-prevention/mold-prevention-guide.mdx,219,"A builder in Tampa, FL used mold-resistant materials throughout a 2,400 sq ft home: paperless drywall in all wet areas ($1,200 premium), closed-cell spray foam in the crawl space and rim joists ($3,500 premium), and a whole-house dehumidifier ($1,800). Total mold-prevention premium: $6,500 over stan",OTHER,OK — FAQ question / URL / label / state-program / no-credit statement / incidental
content/mold-prevention/moisture-barrier-crawl-space.mdx,96,"- For full encapsulation projects, invest in 12-mil minimum. The material cost difference between 6-mil and 20-mil is only $200–$600 for an average crawl space, but the durability difference is 3–5x.",OTHER,OK — FAQ question / URL / label / state-program / no-credit statement / incidental
content/mold-prevention/moisture-barrier-crawl-space.mdx,139,"| Cost (1,000 sq ft crawl space) | $500–$2,000 | $5,000–$15,000 |",OTHER,OK — FAQ question / URL / label / state-program / no-credit statement / incidental
content/mold-prevention/moisture-barrier-crawl-space.mdx,154,"| Labor | $0 (your time: 4–8 hours) | $500–$1,200 | |",OTHER,OK — FAQ question / URL / label / state-program / no-credit statement / incidental
content/mold-prevention/moisture-barrier-crawl-space.mdx,155,"| **Total (ground cover only)** | **$85–$825** | **$500–$2,000** | |",OTHER,OK — FAQ question / URL / label / state-program / no-credit statement / incidental
content/mold-prevention/moisture-barrier-crawl-space.mdx,166,"| Dehumidifier | $800–$2,000 | $1,300 | Crawl space–rated unit (e.g., Santa Fe, AprilAire) |",OTHER,OK — FAQ question / URL / label / state-program / no-credit statement / incidental
content/mold-prevention/moisture-barrier-crawl-space.mdx,170,"| Wall insulation (optional) | $500–$2,000 | $1,000 | R-10 rigid foam, recommended in cold climates |",OTHER,OK — FAQ question / URL / label / state-program / no-credit statement / incidental
content/mold-prevention/moisture-barrier-crawl-space.mdx,187,- Seam sealing and wall termination: $600,OTHER,OK — FAQ question / URL / label / state-program / no-credit statement / incidental
content/mold-prevention/moisture-barrier-crawl-space.mdx,300,"A homeowner in Minneapolis encapsulated their 1,000 sq ft crawl space and added R-15 rigid foam insulation to the foundation walls. Before encapsulation, the floor above the crawl space was noticeably cold in winter despite fiberglass batt insulation between the joists (which had partially fallen do",OTHER,OK — FAQ question / URL / label / state-program / no-credit statement / incidental
content/mold-prevention/moisture-barrier-crawl-space.mdx,321,| HVAC energy savings | $200–$600/year | 15–18% of heating/cooling costs |,OTHER,OK — FAQ question / URL / label / state-program / no-credit statement / incidental
content/mold-prevention/moisture-barrier-crawl-space.mdx,322,"| Avoided mold remediation | $500–$2,000/year (amortized risk) | Average remediation: $4,500; annual probability without barrier: 10–20% |",OTHER,OK — FAQ question / URL / label / state-program / no-credit statement / incidental
content/mold-prevention/moisture-barrier-crawl-space.mdx,348,"answer: ""Yes, if you're physically able to work in a confined space and have moderate DIY skills. A DIY encapsulation can save $2,000–$5,000 in labor costs. The most challenging parts are working in tight quarters, achieving proper wall termination and sealing, and correctly sizing and installing th",OTHER,OK — FAQ question / URL / label / state-program / no-credit statement / incidental
content/mold-prevention/moisture-barrier-crawl-space.mdx,376,"answer: ""Professional encapsulation of a 1,000 sq ft crawl space costs $5,000–$10,000 in 2026, depending on your region, the liner thickness chosen, whether drainage modifications are needed, and the dehumidifier selected. The average is approximately $7,000–$8,000. DIY encapsulation runs $1,500–$3,",PRICING_RANGE_NOT_A_CREDIT,"OK — pricing range / savings amount, no credit-claim verb"
content/mold-prevention/how-to-identify-mold.mdx,103,"A homeowner in Denver noticed a persistent musty smell in their kitchen but couldn't see any mold. After checking the obvious spots (under the sink, around the dishwasher), they pulled out the refrigerator and found a 4-square-foot patch of black mold (*Cladosporium*) on the drywall behind it. The c",OTHER,OK — FAQ question / URL / label / state-program / no-credit statement / incidental
content/mold-prevention/how-to-identify-mold.mdx,182,"A homebuyer in Charlotte ordered an ERMI test ($275 kit with lab analysis) before purchasing a 30-year-old home that had a musty smell in the basement. The ERMI score came back at 11.2, which is in the ""high mold burden"" category (scores above 5 are considered elevated). The detailed species breakdo",OTHER,OK — FAQ question / URL / label / state-program / no-credit statement / incidental
content/energy-efficiency-ratings/good-seer-rating-for-ac.mdx,19,"title: ""SEER Rating Requirements for Federal Tax Credits (2026)""",OTHER,OK — FAQ question / URL / label / state-program / no-credit statement / incidental
content/energy-efficiency-ratings/good-seer-rating-for-ac.mdx,55,"[""14.5–16"", ""15–17"", ""Good / Above Average"", ""Single or two-stage"", ""+$500–$1,200""],",OTHER,OK — FAQ question / URL / label / state-program / no-credit statement / incidental
content/energy-efficiency-ratings/good-seer-rating-for-ac.mdx,57,"[""18–21"", ""19–22"", ""Excellent / High-Efficiency"", ""Variable-speed"", ""+$2,000–$4,500""],",OTHER,OK — FAQ question / URL / label / state-program / no-credit statement / incidental
content/energy-efficiency-ratings/good-seer-rating-for-ac.mdx,84,"This is the zone where 16–18 SEER2 delivers the best bang for your buck. The upgrade from minimum to 16 SEER2 typically costs $800–$1,200 more and pays back in 7–10 years.",OTHER,OK — FAQ question / URL / label / state-program / no-credit statement / incidental
content/energy-efficiency-ratings/good-seer-rating-for-ac.mdx,149,"Leaky ducts waste 20–30% of conditioned air, according to ENERGY STAR. A 20 SEER2 system with leaky ducts may perform like a 14 SEER2 system with sealed ducts. Budget $500–$2,000 for duct sealing if your ducts are older than 15 years.",OTHER,OK — FAQ question / URL / label / state-program / no-credit statement / incidental
content/energy-efficiency-ratings/good-seer-rating-for-ac.mdx,171,"High-efficiency heat pumps in the 18–22 SEER2 range with HSPF2 of 10+ were eligible for the **$2,000 federal 25C tax credit** through Dec 31, 2025; the credit expired under the OBBBA for installs after that date. For 2026 installs, state and utility rebates (plus IRA HEAR / HOMES rebates) are the ac",OTHER,OK — FAQ question / URL / label / state-program / no-credit statement / incidental
content/energy-efficiency-ratings/good-seer-rating-for-ac.mdx,202,"- **Federal 25C tax credit expired** for installs after Dec 31, 2025 (OBBBA — covered 30% up to $600 for AC and $2,000 for heat pumps through that date); for 2026 installs, state/utility rebates and IRA HEAR/HOMES are the active pathways",OTHER,OK — FAQ question / URL / label / state-program / no-credit statement / incidental
content/energy-efficiency-ratings/good-seer-rating-for-ac.mdx,220,"answer: ""ENERGY STAR certification for split-system central ACs requires 15.2 SEER2 or higher. The ENERGY STAR Most Efficient designation, which is needed for federal tax credits, requires 17.5 SEER2 or higher for split-system ACs.""",OTHER,OK — FAQ question / URL / label / state-program / no-credit statement / incidental
content/energy-efficiency-ratings/good-seer-rating-for-ac.mdx,227,"question: ""What SEER rating did the federal 25C tax credit require?"",",OTHER,OK — FAQ question / URL / label / state-program / no-credit statement / incidental
content/energy-efficiency-ratings/good-seer-rating-for-ac.mdx,228,"answer: ""Through Dec 31, 2025, the federal 25C credit required units that met ENERGY STAR Most Efficient criteria: central ACs needed 17.5+ SEER2 (up to $600 credit), heat pumps needed 16+ SEER2 with 9.0+ HSPF2 (up to $2,000 credit). The credit expired for property placed in service after Dec 31, 20",OTHER,OK — FAQ question / URL / label / state-program / no-credit statement / incidental
content/energy-efficiency-ratings/good-seer-rating-for-ac.mdx,252,"{ slug: ""seer-rating-tax-credits"", title: ""SEER Rating Requirements for Federal Tax Credits (2026)"" },",OTHER,OK — FAQ question / URL / label / state-program / no-credit statement / incidental
content/energy-efficiency-ratings/14-3-seer2-vs-16-seer.mdx,31,"The confusion starts with the ratings: 14.3 SEER2 and 16 SEER aren't on the same scale. Once you convert to apples-to-apples, the gap is modest—but the implications for ENERGY STAR qualification, tax credits, and federal compliance are significant.",OTHER,OK — FAQ question / URL / label / state-program / no-credit statement / incidental
content/energy-efficiency-ratings/14-3-seer2-vs-16-seer.mdx,59,"[""Federal 25C Tax Credit Eligible"", ""No"", ""Yes (if ENERGY STAR)""],",OTHER,OK — FAQ question / URL / label / state-program / no-credit statement / incidental
content/energy-efficiency-ratings/14-3-seer2-vs-16-seer.mdx,63,"[""Typical Equipment Cost (3-ton)"", ""$1,500–$2,300"", ""$2,000–$3,200""],",OTHER,OK — FAQ question / URL / label / state-program / no-credit statement / incidental
content/energy-efficiency-ratings/14-3-seer2-vs-16-seer.mdx,73,## The Critical Distinction: ENERGY STAR and Tax Credits,OTHER,OK — FAQ question / URL / label / state-program / no-credit statement / incidental
content/energy-efficiency-ratings/14-3-seer2-vs-16-seer.mdx,83,"- **Federal 25C tax credit (EXPIRED Dec 31, 2025 — OBBBA):** Through Dec 31, 2025, the 25C credit provided up to $600 for ENERGY STAR-certified central AC systems. The 14.3 SEER2 unit didn't qualify; the 16 SEER unit did. The credit expired for installs after Dec 31, 2025 under the OBBBA (PL 119-21,",EXPIRED_FRAMED,OK — explicit past-tense / OBBBA-expired / negative-eligibility sentence
content/energy-efficiency-ratings/14-3-seer2-vs-16-seer.mdx,88,"**The math has shifted in 2026.** A 16 SEER system costs $400–$900 more than a 14.3 SEER2 system. Through Dec 31, 2025, the $600 federal 25C credit + $200-$500 utility rebate often made the 16 SEER cheaper net. For 2026 installs, the federal piece is gone, so the 16 SEER costs $0–$700 more net after",OTHER,OK — FAQ question / URL / label / state-program / no-credit statement / incidental
content/energy-efficiency-ratings/14-3-seer2-vs-16-seer.mdx,164,- Federal tax credit: -$600,OTHER,OK — FAQ question / URL / label / state-program / no-credit statement / incidental
content/energy-efficiency-ratings/14-3-seer2-vs-16-seer.mdx,176,- Price premium: $600,OTHER,OK — FAQ question / URL / label / state-program / no-credit statement / incidental
content/energy-efficiency-ratings/14-3-seer2-vs-16-seer.mdx,177,- Federal tax credit (16 SEER only): -$600,OTHER,OK — FAQ question / URL / label / state-program / no-credit statement / incidental
content/energy-efficiency-ratings/14-3-seer2-vs-16-seer.mdx,192,- Federal tax credit (16 SEER only): -$600,OTHER,OK — FAQ question / URL / label / state-program / no-credit statement / incidental
content/energy-efficiency-ratings/14-3-seer2-vs-16-seer.mdx,193,- **Net premium: -$100 (16 SEER is cheaper after tax credit alone)**,OTHER,OK — FAQ question / URL / label / state-program / no-credit statement / incidental
content/energy-efficiency-ratings/14-3-seer2-vs-16-seer.mdx,197,"**The pattern is overwhelming:** In virtually every scenario for 2026, the 16 SEER system is cheaper than 14.3 SEER2 after the federal tax credit—even before utility rebates. The $600 tax credit alone exceeds the typical $400–$600 price premium in most markets.",OTHER,OK — FAQ question / URL / label / state-program / no-credit statement / incidental
content/energy-efficiency-ratings/14-3-seer2-vs-16-seer.mdx,208,"[""Trane"", ""XR15 (15 SEER)"", ""$1,800"", ""XR16 (16 SEER)"", ""$2,400"", ""$600""],",OTHER,OK — FAQ question / URL / label / state-program / no-credit statement / incidental
content/energy-efficiency-ratings/14-3-seer2-vs-16-seer.mdx,210,"[""Rheem"", ""RA15AZ (15 SEER)"", ""$1,500"", ""RA16AZ (16 SEER)"", ""$2,100"", ""$600""],",OTHER,OK — FAQ question / URL / label / state-program / no-credit statement / incidental
content/energy-efficiency-ratings/14-3-seer2-vs-16-seer.mdx,213,"[""Amana"", ""ASX15 (15 SEER)"", ""$1,300"", ""ASX16 (16 SEER)"", ""$1,900"", ""$600""],",OTHER,OK — FAQ question / URL / label / state-program / no-credit statement / incidental
content/energy-efficiency-ratings/14-3-seer2-vs-16-seer.mdx,245,"1. **You're in the Northern DOE region** and utility rebates don't apply to your situation (e.g., rental property). The federal 25C tax credit no longer differentiates the two units for 2026 installs (expired Dec 31, 2025 under OBBBA).",OTHER,OK — FAQ question / URL / label / state-program / no-credit statement / incidental
content/energy-efficiency-ratings/14-3-seer2-vs-16-seer.mdx,251,4. **You're in a very cold climate** with minimal AC usage (under 500 hours/year). The annual energy savings of $9–$17 are negligible regardless of incentives—though the tax credit still makes the 16 SEER cheaper upfront.,PRICING_RANGE_NOT_A_CREDIT,"OK — pricing range / savings amount, no credit-claim verb"
content/energy-efficiency-ratings/14-3-seer2-vs-16-seer.mdx,257,"2. **You want ENERGY STAR-eligible utility rebates.** $200–$500 utility rebate + IRA HOMES (performance-based) helps offset the equipment premium. (The federal 25C credit that previously added $600 expired Dec 31, 2025 under the OBBBA.)",OTHER,OK — FAQ question / URL / label / state-program / no-credit statement / incidental
content/energy-efficiency-ratings/14-3-seer2-vs-16-seer.mdx,259,"3. **Your utility offers rebates.** Stack the $200–$500 rebate with the tax credit, and the 16 SEER costs less net.",OTHER,OK — FAQ question / URL / label / state-program / no-credit statement / incidental
content/energy-efficiency-ratings/14-3-seer2-vs-16-seer.mdx,271,"- **Pre-2026, the federal 25C tax credit ($600) made the 16 SEER cheaper than 14.3 SEER2** after incentives. The 25C credit expired Dec 31, 2025 under the OBBBA, so for 2026 the math is closer — but utility rebates ($200–$500) + IRA HOMES (performance-based) still typically favor the 16 SEER.",OTHER,OK — FAQ question / URL / label / state-program / no-credit statement / incidental
content/energy-efficiency-ratings/14-3-seer2-vs-16-seer.mdx,273,"- **16 SEER qualifies for ENERGY STAR**, unlocking utility rebates (and historically the federal 25C credit through Dec 31, 2025)",OTHER,OK — FAQ question / URL / label / state-program / no-credit statement / incidental
content/energy-efficiency-ratings/14-3-seer2-vs-16-seer.mdx,288,"answer: ""In Northern states where 14.3 SEER2 meets the minimum, the main reason is upfront cost—$400–$700 less for the equipment. Through Dec 31, 2025, the $600 federal 25C credit (which only the 16 SEER qualified for) typically made the 16 SEER cheaper net. The federal credit expired Dec 31, 2025 u",OTHER,OK — FAQ question / URL / label / state-program / no-credit statement / incidental
content/energy-efficiency-ratings/14-3-seer2-vs-16-seer.mdx,296,"answer: ""It's the minimum baseline in Northern states—not efficient, but compliant. It falls below ENERGY STAR thresholds (15.2 SEER2) and doesn't qualify for most utility rebates. Through Dec 31, 2025 it also didn't qualify for the federal 25C credit; the credit expired under the OBBBA for 2026 ins",OTHER,OK — FAQ question / URL / label / state-program / no-credit statement / incidental
content/energy-efficiency-ratings/14-3-seer2-vs-16-seer.mdx,300,"answer: ""For most homeowners in 2026, 15.2–16.0 SEER2 (equivalent to 16–17 SEER) offers the best value. This range qualifies for ENERGY STAR certification and utility rebates ($200–$500 typical), while keeping equipment costs moderate. The federal 25C credit (which previously added $600 for ENERGY S",OTHER,OK — FAQ question / URL / label / state-program / no-credit statement / incidental
content/energy-efficiency-ratings/14-3-seer2-vs-16-seer.mdx,317,"{ label: ""IRS — 25C Energy Efficient Home Improvement Credit"", url: ""https://www.irs.gov/credits-deductions/energy-efficient-home-improvement-credit"" },",OTHER,OK — FAQ question / URL / label / state-program / no-credit statement / incidental
content/energy-efficiency-ratings/how-to-calculate-seer.mdx,115,"**Example:** The 18 SEER unit costs $2,000 more than the 12 SEER unit.",OTHER,OK — FAQ question / URL / label / state-program / no-credit statement / incidental
content/energy-efficiency-ratings/how-to-calculate-seer.mdx,117,"Payback = $2,000 / $240 = **8.3 years**",OTHER,OK — FAQ question / URL / label / state-program / no-credit statement / incidental
content/energy-efficiency-ratings/how-to-calculate-seer.mdx,119,"**Pre-2026 (with the now-expired federal 25C credit):** Through Dec 31, 2025, a $600 AC 25C credit reduced the upgrade premium to $1,400, shortening payback to ($2,000 − $600) / $240 = **5.8 years**. The 25C credit expired for installs after Dec 31, 2025 under the OBBBA (PL 119-21, signed July 4, 20",OTHER,OK — FAQ question / URL / label / state-program / no-credit statement / incidental
content/energy-efficiency-ratings/how-to-calculate-seer.mdx,208,- **Payback = Extra Cost / Annual Savings** (subtract tax credits from extra cost),OTHER,OK — FAQ question / URL / label / state-program / no-credit statement / incidental
content/energy-efficiency-ratings/afue-rating-explained.mdx,19,"title: ""SEER Rating Requirements for Federal Tax Credits (2026)""",OTHER,OK — FAQ question / URL / label / state-program / no-credit statement / incidental
content/energy-efficiency-ratings/afue-rating-explained.mdx,131,"**Real-world example:** A homeowner in Minneapolis spends $1,800/year heating with a 1998-era furnace at 78% AFUE. Upgrading to a 96% AFUE condensing furnace saves $1,800 × (1 – 0.78/0.96) = **$338/year**. The furnace costs $5,500 installed. The simple payback is **16.3 years**. (Through Dec 31, 202",OTHER,OK — FAQ question / URL / label / state-program / no-credit statement / incidental
content/energy-efficiency-ratings/afue-rating-explained.mdx,162,"**If you're in a northern state and need a furnace replacement before 2029**, you can still install an 80% AFUE unit. But consider going to 90%+ now — the equipment will likely retain better resale value, qualify for utility rebates and IRA HOMES (performance-based) for 2026 installs, and save you m",OTHER,OK — FAQ question / URL / label / state-program / no-credit statement / incidental
content/energy-efficiency-ratings/afue-rating-explained.mdx,179,"## Tax Credits for High-AFUE Furnaces (Section 25C — EXPIRED Dec 31, 2025)",OTHER,OK — FAQ question / URL / label / state-program / no-credit statement / incidental
content/energy-efficiency-ratings/afue-rating-explained.mdx,181,"Through Dec 31, 2025, the federal Section 25C credit (Inflation Reduction Act) covered qualifying gas furnaces at **30% of cost, up to $600 per year**. To qualify, the furnace had to meet ENERGY STAR Most Efficient criteria — 97%+ AFUE for gas furnaces, 87%+ AFUE for oil furnaces (with ENERGY STAR r",EXPIRED_FRAMED,OK — explicit past-tense / OBBBA-expired / negative-eligibility sentence
content/energy-efficiency-ratings/afue-rating-explained.mdx,183,"The 25C credit expired for property placed in service after Dec 31, 2025 under the OBBBA (PL 119-21, signed July 4, 2025). For 2024/2025 installs that didn't claim the credit, you can typically file an amended return on IRS Form 1040-X — 25C does NOT allow carryforward. For 2026 installs, state and ",OTHER,OK — FAQ question / URL / label / state-program / no-credit statement / incidental
content/energy-efficiency-ratings/afue-rating-explained.mdx,186,"**Heat pumps offered a much larger federal tax credit through Dec 31, 2025 — up to $2,000 under Section 25C.** The 25C credit expired for installs after Dec 31, 2025 under the OBBBA (PL 119-21, signed July 4, 2025); for 2026 installs, the IRA HEAR (income-qualified, up to $8,000) and HOMES (open to ",EXPIRED_FRAMED,OK — explicit past-tense / OBBBA-expired / negative-eligibility sentence
content/energy-efficiency-ratings/afue-rating-explained.mdx,210,"**Ductwork losses.** AFUE measures furnace efficiency only. Duct leaks can waste 20–30% of the heat before it reaches your rooms. Duct sealing typically costs $500–$2,000 and can improve delivered efficiency by 10–20%.",OTHER,OK — FAQ question / URL / label / state-program / no-credit statement / incidental
content/energy-efficiency-ratings/afue-rating-explained.mdx,238,"- **The federal 25C credit** (up to $600 for qualifying 97%+ AFUE furnaces, up to $2,000 for qualifying heat pumps) **expired Dec 31, 2025** under the OBBBA; for 2026 installs, state/utility rebates and IRA HEAR/HOMES are the active pathways",OTHER,OK — FAQ question / URL / label / state-program / no-credit statement / incidental
content/energy-efficiency-ratings/afue-rating-explained.mdx,258,"answer: ""In most cases, yes. A 96% AFUE condensing furnace costs $1,000–$2,500 more than an 80% model but saves 16.7% on annual fuel costs. For a home spending $1,400/year on gas heat, that's $233/year — the upgrade pays back in 6–11 years. In cold climates with high heating bills, the payback is ev",OTHER,OK — FAQ question / URL / label / state-program / no-credit statement / incidental
content/energy-efficiency-ratings/afue-rating-explained.mdx,262,"answer: ""AFUE only measures how efficiently a furnace converts its fuel into heat, not the cost of that fuel. Electric resistance heating converts nearly 100% of electricity into heat, but electricity costs 2–3× more per BTU than natural gas in most areas. A 100% AFUE electric furnace at $0.16/kWh c",OTHER,OK — FAQ question / URL / label / state-program / no-credit statement / incidental
content/energy-efficiency-ratings/afue-rating-explained.mdx,265,"question: ""What AFUE is needed for the tax credit?"",",OTHER,OK — FAQ question / URL / label / state-program / no-credit statement / incidental
content/energy-efficiency-ratings/afue-rating-explained.mdx,266,"answer: ""Through Dec 31, 2025, the federal 25C credit (30% of cost, up to $600) required a gas furnace to meet ENERGY STAR Most Efficient criteria — 97% AFUE or higher (87%+ AFUE for oil furnaces with ENERGY STAR rating). The 25C credit expired for installs after Dec 31, 2025 under the OBBBA (PL 119",OTHER,OK — FAQ question / URL / label / state-program / no-credit statement / incidental
content/energy-efficiency-ratings/afue-rating-explained.mdx,291,"{ slug: ""seer-rating-tax-credits"", title: ""SEER Rating Requirements for Federal Tax Credits (2026)"" }",OTHER,OK — FAQ question / URL / label / state-program / no-credit statement / incidental
content/energy-efficiency-ratings/hspf-rating-explained.mdx,111,"In Atlanta (2,800 HDD), heating and cooling costs are roughly balanced. In Minneapolis (7,900 HDD), heating costs dwarf cooling costs by 3-4x. For a Minneapolis heat pump owner, the difference between 8.5 and 12.5 HSPF can be $600-$800 per year.",OTHER,OK — FAQ question / URL / label / state-program / no-credit statement / incidental
content/energy-efficiency-ratings/hspf-rating-explained.mdx,143,"question: ""What HSPF did the federal 25C tax credit require?"",",OTHER,OK — FAQ question / URL / label / state-program / no-credit statement / incidental
content/energy-efficiency-ratings/hspf-rating-explained.mdx,144,"answer: ""Through Dec 31, 2025, the federal 25C credit required heat pumps to meet 9.0 HSPF2 minimum (approximately 10.6 HSPF under the old standard) plus 16+ SEER2 and 12+ EER2. The credit covered up to $2,000 for qualifying heat pumps. **The credit expired for property placed in service after Dec 3",OTHER,OK — FAQ question / URL / label / state-program / no-credit statement / incidental
content/energy-efficiency-ratings/15-2-seer2-vs-16-seer.mdx,48,"[""Typical Equipment Price"", ""$2,000–$3,200"", ""$2,000–$3,200"", ""None""],",OTHER,OK — FAQ question / URL / label / state-program / no-credit statement / incidental
content/energy-efficiency-ratings/15-2-seer2-vs-16-seer.mdx,238,### Tax Credit Eligibility,OTHER,OK — FAQ question / URL / label / state-program / no-credit statement / incidental
content/energy-efficiency-ratings/15-2-seer2-vs-16-seer.mdx,240,"The 25C Energy Efficient Home Improvement Credit requires ENERGY STAR certification. If your specific unit model tests at 15.1 SEER2 instead of 15.2, you could lose the $600 tax credit. Always verify the AHRI-certified SEER2 rating for your exact model and coil combination.",OTHER,OK — FAQ question / URL / label / state-program / no-credit statement / incidental
content/energy-efficiency-ratings/15-2-seer2-vs-16-seer.mdx,267,"- **15.2 SEER2 exactly meets the 2026 ENERGY STAR threshold** — useful for utility rebates and IRA HOMES (the federal 25C tax credit that previously rewarded ENERGY STAR ACs at $600 expired Dec 31, 2025 under the OBBBA)",OTHER,OK — FAQ question / URL / label / state-program / no-credit statement / incidental
content/energy-efficiency-ratings/15-2-seer2-vs-16-seer.mdx,285,"question: ""Can a 15.2 SEER2 unit qualify for the federal tax credit?"",",OTHER,OK — FAQ question / URL / label / state-program / no-credit statement / incidental
content/energy-efficiency-ratings/15-2-seer2-vs-16-seer.mdx,286,"answer: ""Through Dec 31, 2025, yes — if ENERGY STAR certified. The 2026 ENERGY STAR threshold for central air conditioners is 15.2 SEER2, which qualified an exactly-15.2 SEER2 system for the federal 25C Energy Efficient Home Improvement Credit of up to $600. **The 25C credit expired for installs aft",OTHER,OK — FAQ question / URL / label / state-program / no-credit statement / incidental
content/energy-efficiency-ratings/merv-rating-chart.mdx,150,"*Based on $1,200 annual HVAC electricity cost.",OTHER,OK — FAQ question / URL / label / state-program / no-credit statement / incidental
content/energy-efficiency-ratings/merv-rating-chart.mdx,181,"answer: ""Yes, modestly. A MERV 13 filter increases HVAC energy consumption by roughly 5-8% compared to MERV 8 due to higher airflow resistance. For a system with $1,200 annual electricity costs, that's $60-$96 per year. Combined with higher filter prices, MERV 13 costs about $80-$145 more annually t",OTHER,OK — FAQ question / URL / label / state-program / no-credit statement / incidental
content/energy-efficiency-ratings/seer2-rating-explained.mdx,95,"**Installing a unit below your region's minimum is illegal.** Contractors who install non-compliant equipment may face fines, and the system won't qualify for rebates, tax credits, or utility incentives. Always confirm your region's requirement before purchasing.",OTHER,OK — FAQ question / URL / label / state-program / no-credit statement / incidental
content/energy-efficiency-ratings/seer2-rating-explained.mdx,140,"**The sweet spot for most homeowners is 16–18 SEER2.** You capture the majority of efficiency gains without the premium price tag of ultra-high-SEER2 units. Going from 13.4 to 16 SEER2 saves about 16% on cooling costs. Going from 16 to 24 SEER2 saves another 25%, but those units typically cost $2,00",OTHER,OK — FAQ question / URL / label / state-program / no-credit statement / incidental
content/energy-efficiency-ratings/seer2-rating-explained.mdx,166,"[""13.4 → 16 SEER2"", ""$800–$1,200"", ""$105"", ""8–11 years""],",OTHER,OK — FAQ question / URL / label / state-program / no-credit statement / incidental
content/energy-efficiency-ratings/seer2-rating-explained.mdx,169,"[""16 → 21 SEER2"", ""$2,000–$4,000"", ""$129"", ""15–31 years""],",OTHER,OK — FAQ question / URL / label / state-program / no-credit statement / incidental
content/energy-efficiency-ratings/seer2-rating-explained.mdx,174,"**Factor in 2026 rebates.** The federal Section 25C credit (which previously covered 30% of cost, up to $600 for ENERGY STAR Most Efficient central AC) **expired for installs after Dec 31, 2025** under the OBBBA (PL 119-21, signed July 4, 2025). For 2026 installs, the active federal/state pathways a",OTHER,OK — FAQ question / URL / label / state-program / no-credit statement / incidental
content/energy-efficiency-ratings/seer2-rating-explained.mdx,261,"The **ENERGY STAR Most Efficient** designation was the threshold required to qualify for the federal Section 25C tax credit (30% of cost, up to $600 for AC, $2,000 for heat pumps) through Dec 31, 2025. The 25C credit expired for installs after Dec 31, 2025 under the OBBBA; the ENERGY STAR Most Effic",EXPIRED_FRAMED,OK — explicit past-tense / OBBBA-expired / negative-eligibility sentence
content/energy-efficiency-ratings/seer2-rating-explained.mdx,272,"- **The federal 25C tax credit expired Dec 31, 2025** under the OBBBA; for 2026 installs, state/utility rebates plus IRA HEAR (income-qualified) and HOMES (performance-based) can still cut payback by 1–3 years for qualifying high-efficiency units",OTHER,OK — FAQ question / URL / label / state-program / no-credit statement / incidental
content/energy-efficiency-ratings/seer2-rating-explained.mdx,301,"question: ""What SEER2 rating did the federal 25C tax credit require?"",",OTHER,OK — FAQ question / URL / label / state-program / no-credit statement / incidental
content/energy-efficiency-ratings/seer2-rating-explained.mdx,302,"answer: ""Through Dec 31, 2025, the federal 25C credit (30% of cost, up to $600 for central AC or $2,000 for heat pumps) required equipment that met ENERGY STAR Most Efficient criteria — for split-system central ACs, 17.5 SEER2 or higher. **The credit expired for property placed in service after Dec ",OTHER,OK — FAQ question / URL / label / state-program / no-credit statement / incidental
content/energy-efficiency-ratings/eseer-explained.mdx,46,"[""50%"", ""41%"", ""23.8%"", ""25C (77F)"", ""20C (68F)""],",OTHER,OK — FAQ question / URL / label / state-program / no-credit statement / incidental
content/energy-efficiency-ratings/coefficient-of-performance.mdx,84,"[""Electric Resistance Heater"", ""1.0"", ""1.0"", ""N/A"", ""$500–$2,000""],",OTHER,OK — FAQ question / URL / label / state-program / no-credit statement / incidental
content/energy-efficiency-ratings/eer-chart-for-ac-units.mdx,46,"[""Very Good"", ""12.5-13.5"", ""12.0-13.0"", ""Premium variable-speed. Tax credit eligible (12.0 EER2).""],",OTHER,OK — FAQ question / URL / label / state-program / no-credit statement / incidental
content/energy-efficiency-ratings/eer-chart-for-ac-units.mdx,52,"**Federal 25C tax credit threshold (HISTORICAL — EXPIRED Dec 31, 2025):** Through Dec 31, 2025, central AC had to meet **12.0 EER2** (approximately 12.6 old EER) alongside 17.5 SEER2 to qualify for the $600 25C credit. The credit expired under the OBBBA (PL 119-21, signed July 4, 2025) for 2026 inst",OTHER,OK — FAQ question / URL / label / state-program / no-credit statement / incidental
content/energy-efficiency-ratings/eer-chart-for-ac-units.mdx,146,- **12.0 EER2 is required for the federal tax credit** alongside 17.5 SEER2.,OTHER,OK — FAQ question / URL / label / state-program / no-credit statement / incidental
content/energy-efficiency-ratings/eer2-rating-explained.mdx,88,"[""25C Tax Credit (AC)"", ""12.0+"", ""12.0+"", ""Required with 17.5 SEER2""],",OTHER,OK — FAQ question / URL / label / state-program / no-credit statement / incidental
content/energy-efficiency-ratings/eer2-rating-explained.mdx,89,"[""25C Tax Credit (HP)"", ""12.0+"", ""12.0+"", ""Required with 16 SEER2 and 9.0 HSPF2""],",OTHER,OK — FAQ question / URL / label / state-program / no-credit statement / incidental
content/energy-efficiency-ratings/eer2-rating-explained.mdx,94,"**Pre-expiration 25C credit required BOTH SEER2 AND EER2 minimums.** Through Dec 31, 2025, the $600 federal 25C AC credit required 17.5 SEER2 AND 12.0 EER2 — a unit meeting one but not the other didn't qualify. The 25C credit expired for installs after Dec 31, 2025 under the OBBBA (PL 119-21, signed",OTHER,OK — FAQ question / URL / label / state-program / no-credit statement / incidental
content/energy-efficiency-ratings/eer2-rating-explained.mdx,153,- **Federal tax credit requires 12.0 EER2** alongside 17.5 SEER2 for ACs,OTHER,OK — FAQ question / URL / label / state-program / no-credit statement / incidental
content/energy-efficiency-ratings/eer2-rating-explained.mdx,160,"answer: ""A good EER2 for a central AC is 12.0 or higher. This exceeds the federal minimum and meets ENERGY STAR criteria. Through Dec 31, 2025, 12.0+ EER2 (alongside 17.5+ SEER2) also qualified for the $600 federal 25C tax credit; the 25C credit expired under the OBBBA for 2026 installs but the 12.0",OTHER,OK — FAQ question / URL / label / state-program / no-credit statement / incidental
content/energy-efficiency-ratings/eer2-rating-explained.mdx,179,"question: ""Is EER2 required for the tax credit?"",",OTHER,OK — FAQ question / URL / label / state-program / no-credit statement / incidental
content/energy-efficiency-ratings/eer2-rating-explained.mdx,180,"answer: ""Yes. The federal 25C tax credit for central ACs requires both 17.5 SEER2 AND 12.0 EER2. For heat pumps, the requirement is 16.0 SEER2, 12.0 EER2, AND 9.0 HSPF2. All thresholds must be met simultaneously.""",OTHER,OK — FAQ question / URL / label / state-program / no-credit statement / incidental
content/energy-efficiency-ratings/is-higher-seer-worth-it.mdx,32,"**In most cases, upgrading one tier—from baseline to the ENERGY STAR threshold (roughly 14.3 SEER2 to 15.2 SEER2)—is absolutely worth it, often paying for itself in 5–8 years after available state/utility incentives.** Beyond that, each additional SEER point delivers diminishing returns, and jumping",OTHER,OK — FAQ question / URL / label / state-program / no-credit statement / incidental
content/energy-efficiency-ratings/is-higher-seer-worth-it.mdx,69,"[""16–18 SEER"", ""Two-stage compressor, ECM motor"", ""$600–$900/point"", ""$1,900–$2,800""],",OTHER,OK — FAQ question / URL / label / state-program / no-credit statement / incidental
content/energy-efficiency-ratings/is-higher-seer-worth-it.mdx,70,"[""18–20 SEER"", ""Variable-speed inverter compressor"", ""$1,200–$2,000/point"", ""$4,300–$6,800""],",OTHER,OK — FAQ question / URL / label / state-program / no-credit statement / incidental
content/energy-efficiency-ratings/is-higher-seer-worth-it.mdx,72,"[""22–26 SEER"", ""Max efficiency inverter + communicating"", ""$2,000–$3,500/point"", ""$11,300–$18,800""],",OTHER,OK — FAQ question / URL / label / state-program / no-credit statement / incidental
content/energy-efficiency-ratings/is-higher-seer-worth-it.mdx,159,### Factor 3: Tax Credits and Rebates,OTHER,OK — FAQ question / URL / label / state-program / no-credit statement / incidental
content/energy-efficiency-ratings/is-higher-seer-worth-it.mdx,163,**Federal 25C Tax Credit:** Up to $600 for ENERGY STAR certified central AC (15.2+ SEER2). Resets annually.,OTHER,OK — FAQ question / URL / label / state-program / no-credit statement / incidental
content/energy-efficiency-ratings/is-higher-seer-worth-it.mdx,165,**Utility Rebates:** $200–$600 depending on utility and efficiency tier. Available to most homeowners.,OTHER,OK — FAQ question / URL / label / state-program / no-credit statement / incidental
content/energy-efficiency-ratings/is-higher-seer-worth-it.mdx,174,"[""Tax credit only ($600)"", ""$400 effective premium"", ""$3,400 effective premium""],",OTHER,OK — FAQ question / URL / label / state-program / no-credit statement / incidental
content/energy-efficiency-ratings/is-higher-seer-worth-it.mdx,176,"[""Tax + rebate + state ($1,200)"", ""-$200 (net savings)"", ""$2,800 effective premium""],",OTHER,OK — FAQ question / URL / label / state-program / no-credit statement / incidental
content/energy-efficiency-ratings/is-higher-seer-worth-it.mdx,215,"[""16 SEER upgrade (from 14)"", ""$51–$103/year"", ""4–20 years"", ""Better comfort + utility rebate eligibility (federal 25C credit expired Dec 31, 2025 — OBBBA)""],",OTHER,OK — FAQ question / URL / label / state-program / no-credit statement / incidental
content/energy-efficiency-ratings/is-higher-seer-worth-it.mdx,234,"**The HVAC professional's best advice:** Spend your first $1,000 on the 16 SEER upgrade (net cost roughly $500–$800 in 2026 after available utility rebates and IRA HOMES; was ~$100 pre-OBBBA when the federal 25C $600 AC credit was available — expired Dec 31, 2025). Then invest the next $1,000–$2,000",OTHER,OK — FAQ question / URL / label / state-program / no-credit statement / incidental
content/energy-efficiency-ratings/is-higher-seer-worth-it.mdx,244,"- 16 SEER: $5,200 installed. After $600 tax credit + $250 CPS Energy rebate = **$4,350 net**",OTHER,OK — FAQ question / URL / label / state-program / no-credit statement / incidental
content/energy-efficiency-ratings/is-higher-seer-worth-it.mdx,265,"- 15.0 SEER2 (baseline): $4,800 installed. No tax credit. Annual cost: $252.",OTHER,OK — FAQ question / URL / label / state-program / no-credit statement / incidental
content/energy-efficiency-ratings/is-higher-seer-worth-it.mdx,266,"- 15.2 SEER2 (ENERGY STAR): $5,100 installed. After $600 tax credit = $4,500. Annual cost: $248.",OTHER,OK — FAQ question / URL / label / state-program / no-credit statement / incidental
content/energy-efficiency-ratings/is-higher-seer-worth-it.mdx,268,"**Decision: 15.2 SEER2 — no question.** The $300 premium is completely erased by the $600 tax credit, making it $300 cheaper than the baseline model. The $4/year energy savings is a bonus.",PRICING_RANGE_NOT_A_CREDIT,"OK — pricing range / savings amount, no credit-claim verb"
content/energy-efficiency-ratings/is-higher-seer-worth-it.mdx,301,"- **The 14→16 SEER upgrade is almost always worth it** — 5.1% annual ROI; 2–5 year payback after utility/state rebates and IRA HOMES (the federal 25C $600 credit that previously shortened payback further expired Dec 31, 2025 under the OBBBA)",OTHER,OK — FAQ question / URL / label / state-program / no-credit statement / incidental
content/energy-efficiency-ratings/is-higher-seer-worth-it.mdx,304,"- **The ENERGY STAR threshold (15.2 SEER2) is the most important cutoff** — it unlocks utility rebates and IRA HOMES eligibility (the federal 25C tax credit it previously also unlocked expired Dec 31, 2025 under the OBBBA)",OTHER,OK — FAQ question / URL / label / state-program / no-credit statement / incidental
content/energy-efficiency-ratings/is-higher-seer-worth-it.mdx,314,"answer: ""Upgrading from baseline (14 SEER/14.3 SEER2) to ENERGY STAR (16 SEER/15.2 SEER2) is almost always worth it — the $600 federal tax credit alone typically exceeds the equipment premium. Beyond 16 SEER, the financial returns diminish sharply. The jump to 20 SEER costs 3–6× more but delivers on",OTHER,OK — FAQ question / URL / label / state-program / no-credit statement / incidental
content/energy-efficiency-ratings/is-higher-seer-worth-it.mdx,361,"{ label: ""IRS — 25C Energy Efficient Home Improvement Credit"", url: ""https://www.irs.gov/credits-deductions/energy-efficient-home-improvement-credit"" },",OTHER,OK — FAQ question / URL / label / state-program / no-credit statement / incidental
content/energy-efficiency-ratings/14-seer-vs-16-seer-vs-20-seer.mdx,31,"**For most homeowners in 2026, 16 SEER delivers the best return on investment.** It saves 12.5% over 14 SEER at a modest premium of $800–$1,300 and qualifies for $200–$500 in utility rebates plus IRA HOMES (performance-based), paying for itself in 4–7 years after incentives. (The federal 25C $600 AC",OTHER,OK — FAQ question / URL / label / state-program / no-credit statement / incidental
content/energy-efficiency-ratings/14-seer-vs-16-seer-vs-20-seer.mdx,48,"[""25C Tax Credit"", ""No"", ""Up to $600"", ""Up to $600""],",OTHER,OK — FAQ question / URL / label / state-program / no-credit statement / incidental
content/energy-efficiency-ratings/14-seer-vs-16-seer-vs-20-seer.mdx,50,"[""Equipment Cost (3-ton)"", ""$1,400–$2,200*"", ""$2,000–$3,200"", ""$4,500–$7,500""],",OTHER,OK — FAQ question / URL / label / state-program / no-credit statement / incidental
content/energy-efficiency-ratings/14-seer-vs-16-seer-vs-20-seer.mdx,80,### After Incentives (Tax Credit + $300 Utility Rebate),OTHER,OK — FAQ question / URL / label / state-program / no-credit statement / incidental
content/energy-efficiency-ratings/14-seer-vs-16-seer-vs-20-seer.mdx,92,"With incentives, the 14→16 SEER upgrade pays for itself in roughly 2 years. The 16→20 upgrade still takes over 40 years. The $900 in incentives ($600 tax credit + $300 rebate) has a dramatic effect on the small 14→16 premium but barely dents the large 16→20 premium.",OTHER,OK — FAQ question / URL / label / state-program / no-credit statement / incidental
content/energy-efficiency-ratings/14-seer-vs-16-seer-vs-20-seer.mdx,168,"**Option B — Replace with 16 SEER:** $5,800 installed. Annual savings vs 14 SEER: $89/year. After $600 tax credit + $300 APS rebate = $4,900 effective cost. Cost net of avoided repair: $2,100. Payback vs repair: 23.6 years.",PRICING_RANGE_NOT_A_CREDIT,"OK — pricing range / savings amount, no credit-claim verb"
content/energy-efficiency-ratings/14-seer-vs-16-seer-vs-20-seer.mdx,228,"[""Compressor replacement"", ""$800–$1,500"", ""$1,000–$2,000"", ""$2,000–$4,000""],",OTHER,OK — FAQ question / URL / label / state-program / no-credit statement / incidental
content/energy-efficiency-ratings/14-seer-vs-16-seer-vs-20-seer.mdx,252,- You want to maximize tax credits and rebates relative to cost,OTHER,OK — FAQ question / URL / label / state-program / no-credit statement / incidental
content/energy-efficiency-ratings/14-seer-vs-16-seer-vs-20-seer.mdx,282,"[""Tax credit"", ""$0"", ""-$600"", ""-$600""],",OTHER,OK — FAQ question / URL / label / state-program / no-credit statement / incidental
content/energy-efficiency-ratings/14-seer-vs-16-seer-vs-20-seer.mdx,286,"[""Maintenance (15 years)"", ""$3,000 (older unit)"", ""$2,000"", ""$2,500""],",OTHER,OK — FAQ question / URL / label / state-program / no-credit statement / incidental
content/energy-efficiency-ratings/14-seer-vs-16-seer-vs-20-seer.mdx,312,"answer: ""For most homeowners, 16 SEER (approximately 15.2 SEER2) offers the best value. It qualifies for ENERGY STAR certification and most utility rebates. (Through Dec 31, 2025, it also qualified for the $600 federal 25C tax credit; the credit expired under the OBBBA for 2026 installs.) The upgrad",OTHER,OK — FAQ question / URL / label / state-program / no-credit statement / incidental
content/energy-efficiency-ratings/14-seer-vs-16-seer-vs-20-seer.mdx,336,"answer: ""If you're in a climate where a heat pump is practical (roughly zones 1–5A, covering most of the continental U.S.), a 16 SEER heat pump is often a better investment than a 16 SEER AC. The heat pump provides both cooling and heating efficiency gains. For 2026 installs, heat pumps qualify for ",OTHER,OK — FAQ question / URL / label / state-program / no-credit statement / incidental
content/energy-efficiency-ratings/14-seer-vs-16-seer-vs-20-seer.mdx,343,"question: ""What SEER rating is required for the federal tax credit?"",",OTHER,OK — FAQ question / URL / label / state-program / no-credit statement / incidental
content/energy-efficiency-ratings/14-seer-vs-16-seer-vs-20-seer.mdx,344,"answer: ""Through Dec 31, 2025, the federal 25C Energy Efficient Home Improvement Credit (up to $600 for ENERGY STAR-certified central AC at 15.2+ SEER2 / 12.0+ EER2) was claimable. The 25C credit expired for installs after Dec 31, 2025 under the OBBBA (PL 119-21, signed July 4, 2025); 25C does NOT a",OTHER,OK — FAQ question / URL / label / state-program / no-credit statement / incidental
content/energy-efficiency-ratings/seer2-comparison-calculator.mdx,197,"[""Typical price premium"", ""$600–$900""],",OTHER,OK — FAQ question / URL / label / state-program / no-credit statement / incidental
content/energy-efficiency-ratings/seer2-comparison-calculator.mdx,199,"[""Payback after $600 tax credit"", ""0–10 years""],",OTHER,OK — FAQ question / URL / label / state-program / no-credit statement / incidental
content/energy-efficiency-ratings/seer2-comparison-calculator.mdx,200,"[""Verdict"", ""Worth it for the tax credit alone""],",OTHER,OK — FAQ question / URL / label / state-program / no-credit statement / incidental
content/energy-efficiency-ratings/seer2-comparison-calculator.mdx,213,"[""Payback after $600 tax credit"", ""Immediate (net savings)""],",OTHER,OK — FAQ question / URL / label / state-program / no-credit statement / incidental
content/energy-efficiency-ratings/seer2-comparison-calculator.mdx,214,"[""Verdict"", ""15.2 SEER2 is cheaper after tax credit""],",OTHER,OK — FAQ question / URL / label / state-program / no-credit statement / incidental
content/energy-efficiency-ratings/seer2-comparison-calculator.mdx,225,"[""Typical price premium"", ""$1,200–$2,000""],",OTHER,OK — FAQ question / URL / label / state-program / no-credit statement / incidental
content/energy-efficiency-ratings/seer2-comparison-calculator.mdx,253,"[""Typical price premium"", ""$2,000–$4,000""],",OTHER,OK — FAQ question / URL / label / state-program / no-credit statement / incidental
content/energy-efficiency-ratings/seer2-comparison-calculator.mdx,299,- **The ENERGY STAR threshold (15.2 SEER2) is the critical cutoff** — it unlocks $600+ in tax credits that often outweigh the equipment premium,OTHER,OK — FAQ question / URL / label / state-program / no-credit statement / incidental
content/energy-efficiency-ratings/seer2-comparison-calculator.mdx,301,"- **Always factor in 2026 incentives** — utility rebates plus IRA HEAR (income-qualified) and HOMES (performance-based) can cut payback by 30–70%. (The federal 25C tax credit that previously added $600 expired Dec 31, 2025 under the OBBBA.)",OTHER,OK — FAQ question / URL / label / state-program / no-credit statement / incidental
content/energy-efficiency-ratings/seer2-comparison-calculator.mdx,310,"question: ""What SEER2 rating do I need for the tax credit?"",",OTHER,OK — FAQ question / URL / label / state-program / no-credit statement / incidental
content/energy-efficiency-ratings/seer2-comparison-calculator.mdx,311,"answer: ""Through Dec 31, 2025, the federal 25C Energy Efficient Home Improvement Credit required ENERGY STAR certification (15.2+ SEER2 / approximately 16 SEER for central AC) and provided up to $600. **The 25C credit expired for installs after Dec 31, 2025** under the OBBBA (PL 119-21, signed July ",OTHER,OK — FAQ question / URL / label / state-program / no-credit statement / incidental
content/energy-efficiency-ratings/seer2-comparison-calculator.mdx,355,"{ label: ""IRS — 25C Energy Efficient Home Improvement Credit"", url: ""https://www.irs.gov/credits-deductions/energy-efficient-home-improvement-credit"" }",OTHER,OK — FAQ question / URL / label / state-program / no-credit statement / incidental
content/energy-efficiency-ratings/seer-rating-tax-credits.mdx,3,"title: ""SEER Requirements for the Federal 25C Tax Credit (HISTORICAL — Expired Dec 31, 2025)""",OTHER,OK — FAQ question / URL / label / state-program / no-credit statement / incidental
content/energy-efficiency-ratings/seer-rating-tax-credits.mdx,4,"description: ""The federal 25C HVAC tax credit expired for installs after Dec 31, 2025 under the OBBBA. This page documents the historical SEER2/HSPF2 thresholds (17.5+ SEER2 for AC, 16+ SEER2 / 9.0+ HSPF2 for heat pumps) and points 2026 readers to active state/utility + IRA HEAR/HOMES pathways.""",EXPIRED_FRAMED,OK — explicit past-tense / OBBBA-expired / negative-eligibility sentence
content/energy-efficiency-ratings/seer-rating-tax-credits.mdx,21,"- url: ""https://www.energystar.gov/about/federal_tax_credits""",OTHER,OK — FAQ question / URL / label / state-program / no-credit statement / incidental
content/energy-efficiency-ratings/seer-rating-tax-credits.mdx,22,"label: ""ENERGY STAR – Federal Tax Credits""",OTHER,OK — FAQ question / URL / label / state-program / no-credit statement / incidental
content/energy-efficiency-ratings/seer-rating-tax-credits.mdx,26,"label: ""DOE – Clean Energy Tax Credits for Consumers""",OTHER,OK — FAQ question / URL / label / state-program / no-credit statement / incidental
content/energy-efficiency-ratings/seer-rating-tax-credits.mdx,31,"# SEER Requirements for the Federal 25C Tax Credit (HISTORICAL — Expired Dec 31, 2025)",OTHER,OK — FAQ question / URL / label / state-program / no-credit statement / incidental
content/energy-efficiency-ratings/seer-rating-tax-credits.mdx,34,"**The federal Section 25C Energy Efficient Home Improvement Credit expired for property placed in service after December 31, 2025** under the OBBBA (PL 119-21, signed July 4, 2025). The credit no longer applies to 2026 installs. This page documents the pre-expiration eligibility thresholds (still us",OTHER,OK — FAQ question / URL / label / state-program / no-credit statement / incidental
content/energy-efficiency-ratings/seer-rating-tax-credits.mdx,37,"**Through Dec 31, 2025**, the federal 25C Energy Efficient Home Improvement Credit required a central air conditioner to meet ENERGY STAR Most Efficient criteria — 17.5 SEER2 or higher for split systems. Heat pumps qualifying as ""high-efficiency"" could earn a larger credit of up to $2,000 by meeting",EXPIRED_FRAMED,OK — explicit past-tense / OBBBA-expired / negative-eligibility sentence
content/energy-efficiency-ratings/seer-rating-tax-credits.mdx,39,"The OBBBA repealed 25C for property placed in service after Dec 31, 2025. Here's what the credit covered (useful both for **2024/2025 amended-return** claims and for understanding the **efficiency thresholds** that state/utility programs still use), plus the **active 2026 federal pathways** that rep",EXPIRED_FRAMED,OK — explicit past-tense / OBBBA-expired / negative-eligibility sentence
content/energy-efficiency-ratings/seer-rating-tax-credits.mdx,43,"## 25C Tax Credit Overview (HISTORICAL — Expired Dec 31, 2025)",OTHER,OK — FAQ question / URL / label / state-program / no-credit statement / incidental
content/energy-efficiency-ratings/seer-rating-tax-credits.mdx,45,"The Inflation Reduction Act (IRA) of 2022 extended and expanded the Energy Efficient Home Improvement Credit (Section 25C of the Internal Revenue Code) through December 31, 2032 — **but the OBBBA (PL 119-21, signed July 4, 2025) repealed it early for property placed in service after Dec 31, 2025**.",OTHER,OK — FAQ question / URL / label / state-program / no-credit statement / incidental
content/energy-efficiency-ratings/seer-rating-tax-credits.mdx,52,"**For 2024/2025 installs that didn't claim the credit:** You can typically file an amended return on IRS Form 1040-X. 25C does NOT allow carryforward of an unused credit, so the amendment is the only way to recapture the credit for prior years.",EXPIRED_FRAMED,OK — explicit past-tense / OBBBA-expired / negative-eligibility sentence
content/energy-efficiency-ratings/seer-rating-tax-credits.mdx,57,These were the pre-expiration 25C thresholds. **They no longer trigger a federal credit for 2026 installs** but remain useful as efficiency targets — most state/utility rebates and the IRA HEAR / HOMES programs use the same or similar criteria.,OTHER,OK — FAQ question / URL / label / state-program / no-credit statement / incidental
content/energy-efficiency-ratings/seer-rating-tax-credits.mdx,59,### Central Air Conditioners — Was up to $600,OTHER,OK — FAQ question / URL / label / state-program / no-credit statement / incidental
content/energy-efficiency-ratings/seer-rating-tax-credits.mdx,68,"[""Maximum Credit (pre-expiration)"", ""$600/year"", ""$600/year""],",EXPIRED_FRAMED,OK — explicit past-tense / OBBBA-expired / negative-eligibility sentence
content/energy-efficiency-ratings/seer-rating-tax-credits.mdx,74,"### Heat Pumps — Was up to $2,000",OTHER,OK — FAQ question / URL / label / state-program / no-credit statement / incidental
content/energy-efficiency-ratings/seer-rating-tax-credits.mdx,84,"[""Maximum Credit (pre-expiration)"", ""$2,000/year"", ""$2,000/year""],",EXPIRED_FRAMED,OK — explicit past-tense / OBBBA-expired / negative-eligibility sentence
content/energy-efficiency-ratings/seer-rating-tax-credits.mdx,90,### Gas Furnaces — Was up to $600,OTHER,OK — FAQ question / URL / label / state-program / no-credit statement / incidental
content/energy-efficiency-ratings/seer-rating-tax-credits.mdx,98,"[""Maximum Credit (pre-expiration)"", ""$600/year"", ""$600/year""],",EXPIRED_FRAMED,OK — explicit past-tense / OBBBA-expired / negative-eligibility sentence
content/energy-efficiency-ratings/seer-rating-tax-credits.mdx,105,"**Pre-expiration stacking (for 2024/2025 install amended-return reference):** Through Dec 31, 2025, the $2,000 heat pump 25C credit was separate from and in addition to the $600 limit for ACs and furnaces — a qualifying heat pump + qualifying furnace in the same year could trigger up to $2,000 + $60",HISTORICAL_2025_DATED,OK — 2025-dated example or dedicated-25C-explainer reference
content/energy-efficiency-ratings/seer-rating-tax-credits.mdx,115,"[""Heat Pumps, Heat Pump Water Heaters, Biomass Stoves"", ""$2,000"", ""Air-source heat pumps, geothermal heat pumps, heat pump water heaters""],",OTHER,OK — FAQ question / URL / label / state-program / no-credit statement / incidental
content/energy-efficiency-ratings/seer-rating-tax-credits.mdx,116,"[""All Other Qualified Improvements"", ""$1,200"", ""Central AC ($600 cap), furnaces ($600 cap), insulation, windows ($600 cap), doors ($500 cap), energy audits ($150 cap), electrical panel upgrades ($600 cap)""],",HISTORICAL_2025_DATED,OK — 2025-dated example or dedicated-25C-explainer reference
content/energy-efficiency-ratings/seer-rating-tax-credits.mdx,124,"- Heat pump credit: 30% × $12,000 = $3,600, capped at **$2,000**",HISTORICAL_2025_DATED,OK — 2025-dated example or dedicated-25C-explainer reference
content/energy-efficiency-ratings/seer-rating-tax-credits.mdx,125,"- Window credit: 30% × $8,000 = $2,400, capped at **$600**",HISTORICAL_2025_DATED,OK — 2025-dated example or dedicated-25C-explainer reference
content/energy-efficiency-ratings/seer-rating-tax-credits.mdx,129,"- Furnace credit: 30% × $6,000 = $1,800, capped at **$600**",HISTORICAL_2025_DATED,OK — 2025-dated example or dedicated-25C-explainer reference
content/energy-efficiency-ratings/seer-rating-tax-credits.mdx,130,"- Insulation credit: 30% × $3,000 = **$900** (no sub-limit beyond the $1,200 aggregate)",HISTORICAL_2025_DATED,OK — 2025-dated example or dedicated-25C-explainer reference
content/energy-efficiency-ratings/seer-rating-tax-credits.mdx,131,"- **Total 2024 credit: $1,200** (hits the $1,200 ""other improvements"" sub-cap since no heat pump was installed that year)",HISTORICAL_2025_DATED,OK — 2025-dated example or dedicated-25C-explainer reference
content/energy-efficiency-ratings/seer-rating-tax-credits.mdx,133,"For 2026 installs, none of the above 25C math applies — the credit expired Dec 31, 2025 under the OBBBA.",EXPIRED_FRAMED,OK — explicit past-tense / OBBBA-expired / negative-eligibility sentence
content/energy-efficiency-ratings/seer-rating-tax-credits.mdx,155,"*Lennox XC25: marketed at ""up to 26"". Sources conflict on **SEER** (legacy 2018 metric) vs **SEER2** (2023 M1 procedure). Central-AC certified ratings are **match-dependent** — verify the exact rating for your quoted indoor/outdoor combination at the [AHRI Directory](https://www.ahridirectory.org/).",EXPIRED_FRAMED,OK — explicit past-tense / OBBBA-expired / negative-eligibility sentence
content/energy-efficiency-ratings/seer-rating-tax-credits.mdx,172,## How to Claim 25C on a 2024 or 2025 Amended Return,OTHER,OK — FAQ question / URL / label / state-program / no-credit statement / incidental
content/energy-efficiency-ratings/seer-rating-tax-credits.mdx,174,"If you installed a qualifying heat pump, AC, or furnace in 2024 or 2025 and didn't claim 25C at the time, you can typically still recapture it via an amended return:",EXPIRED_FRAMED,OK — explicit past-tense / OBBBA-expired / negative-eligibility sentence
content/energy-efficiency-ratings/seer-rating-tax-credits.mdx,176,**Step 1: Confirm eligibility for the prior-year install.** Verify the specific model number met 25C criteria using the ENERGY STAR product finder or the AHRI certification directory. Get the manufacturer's certification statement.,OTHER,OK — FAQ question / URL / label / state-program / no-credit statement / incidental
content/energy-efficiency-ratings/seer-rating-tax-credits.mdx,187,"- Trying to claim 25C for a 2026 install (credit expired Dec 31, 2025 under the OBBBA — no longer available)",EXPIRED_FRAMED,OK — explicit past-tense / OBBBA-expired / negative-eligibility sentence
content/energy-efficiency-ratings/seer-rating-tax-credits.mdx,188,"- Trying to carry forward an unused pre-2026 25C credit (25C does NOT allow carryforward, unlike 25D)",OTHER,OK — FAQ question / URL / label / state-program / no-credit statement / incidental
content/energy-efficiency-ratings/seer-rating-tax-credits.mdx,195,## Active 2026 Pathways (After the OBBBA 25C Repeal),OTHER,OK — FAQ question / URL / label / state-program / no-credit statement / incidental
content/energy-efficiency-ratings/seer-rating-tax-credits.mdx,197,"For 2026 installs, the federal 25C credit no longer applies. The active federal and state/utility pathways are:",EXPIRED_FRAMED,OK — explicit past-tense / OBBBA-expired / negative-eligibility sentence
content/energy-efficiency-ratings/seer-rating-tax-credits.mdx,202,"[""Federal 25C Tax Credit"", ""EXPIRED Dec 31, 2025 (OBBBA)"", ""Pre-2026 installs only; file Form 1040-X for amended return""],",EXPIRED_FRAMED,OK — explicit past-tense / OBBBA-expired / negative-eligibility sentence
content/energy-efficiency-ratings/seer-rating-tax-credits.mdx,203,"[""Federal 25D Tax Credit (geothermal/solar)"", ""EXPIRED Dec 31, 2025 (OBBBA); carryforward of unused pre-2026 credit allowed"", ""Pre-2026 installs only; Form 1040-X for amended return""],",EXPIRED_FRAMED,OK — explicit past-tense / OBBBA-expired / negative-eligibility sentence
content/energy-efficiency-ratings/seer-rating-tax-credits.mdx,206,"[""State Tax Credits / Rebates"", ""$0–$1,500"", ""dsireusa.org""],",HISTORICAL_2025_DATED,OK — 2025-dated example or dedicated-25C-explainer reference
content/energy-efficiency-ratings/seer-rating-tax-credits.mdx,207,"[""Utility Rebates"", ""$200–$2,000"", ""Your utility company website""],",OTHER,OK — FAQ question / URL / label / state-program / no-credit statement / incidental
content/energy-efficiency-ratings/seer-rating-tax-credits.mdx,215,"## Special Case: Geothermal Heat Pumps (Section 25D — also EXPIRED Dec 31, 2025)",OTHER,OK — FAQ question / URL / label / state-program / no-credit statement / incidental
content/energy-efficiency-ratings/seer-rating-tax-credits.mdx,217,"Geothermal (ground-source) heat pumps previously qualified for the Section 25D Residential Clean Energy Credit: **30% of total system cost with no dollar cap** through Dec 31, 2025. For a typical $20,000–$30,000 geothermal installation, that meant a $6,000–$9,000 credit on the install year's tax ret",EXPIRED_FRAMED,OK — explicit past-tense / OBBBA-expired / negative-eligibility sentence
content/energy-efficiency-ratings/seer-rating-tax-credits.mdx,219,"**The 25D credit also expired** for property placed in service after Dec 31, 2025 under the OBBBA. Unlike 25C, **25D allows carryforward** of an unused pre-2026 credit to future tax years — so if you have a 2024 or 2025 qualifying install with credit not fully used yet, you can roll the remainder fo",EXPIRED_FRAMED,OK — explicit past-tense / OBBBA-expired / negative-eligibility sentence
content/energy-efficiency-ratings/seer-rating-tax-credits.mdx,223,## Tax Credit vs Long-Term Savings: Total Value,OTHER,OK — FAQ question / URL / label / state-program / no-credit statement / incidental
content/energy-efficiency-ratings/seer-rating-tax-credits.mdx,233,"- Federal 25C credit: $0 (EXPIRED Dec 31, 2025 — OBBBA; this same install in 2025 would have qualified for up to $2,000)",HISTORICAL_2025_DATED,OK — 2025-dated example or dedicated-25C-explainer reference
content/energy-efficiency-ratings/seer-rating-tax-credits.mdx,247,"- **The federal Section 25C credit expired for property placed in service after Dec 31, 2025** under the OBBBA (signed July 4, 2025). The thresholds below were the credit's pre-expiration eligibility rules.",EXPIRED_FRAMED,OK — explicit past-tense / OBBBA-expired / negative-eligibility sentence
content/energy-efficiency-ratings/seer-rating-tax-credits.mdx,248,- **Central ACs needed 17.5+ SEER2** to qualify for the $600 federal tax credit (25C),HISTORICAL_2025_DATED,OK — 2025-dated example or dedicated-25C-explainer reference
content/energy-efficiency-ratings/seer-rating-tax-credits.mdx,249,"- **Heat pumps needed 16+ SEER2 and 9.0+ HSPF2** to qualify for the $2,000 federal tax credit",HISTORICAL_2025_DATED,OK — 2025-dated example or dedicated-25C-explainer reference
content/energy-efficiency-ratings/seer-rating-tax-credits.mdx,250,- **Gas furnaces needed 97%+ AFUE** (ENERGY STAR Most Efficient) for the $600 credit,HISTORICAL_2025_DATED,OK — 2025-dated example or dedicated-25C-explainer reference
content/energy-efficiency-ratings/seer-rating-tax-credits.mdx,253,"- **Pre-expiration (through Dec 31, 2025), 25C credits reset annually** — the credit could be claimed every year for different improvements; that mechanism is moot for 2026+ installs since the credit no longer exists.",EXPIRED_FRAMED,OK — explicit past-tense / OBBBA-expired / negative-eligibility sentence
content/energy-efficiency-ratings/seer-rating-tax-credits.mdx,254,"- **The $2,000 heat pump cap** (separate from the $1,200 cap for other 25C improvements) was the pre-expiration rule under §25C(b); both expired together for property placed in service after Dec 31, 2025.",EXPIRED_FRAMED,OK — explicit past-tense / OBBBA-expired / negative-eligibility sentence
content/energy-efficiency-ratings/seer-rating-tax-credits.mdx,255,- **For 2026 installs: combine state and utility incentives with IRA HEAR / HOMES** for the best stack — the federal 25C piece is no longer available.,OTHER,OK — FAQ question / URL / label / state-program / no-credit statement / incidental
content/energy-efficiency-ratings/seer-rating-tax-credits.mdx,256,"- **Geothermal heat pumps under Section 25D also expired** for property placed in service after Dec 31, 2025 (OBBBA repealed both 25C and 25D for post-2025 expenditures). Carryforward of an unused pre-2026 25D credit can still be claimed in future tax years; 25C does not allow carryforward.",EXPIRED_FRAMED,OK — explicit past-tense / OBBBA-expired / negative-eligibility sentence
content/energy-efficiency-ratings/seer-rating-tax-credits.mdx,262,"question: ""What SEER rating do I need for the federal tax credit?"",",OTHER,OK — FAQ question / URL / label / state-program / no-credit statement / incidental
content/energy-efficiency-ratings/seer-rating-tax-credits.mdx,263,"answer: ""Through Dec 31, 2025, the federal 25C credit required central air conditioners to be split systems rated at 17.5+ SEER2 (and 12.0+ EER2). For heat pumps, the threshold was lower: 16.0+ SEER2 with 9.0+ HSPF2. The AC credit was capped at $600, the heat pump credit at $2,000. **The 25C credit ",EXPIRED_FRAMED,OK — explicit past-tense / OBBBA-expired / negative-eligibility sentence
content/energy-efficiency-ratings/seer-rating-tax-credits.mdx,266,"question: ""How much is the federal HVAC tax credit in 2026?"",",OTHER,OK — FAQ question / URL / label / state-program / no-credit statement / incidental
content/energy-efficiency-ratings/seer-rating-tax-credits.mdx,267,"answer: ""Zero — the federal Section 25C credit (which covered 30% of qualified costs, capped at $600/year for ACs and gas furnaces and $2,000/year for heat pumps, with a $3,200 total annual limit) expired for property placed in service after Dec 31, 2025 under the OBBBA. For 2026 installs, the activ",OTHER,OK — FAQ question / URL / label / state-program / no-credit statement / incidental
content/energy-efficiency-ratings/seer-rating-tax-credits.mdx,270,"question: ""Could I claim the 25C credit for a heat pump AND a furnace in the same year?"",",OTHER,OK — FAQ question / URL / label / state-program / no-credit statement / incidental
content/energy-efficiency-ratings/seer-rating-tax-credits.mdx,271,"answer: ""Through Dec 31, 2025, yes — the $2,000 heat pump credit was in a separate sub-category from the $600 furnace credit, so a dual-fuel install (heat pump + gas furnace backup) meeting both efficiency thresholds could claim up to $2,600 on the same tax year. The credit expired for installs afte",EXPIRED_FRAMED,OK — explicit past-tense / OBBBA-expired / negative-eligibility sentence
content/energy-efficiency-ratings/seer-rating-tax-credits.mdx,274,"question: ""Did the 25C tax credit cover installation labor?"",",OTHER,OK — FAQ question / URL / label / state-program / no-credit statement / incidental
content/energy-efficiency-ratings/seer-rating-tax-credits.mdx,275,"answer: ""Yes — through Dec 31, 2025, the 25C credit applied to the total cost of equipment plus installation labor. Installation typically costs 40–60% of the total project price, so this was a significant benefit. The credit expired for installs after Dec 31, 2025 under the OBBBA. For 2024/2025 ins",EXPIRED_FRAMED,OK — explicit past-tense / OBBBA-expired / negative-eligibility sentence
content/energy-efficiency-ratings/seer-rating-tax-credits.mdx,278,"question: ""Is the 25C credit refundable?"",",OTHER,OK — FAQ question / URL / label / state-program / no-credit statement / incidental
content/energy-efficiency-ratings/seer-rating-tax-credits.mdx,279,"answer: ""No, the 25C credit is non-refundable. It can reduce your federal tax liability to zero but won't generate a refund. If your tax liability is less than the credit amount, the unused portion is lost — it does not carry forward to future years. Plan installations in years when you have suffici",EXPIRED_FRAMED,OK — explicit past-tense / OBBBA-expired / negative-eligibility sentence
content/energy-efficiency-ratings/seer-rating-tax-credits.mdx,283,"answer: ""No. The 25C Energy Efficient Home Improvement Credit applies only to your principal residence (primary home). Rental properties, second homes, and vacation homes do not qualify. The home must be located in the United States.""",OTHER,OK — FAQ question / URL / label / state-program / no-credit statement / incidental
content/energy-efficiency-ratings/seer-rating-tax-credits.mdx,290,"question: ""Can I combine the federal tax credit with state rebates?"",",OTHER,OK — FAQ question / URL / label / state-program / no-credit statement / incidental
content/energy-efficiency-ratings/seer-rating-tax-credits.mdx,291,"answer: ""Through Dec 31, 2025, federal 25C credits could be combined with state tax credits, utility rebates, and IRA HEAR/HEEHRA rebates — if a state rebate reduced out-of-pocket cost, the 30% federal credit was calculated on the cost after subtracting the rebate. **The federal 25C credit expired f",OTHER,OK — FAQ question / URL / label / state-program / no-credit statement / incidental
content/energy-efficiency-ratings/seer-rating-tax-credits.mdx,296,"{ label: ""IRS – Energy Efficient Home Improvement Credit (Section 25C)"", url: ""https://www.irs.gov/credits-deductions/energy-efficient-home-improvement-credit"" },",OTHER,OK — FAQ question / URL / label / state-program / no-credit statement / incidental
content/energy-efficiency-ratings/seer-rating-tax-credits.mdx,297,"{ label: ""ENERGY STAR – Federal Tax Credits for Energy Efficiency"", url: ""https://www.energystar.gov/about/federal_tax_credits"" },",OTHER,OK — FAQ question / URL / label / state-program / no-credit statement / incidental
content/energy-efficiency-ratings/seer-rating-tax-credits.mdx,298,"{ label: ""U.S. DOE – Clean Energy Tax Credits for Consumers"", url: ""https://www.energy.gov/policy/articles/making-our-homes-more-efficient-clean-energy-tax-credits-consumers"" },",OTHER,OK — FAQ question / URL / label / state-program / no-credit statement / incidental
content/energy-efficiency-ratings/hvac-efficiency-ratings-compared.mdx,67,**Current minimums:** 13.4-14.3 SEER2 depending on region. ENERGY STAR requires 15.2+. Tax credit threshold is 17.5+ SEER2 for ACs.,OTHER,OK — FAQ question / URL / label / state-program / no-credit statement / incidental
content/energy-efficiency-ratings/hvac-efficiency-ratings-compared.mdx,105,**Current minimums:** 7.5 HSPF2 for split-system heat pumps. Tax credit requires 9.0+.,OTHER,OK — FAQ question / URL / label / state-program / no-credit statement / incidental
content/energy-efficiency-ratings/hvac-efficiency-texas.mdx,4,"description: ""Complete guide to HVAC efficiency standards in Texas. Current SEER requirements, utility rebates, federal tax credits, and climate-specific recommendations for maximum energy savings.""",OTHER,OK — FAQ question / URL / label / state-program / no-credit statement / incidental
content/energy-efficiency-ratings/hvac-efficiency-texas.mdx,36,"answer: ""Texas utility rebates vary by provider but typically offer $200-$500 for 16+ SEER2 systems. Major utilities like CenterPoint, Oncor, AEP Texas, and Austin Energy offer different programs. The federal 25C credit (which covered up to $2,000 for qualifying heat pumps) expired for installs afte",OTHER,OK — FAQ question / URL / label / state-program / no-credit statement / incidental
content/energy-efficiency-ratings/hvac-efficiency-texas.mdx,99,- **Heat Pump**: $400-$600 rebate,OTHER,OK — FAQ question / URL / label / state-program / no-credit statement / incidental
content/energy-efficiency-ratings/hvac-efficiency-texas.mdx,100,"- **Total System**: Up to $1,200",OTHER,OK — FAQ question / URL / label / state-program / no-credit statement / incidental
content/energy-efficiency-ratings/hvac-efficiency-texas.mdx,103,- **16+ SEER2**: $400-$600 rebate,OTHER,OK — FAQ question / URL / label / state-program / no-credit statement / incidental
content/energy-efficiency-ratings/hvac-efficiency-texas.mdx,104,"- **Heat Pump**: $1,200 rebate",OTHER,OK — FAQ question / URL / label / state-program / no-credit statement / incidental
content/energy-efficiency-ratings/hvac-efficiency-texas.mdx,115,- **18+ SEER2**: $600 rebate,OTHER,OK — FAQ question / URL / label / state-program / no-credit statement / incidental
content/energy-efficiency-ratings/hvac-efficiency-texas.mdx,116,"- **Heat Pump**: $750-$1,200 rebate",OTHER,OK — FAQ question / URL / label / state-program / no-credit statement / incidental
content/energy-efficiency-ratings/hvac-efficiency-texas.mdx,120,"The federal 25C tax credit (up to $2,000 for qualifying heat pumps) expired for installs after Dec 31, 2025 under the OBBBA. For 2026 installs, a high-efficiency heat pump can still qualify for $500–$1,200 in utility rebates plus IRA HEAR (income-qualified, up to $8,000) or HOMES rebates — often $1,",OTHER,OK — FAQ question / URL / label / state-program / no-credit statement / incidental
content/energy-efficiency-ratings/hvac-efficiency-texas.mdx,123,"### Federal Tax Credits (HISTORICAL — Section 25C EXPIRED for installs after Dec 31, 2025)",OTHER,OK — FAQ question / URL / label / state-program / no-credit statement / incidental
content/energy-efficiency-ratings/hvac-efficiency-texas.mdx,125,"The federal Section 25C Energy Efficient Home Improvement Credit was originally extended through 2032 under the IRA, but was repealed early for property placed in service after Dec 31, 2025 under the OBBBA (PL 119-21, signed July 4, 2025). The pre-expiration thresholds (still useful as efficiency ta",EXPIRED_FRAMED,OK — explicit past-tense / OBBBA-expired / negative-eligibility sentence
content/energy-efficiency-ratings/hvac-efficiency-texas.mdx,128,"- Maximum 25C credit: $600 (EXPIRED Dec 31, 2025)",EXPIRED_FRAMED,OK — explicit past-tense / OBBBA-expired / negative-eligibility sentence
content/energy-efficiency-ratings/hvac-efficiency-texas.mdx,132,"- Maximum 25C credit: $2,000 (EXPIRED Dec 31, 2025)",EXPIRED_FRAMED,OK — explicit past-tense / OBBBA-expired / negative-eligibility sentence
content/energy-efficiency-ratings/hvac-efficiency-texas.mdx,166,"- **16 SEER2**: Saves $108/year, pays back typical $600-$1,200 upgrade in 6-11 years",OTHER,OK — FAQ question / URL / label / state-program / no-credit statement / incidental
content/energy-efficiency-ratings/hvac-efficiency-texas.mdx,277,- **Stack incentives**: Combine utility rebates with federal tax credits,OTHER,OK — FAQ question / URL / label / state-program / no-credit statement / incidental
content/energy-efficiency-ratings/seer-vs-seer2.mdx,174,"question: ""Does the SEER-to-SEER2 change affect my tax credit eligibility?"",",OTHER,OK — FAQ question / URL / label / state-program / no-credit statement / incidental
content/energy-efficiency-ratings/seer-vs-seer2.mdx,175,"answer: ""The tax credit thresholds were updated to SEER2 values. For central ACs, the requirement is 17.5 SEER2 (equivalent to about 18.3 SEER). For heat pumps, it's 16 SEER2 (about 16.7 SEER) plus 9.0 HSPF2. Check the current SEER2 requirements, not the old SEER thresholds.""",OTHER,OK — FAQ question / URL / label / state-program / no-credit statement / incidental
content/energy-efficiency-ratings/seer2-to-seer-conversion.mdx,58,- Tax credit AC: 17.5 SEER2 = 18.3 SEER,OTHER,OK — FAQ question / URL / label / state-program / no-credit statement / incidental
content/energy-efficiency-ratings/seer2-savings-calculator.mdx,108,"[""24"", ""3,750 kWh"", ""$600"", ""$407/yr"", ""$6,105""],",OTHER,OK — FAQ question / URL / label / state-program / no-credit statement / incidental
content/energy-efficiency-ratings/seer2-savings-calculator.mdx,119,"[""16"", ""1,563 kWh"", ""$203"", ""$40/yr"", ""$600""],",OTHER,OK — FAQ question / URL / label / state-program / no-credit statement / incidental
content/energy-efficiency-ratings/seer2-savings-calculator.mdx,121,"[""20"", ""1,250 kWh"", ""$163"", ""$80/yr"", ""$1,200""],",OTHER,OK — FAQ question / URL / label / state-program / no-credit statement / incidental
content/energy-efficiency-ratings/seer2-savings-calculator.mdx,140,"[""14.3 to 16 SEER2"", ""$600-$1,200"", ""$64"", ""9-19 years""],",OTHER,OK — FAQ question / URL / label / state-program / no-credit statement / incidental
content/energy-efficiency-ratings/seer2-savings-calculator.mdx,151,"3. State and utility rebates plus IRA HEAR / HOMES: the federal [25C credit ($600 AC / $2,000 heat pump) expired for installs after Dec 31, 2025](/hvac-tax-credits-2026) under the OBBBA, but state and utility rebates ($100–$3,000+ depending on location) plus IRA HEAR (income-qualified, up to $8,000)",OTHER,OK — FAQ question / URL / label / state-program / no-credit statement / incidental
content/energy-efficiency-ratings/seer2-savings-calculator.mdx,153,"In Miami at $0.16/kWh, the historical payback for 14.3 to 18 SEER2 was 12-20 years (or 5-10 years for 2025 installs that captured the $600 AC 25C credit). For 2026 installs, expect roughly 9-17 years before state/utility rebates and 6-13 years after typical Florida utility incentives.",OTHER,OK — FAQ question / URL / label / state-program / no-credit statement / incidental
content/energy-efficiency-ratings/seer2-savings-calculator.mdx,184,"**Rebates and 2026 federal pathways.** The federal 25C tax credit (which previously added up to $600 for ENERGY STAR ACs) expired Dec 31, 2025 under the OBBBA. For 2026 installs, IRA HEAR (income-qualified, up to $8,000 for heat pumps) and IRA HOMES (open to all incomes, performance-based) are the a",EXPIRED_FRAMED,OK — explicit past-tense / OBBBA-expired / negative-eligibility sentence
content/energy-efficiency-ratings/seer2-savings-calculator.mdx,193,"- **Factor in 2026 rebates** — the federal [25C credit ($600 AC / $2,000 heat pump) expired for installs after Dec 31, 2025](/hvac-tax-credits-2026) under the OBBBA, but state and utility rebates plus IRA HEAR (income-qualified, up to $8,000) and HOMES (performance-based) can still reduce 2026 payba",OTHER,OK — FAQ question / URL / label / state-program / no-credit statement / incidental
content/energy-efficiency-ratings/seer2-savings-calculator.mdx,220,"question: ""How did the federal tax credit factor into payback?"",",OTHER,OK — FAQ question / URL / label / state-program / no-credit statement / incidental
content/energy-efficiency-ratings/seer2-savings-calculator.mdx,221,"answer: ""Through Dec 31, 2025, the federal Section 25C credit ($600 for qualifying ACs at 17.5+ SEER2; $2,000 for qualifying heat pumps at 16+ SEER2 / 9.0+ HSPF2) was subtracted from the added upfront cost. For example, upgrading to 18 SEER2 costing $2,000 more, minus the $600 AC 25C credit, gave a ",OTHER,OK — FAQ question / URL / label / state-program / no-credit statement / incidental
content/energy-efficiency-ratings/16-seer-vs-20-seer.mdx,30,"**A 20 SEER air conditioner uses 20% less electricity than a 16 SEER unit, saving most homeowners $80–$475 per year on cooling costs.** However, with a price premium of $3,000–$6,000 for the equipment, the payback period typically ranges from 8–20+ years—making this upgrade financially questionable ",OTHER,OK — FAQ question / URL / label / state-program / no-credit statement / incidental
content/energy-efficiency-ratings/16-seer-vs-20-seer.mdx,47,"[""Typical Equipment Cost (3-ton)"", ""$2,000–$3,200"", ""$4,500–$7,500""],",OTHER,OK — FAQ question / URL / label / state-program / no-credit statement / incidental
content/energy-efficiency-ratings/16-seer-vs-20-seer.mdx,175,"Even in one of the hottest U.S. cities, the raw payback period exceeds the system's lifespan at average Florida electricity rates. However, factor in the $600 federal tax credit and a $400 FPL rebate, and the effective premium drops to $3,500—bringing payback down to **33 years**. Still not great.",OTHER,OK — FAQ question / URL / label / state-program / no-credit statement / incidental
content/energy-efficiency-ratings/16-seer-vs-20-seer.mdx,185,- Federal tax credit: -$600,OTHER,OK — FAQ question / URL / label / state-program / no-credit statement / incidental
content/energy-efficiency-ratings/16-seer-vs-20-seer.mdx,200,- Federal tax credit: -$600,OTHER,OK — FAQ question / URL / label / state-program / no-credit statement / incidental
content/energy-efficiency-ratings/16-seer-vs-20-seer.mdx,215,- Federal tax credit: -$600,OTHER,OK — FAQ question / URL / label / state-program / no-credit statement / incidental
content/energy-efficiency-ratings/16-seer-vs-20-seer.mdx,313,"[""Federal 25C Tax Credit"", ""Yes (if 16 SEER2+)"", ""Yes"", ""Up to $600""],",OTHER,OK — FAQ question / URL / label / state-program / no-credit statement / incidental
content/energy-efficiency-ratings/16-seer-vs-20-seer.mdx,315,"[""Typical utility rebate"", ""$200–$400"", ""$300–$600"", ""Varies by utility""],",OTHER,OK — FAQ question / URL / label / state-program / no-credit statement / incidental
content/energy-efficiency-ratings/16-seer-vs-20-seer.mdx,330,"- **After incentives ($600 tax credit + utility rebates), payback improves to 15–30 years** — still challenging for pure ROI",OTHER,OK — FAQ question / URL / label / state-program / no-credit statement / incidental
content/energy-efficiency-ratings/16-seer-vs-20-seer.mdx,377,"answer: ""If you're in a climate where a heat pump makes sense (heating and cooling), a 16 SEER heat pump will likely save you more money overall than a 20 SEER AC-only unit—because the efficiency benefits apply year-round for both heating and cooling. For 2026 installs, heat pumps qualify for IRA HE",OTHER,OK — FAQ question / URL / label / state-program / no-credit statement / incidental
content/energy-efficiency-ratings/16-seer-vs-20-seer.mdx,388,"{ label: ""IRS — 25C Energy Efficient Home Improvement Credit"", url: ""https://www.irs.gov/credits-deductions/energy-efficient-home-improvement-credit"" },",OTHER,OK — FAQ question / URL / label / state-program / no-credit statement / incidental
content/energy-efficiency-ratings/what-is-seer-rating.mdx,58,"[""15-16"", ""Mid-Range / ENERGY STAR Level"", ""$560-$600"", ""30-35% better""],",OTHER,OK — FAQ question / URL / label / state-program / no-credit statement / incidental
content/energy-efficiency-ratings/what-is-seer-rating.mdx,182,"answer: ""For a 3-ton AC running 1,500 hours per year at $0.16/kWh, each SEER point saves approximately $20-$40 per year. The savings per point are larger at lower SEER levels (going from 10 to 11 SEER saves more per point than going from 20 to 21) due to diminishing returns. Over a 15-year system li",OTHER,OK — FAQ question / URL / label / state-program / no-credit statement / incidental
content/energy-efficiency-ratings/minimum-seer-rating-by-state.mdx,19,"title: ""SEER Rating Requirements for Federal Tax Credits (2026)""",OTHER,OK — FAQ question / URL / label / state-program / no-credit statement / incidental
content/energy-efficiency-ratings/minimum-seer-rating-by-state.mdx,166,"Building inspectors may fail the installation, requiring expensive replacement or retrofit. Manufacturer warranties may be voided if the unit is installed in violation of federal standards. You'll be ineligible for utility rebates, federal tax credits, and many state incentives. Your HVAC contractor",OTHER,OK — FAQ question / URL / label / state-program / no-credit statement / incidental
content/energy-efficiency-ratings/minimum-seer-rating-by-state.mdx,196,"- **Installing below-minimum equipment is illegal** and disqualifies you from warranties, rebates, and tax credits",OTHER,OK — FAQ question / URL / label / state-program / no-credit statement / incidental
content/energy-efficiency-ratings/minimum-seer-rating-by-state.mdx,207,"answer: ""Installing below-minimum equipment violates federal energy conservation standards. Building inspectors may reject the installation, manufacturer warranties may be voided, and you'll be ineligible for utility rebates and tax credits. Your contractor may face fines and licensing consequences.",OTHER,OK — FAQ question / URL / label / state-program / no-credit statement / incidental
content/energy-efficiency-ratings/minimum-seer-rating-by-state.mdx,238,"{ slug: ""seer-rating-tax-credits"", title: ""SEER Rating Requirements for Federal Tax Credits (2026)"" }",OTHER,OK — FAQ question / URL / label / state-program / no-credit statement / incidental
content/energy-efficiency-ratings/hspf2-rating-explained.mdx,69,"[""7.5-8.0"", ""Minimum / Code Compliant"", ""2.2-2.3"", ""Single-stage compressor"", ""$1,200-$1,350""],",OTHER,OK — FAQ question / URL / label / state-program / no-credit statement / incidental
content/energy-efficiency-ratings/hspf2-rating-explained.mdx,70,"[""8.0-9.0"", ""Good / Above Average"", ""2.3-2.6"", ""Single or two-stage"", ""$1,050-$1,200""],",OTHER,OK — FAQ question / URL / label / state-program / no-credit statement / incidental
content/energy-efficiency-ratings/hspf2-rating-explained.mdx,116,"**In cold climates, HSPF2 differences translate to hundreds of dollars annually.** Upgrading from 8.0 to 12.0 HSPF2 in Minneapolis saves $840/year. Over a 15-year system lifespan, that's $12,600 in energy savings. This easily justifies the $2,000–$4,000 premium for a high-HSPF2 unit. (Note: the $2,0",OTHER,OK — FAQ question / URL / label / state-program / no-credit statement / incidental
content/energy-efficiency-ratings/hspf2-rating-explained.mdx,119,## HSPF2 and Tax Credit Qualification,OTHER,OK — FAQ question / URL / label / state-program / no-credit statement / incidental
content/energy-efficiency-ratings/hspf2-rating-explained.mdx,121,"Heat pumps had to meet specific HSPF2 thresholds for the federal Section 25C credit (which expired for installs after Dec 31, 2025 under the OBBBA). State and utility programs and the IRA HEAR / HOMES programs often use the same or similar thresholds, so these remain useful efficiency targets:",OTHER,OK — FAQ question / URL / label / state-program / no-credit statement / incidental
content/energy-efficiency-ratings/hspf2-rating-explained.mdx,126,"[""25C Tax Credit (EXPIRED Dec 31, 2025)"", ""9.0+"", ""Was up to $2,000 (no longer available for 2026 installs)"", ""16+ SEER2, 12+ EER2""],",EXPIRED_FRAMED,OK — explicit past-tense / OBBBA-expired / negative-eligibility sentence
content/energy-efficiency-ratings/hspf2-rating-explained.mdx,130,"[""IRA HEAR (ACTIVE 2026)"", ""Typically follows 25C thresholds"", ""Up to $8,000 (income-qualified)"", ""Heat pump qualifying""],",OTHER,OK — FAQ question / URL / label / state-program / no-credit statement / incidental
content/energy-efficiency-ratings/hspf2-rating-explained.mdx,209,"- **9.0+ HSPF2 was required for the $2,000 federal 25C tax credit** (Section 25C). Note: 25C expired for installs after Dec 31, 2025 under the OBBBA; HSPF2 9.0+ remains a useful efficiency threshold for state/utility rebates and IRA HEAR/HOMES programs.",OTHER,OK — FAQ question / URL / label / state-program / no-credit statement / incidental
content/energy-efficiency-ratings/hspf2-rating-explained.mdx,231,"question: ""What HSPF2 did the federal 25C tax credit require for heat pumps?"",",OTHER,OK — FAQ question / URL / label / state-program / no-credit statement / incidental
content/energy-efficiency-ratings/hspf2-rating-explained.mdx,232,"answer: ""Through Dec 31, 2025, the federal Section 25C credit (which covered up to $2,000 for qualifying heat pumps) required split-system air-source heat pumps to meet at least **9.0 HSPF2, 16.0 SEER2, and 12.0 EER2**. The credit expired for property placed in service after Dec 31, 2025 under the O",OTHER,OK — FAQ question / URL / label / state-program / no-credit statement / incidental
content/energy-efficiency-ratings/16-seer-vs-14-seer.mdx,49,"[""Typical Equipment Cost (3-ton)"", ""$1,400–$2,200"", ""$2,000–$3,200""],",OTHER,OK — FAQ question / URL / label / state-program / no-credit statement / incidental
content/energy-efficiency-ratings/16-seer-vs-14-seer.mdx,155,"These are equipment-only prices from distributor pricing sheets. Installation labor typically adds $2,000–$4,000 to total project cost, and the labor cost is generally the same whether you choose 14 SEER or 16 SEER. So the premium you're really paying is the equipment difference, usually $700–$1,200",OTHER,OK — FAQ question / URL / label / state-program / no-credit statement / incidental
content/energy-efficiency-ratings/16-seer-vs-14-seer.mdx,165,"[""2.5 ton (30,000 BTU)"", ""$3,700–$5,200"", ""$4,400–$6,400"", ""$700–$1,200""],",OTHER,OK — FAQ question / URL / label / state-program / no-credit statement / incidental
content/energy-efficiency-ratings/16-seer-vs-14-seer.mdx,169,"[""5 ton (60,000 BTU)"", ""$5,000–$7,200"", ""$6,200–$8,800"", ""$1,200–$1,600""],",OTHER,OK — FAQ question / URL / label / state-program / no-credit statement / incidental
content/energy-efficiency-ratings/16-seer-vs-14-seer.mdx,276,"5. **Budget constraints.** If the $800–$1,200 premium means financing at a high interest rate, the interest charges can wipe out the energy savings.",OTHER,OK — FAQ question / URL / label / state-program / no-credit statement / incidental
content/energy-efficiency-ratings/16-seer-vs-14-seer.mdx,292,"6. **Federal 25C tax credit (HISTORICAL — EXPIRED)** — Through Dec 31, 2025, the federal 25C Energy Efficient Home Improvement Credit provided up to $600 for qualifying ENERGY STAR-certified AC systems (16 SEER2+ / 16 SEER+). The credit expired for installs after Dec 31, 2025 under the OBBBA (PL 119",EXPIRED_FRAMED,OK — explicit past-tense / OBBBA-expired / negative-eligibility sentence
content/energy-efficiency-ratings/16-seer-vs-14-seer.mdx,296,"### Federal Tax Credit (25C — EXPIRED Dec 31, 2025)",OTHER,OK — FAQ question / URL / label / state-program / no-credit statement / incidental
content/energy-efficiency-ratings/16-seer-vs-14-seer.mdx,298,"The federal Section 25C Energy Efficient Home Improvement Credit (which previously offered up to $600 for an ENERGY STAR Most Efficient central AC at 16 SEER2+) **expired for property placed in service after Dec 31, 2025** under the OBBBA (PL 119-21, signed July 4, 2025). 25C does NOT allow carryfor",EXPIRED_FRAMED,OK — explicit past-tense / OBBBA-expired / negative-eligibility sentence
content/energy-efficiency-ratings/16-seer-vs-14-seer.mdx,315,"**Pre-2026 stack (historical):** A $300 utility rebate combined with the $600 federal 25C credit dropped a $1,200 premium to $300 net — making the upgrade pay back in 4–6 years even for cold-climate homeowners. **For 2026 installs**, the federal 25C credit no longer applies (expired Dec 31, 2025 und",OTHER,OK — FAQ question / URL / label / state-program / no-credit statement / incidental
content/energy-efficiency-ratings/16-seer-vs-14-seer.mdx,326,"- **Stack utility rebates and IRA HEAR/HOMES** to cut 2026 payback by 1–3 years (the federal 25C credit that previously cut more expired Dec 31, 2025 under the OBBBA)",OTHER,OK — FAQ question / URL / label / state-program / no-credit statement / incidental
content/energy-efficiency-ratings/16-seer-vs-14-seer.mdx,338,"answer: ""Payback periods typically range from 5–17 years, with an average around 8–12 years for moderate climates. The upgrade pays for itself fastest in hot climates with expensive electricity. Factor in utility rebates ($200–$500) and the federal 25C tax credit (up to $600), and payback can drop t",OTHER,OK — FAQ question / URL / label / state-program / no-credit statement / incidental
content/energy-efficiency-ratings/16-seer-vs-14-seer.mdx,358,"answer: ""A complete 16 SEER air conditioning installation (condenser + coil + labor) typically costs $4,600–$6,800 for a 3-ton system in 2026. Costs vary by region, brand, and installation complexity. The equipment itself runs $2,000–$3,200 for the condensing unit, with the evaporator coil adding $4",OTHER,OK — FAQ question / URL / label / state-program / no-credit statement / incidental
content/energy-efficiency-ratings/16-seer-vs-14-seer.mdx,381,"{ label: ""IRS — Energy Efficient Home Improvement Credit (25C)"", url: ""https://www.irs.gov/credits-deductions/energy-efficient-home-improvement-credit"" },",OTHER,OK — FAQ question / URL / label / state-program / no-credit statement / incidental
content/insulation/insulation-r-value-guide.mdx,474,- Climate Zone 6: $300-$600 annual savings,OTHER,OK — FAQ question / URL / label / state-program / no-credit statement / incidental
content/insulation/insulation-r-value-guide.mdx,491,"The federal Section 25C tax credit (which previously covered 30% of cost up to $1,200/year for insulation under the home-efficiency aggregate) **expired for installs after Dec 31, 2025** under the OBBBA (PL 119-21, signed July 4, 2025). For 2026 installs, the active federal pathway is IRA HOMES (ope",OTHER,OK — FAQ question / URL / label / state-program / no-credit statement / incidental
content/insulation/insulation-r-value-guide.mdx,621,- R-10 to R-49 upgrade: $200-$600 annually,OTHER,OK — FAQ question / URL / label / state-program / no-credit statement / incidental
content/insulation/insulation-r-value-guide.mdx,622,"- Complete home insulation: $300-$1,200 annually",OTHER,OK — FAQ question / URL / label / state-program / no-credit statement / incidental
content/smart-thermostats/best-smart-thermostats.mdx,57,"[""9"", ""Mysa Smart Thermostat"", ""$149"", ""Up to 26% (baseboard)"", ""Yes"", ""N/A (line voltage)"", ""No (baseboard only)"", ""Electric baseboard heat""],",OTHER,OK — FAQ question / URL / label / state-program / no-credit statement / incidental
content/smart-thermostats/programmable-vs-smart-thermostat.mdx,145,"[""$1,200"", ""$100 (budget)"", ""$90–$145"", ""8–13 months""],",OTHER,OK — FAQ question / URL / label / state-program / no-credit statement / incidental
content/smart-thermostats/programmable-vs-smart-thermostat.mdx,146,"[""$1,200"", ""$250 (premium)"", ""$90–$145"", ""21–33 months""],",OTHER,OK — FAQ question / URL / label / state-program / no-credit statement / incidental
content/smart-thermostats/programmable-vs-smart-thermostat.mdx,149,"[""$2,000"", ""$100 (budget)"", ""$150–$240"", ""5–8 months""],",OTHER,OK — FAQ question / URL / label / state-program / no-credit statement / incidental
content/smart-thermostats/programmable-vs-smart-thermostat.mdx,150,"[""$2,000"", ""$250 (premium)"", ""$150–$240"", ""12–20 months""],",OTHER,OK — FAQ question / URL / label / state-program / no-credit statement / incidental
content/smart-thermostats/smart-thermostat-savings.mdx,106,"[""Electric Furnace + AC"", ""$1,200–$1,800"", ""20–25%"", ""$240–$450"", ""Most expensive to run; most to save""],",OTHER,OK — FAQ question / URL / label / state-program / no-credit statement / incidental
content/smart-thermostats/smart-thermostat-savings.mdx,122,"**Warning:** If you have electric baseboard heaters, standard smart thermostats (Nest, Ecobee, Honeywell) won't work — they're designed for low-voltage (24V) systems. Baseboard heaters use line voltage (120V or 240V). You need a line-voltage smart thermostat like the **Mysa Smart Thermostat** ($149)",OTHER,OK — FAQ question / URL / label / state-program / no-credit statement / incidental
content/smart-thermostats/smart-thermostat-savings.mdx,208,"**Real-World Example — Who Saves the Most:** Maria, a traveling sales rep in Chicago, was gone 3–4 days per week and left her old thermostat at 72°F year-round. ""I just never thought about it,"" she says. Her 2,600 sq ft home with an older gas furnace was spending $2,100/year on HVAC. Her Ecobee Prem",OTHER,OK — FAQ question / URL / label / state-program / no-credit statement / incidental
content/smart-thermostats/smart-thermostat-savings.mdx,223,| $600 | $90 | $120 | $138 |,OTHER,OK — FAQ question / URL / label / state-program / no-credit statement / incidental
content/smart-thermostats/smart-thermostat-savings.mdx,225,"| $1,200 | $180 | $240 | $276 |",OTHER,OK — FAQ question / URL / label / state-program / no-credit statement / incidental
content/smart-thermostats/smart-thermostat-savings.mdx,231,"For a $249 thermostat saving 20% on a $1,200 HVAC bill: $1,200 × 0.20 = $240/year → payback in 12.5 months.",OTHER,OK — FAQ question / URL / label / state-program / no-credit statement / incidental
content/smart-thermostats/smart-thermostat-savings.mdx,238,"title=""Cumulative Savings Over Time (Based on $1,200/yr HVAC, 20% savings, 2.8% rate increase)""",OTHER,OK — FAQ question / URL / label / state-program / no-credit statement / incidental
content/smart-thermostats/smart-thermostat-savings.mdx,241,"[""Year 1"", ""$1,200"", ""$240"", ""$240""],",OTHER,OK — FAQ question / URL / label / state-program / no-credit statement / incidental
content/smart-thermostats/smart-thermostat-savings.mdx,264,"**Myth: ""Smart thermostats save the same amount in every home.""** Savings range from 8% to 26%+ depending on your habits, climate, and system. A work-from-home retiree in San Diego will save far less than a traveling salesperson in Chicago.",OTHER,OK — FAQ question / URL / label / state-program / no-credit statement / incidental
content/refrigerants/refrigerant-types-explained.mdx,90,"Current pricing runs $50-100+/lb wholesale, with retail service pricing often reaching $100-150+/lb including labor. A full recharge for a typical 3-ton R-22 system (6-12 lbs) can cost $600-1,800 in refrigerant alone.",OTHER,OK — FAQ question / URL / label / state-program / no-credit statement / incidental
content/refrigerants/refrigerant-types-explained.mdx,101,"**Real-world example:** The Chen family in Atlanta had a 2006 Trane R-22 system. Over their last 3 years of ownership, they spent $2,400 on R-22 (three leak repairs and recharges) plus $1,600 in other repairs. Their summer electric bills averaged $340/month. After installing a 17 SEER2 R-32 heat pum",OTHER,OK — FAQ question / URL / label / state-program / no-credit statement / incidental
content/refrigerants/hvac-refrigerant-phase-out.mdx,276,"- Check for utility rebates and (for 2026 installs) IRA HEAR (income-qualified, up to $8,000) and HOMES (performance-based) rebates — the federal 25C credit (up to $2,000 for qualifying heat pumps) expired for installs after Dec 31, 2025 under the OBBBA",OTHER,OK — FAQ question / URL / label / state-program / no-credit statement / incidental
content/refrigerants/hvac-refrigerant-phase-out.mdx,361,### Federal Tax Credits (Inflation Reduction Act),OTHER,OK — FAQ question / URL / label / state-program / no-credit statement / incidental
content/refrigerants/hvac-refrigerant-phase-out.mdx,364,"title=""Federal Tax Credits for HVAC Equipment (EXPIRED Dec 31, 2025 — OBBBA)""",EXPIRED_FRAMED,OK — explicit past-tense / OBBBA-expired / negative-eligibility sentence
content/refrigerants/hvac-refrigerant-phase-out.mdx,367,"[""Heat pump (ducted or ductless)"", ""30% of cost, up to $2,000/year"", ""Met ENERGY STAR Most Efficient criteria; CEE Tier 1 or higher"", ""EXPIRED — replaced by IRA HEAR (income-qualified, up to $8,000) and HOMES (performance-based)""],",EXPIRED_FRAMED,OK — explicit past-tense / OBBBA-expired / negative-eligibility sentence
content/refrigerants/hvac-refrigerant-phase-out.mdx,368,"[""Central AC (not heat pump)"", ""30% of cost, up to $600/year"", ""Met ENERGY STAR Most Efficient criteria"", ""EXPIRED — replaced by state/utility rebates""],",OTHER,OK — FAQ question / URL / label / state-program / no-credit statement / incidental
content/refrigerants/hvac-refrigerant-phase-out.mdx,369,"[""Heat pump water heater"", ""30% of cost, up to $2,000/year"", ""ENERGY STAR certified"", ""EXPIRED — replaced by IRA HEAR (up to $1,750 for water heaters) + HOMES""],",EXPIRED_FRAMED,OK — explicit past-tense / OBBBA-expired / negative-eligibility sentence
content/refrigerants/hvac-refrigerant-phase-out.mdx,370,"[""Insulation, air sealing, ventilation"", ""30% of cost, up to $1,200/year"", ""Met IECC standards"", ""EXPIRED — replaced by IRA HOMES (performance-based) + state/utility programs""],",EXPIRED_FRAMED,OK — explicit past-tense / OBBBA-expired / negative-eligibility sentence
content/refrigerants/hvac-refrigerant-phase-out.mdx,374,"The federal Section 25C credit covered the equipment types above through Dec 31, 2025. **OBBBA (PL 119-21, signed July 4, 2025) repealed it** for property placed in service after that date. 25C does NOT allow carryforward of an unused credit. For 2024 or 2025 installs that didn't claim the credit, y",EXPIRED_FRAMED,OK — explicit past-tense / OBBBA-expired / negative-eligibility sentence
content/refrigerants/hvac-refrigerant-phase-out.mdx,382,"Several states offer additional incentives beyond federal credits. California's TECH Clean initiative, New York's Clean Heat program, and Massachusetts's Mass Save program provide substantial rebates, particularly for heat pump installations.",OTHER,OK — FAQ question / URL / label / state-program / no-credit statement / incidental
content/refrigerants/hvac-refrigerant-phase-out.mdx,385,"**Real-world example — stacking incentives:** Maria in Connecticut replaced her 14-year-old R-410A system with a cold-climate heat pump (R-32) in October **2025**. Total installed cost: $14,500. She received a $2,000 federal 25C tax credit (claimed on her 2025 return), a $1,250 Eversource utility re",OTHER,OK — FAQ question / URL / label / state-program / no-credit statement / incidental
content/refrigerants/hvac-refrigerant-phase-out.mdx,408,"6. **Stack 2026 financial incentives** — utility rebates, state programs, and IRA HEAR (income-qualified, up to $8,000 for heat pumps) or HOMES (open to all incomes, performance-based) can reduce replacement costs by $500–$10,000+. (The federal 25C tax credit that previously added up to $2,000 for q",OTHER,OK — FAQ question / URL / label / state-program / no-credit statement / incidental
content/refrigerants/hvac-refrigerant-phase-out.mdx,462,"{ title: ""Inflation Reduction Act — HVAC Tax Credits (ENERGY STAR)"", url: ""https://www.energystar.gov/about/federal-tax-credits"" },",OTHER,OK — FAQ question / URL / label / state-program / no-credit statement / incidental
content/water-heaters/electric-water-heating-cost.mdx,77,"[""Arkansas"", ""12.5"", ""$600"", ""$50"", ""-21%""],",OTHER,OK — FAQ question / URL / label / state-program / no-credit statement / incidental
content/water-heaters/electric-water-heating-cost.mdx,99,"[""Montana"", ""12.5"", ""$600"", ""$50"", ""-21%""],",OTHER,OK — FAQ question / URL / label / state-program / no-credit statement / incidental
content/water-heaters/electric-water-heating-cost.mdx,110,"[""Oregon"", ""12.5"", ""$600"", ""$50"", ""-21%""],",OTHER,OK — FAQ question / URL / label / state-program / no-credit statement / incidental
content/water-heaters/electric-water-heating-cost.mdx,123,"[""Wyoming"", ""11.8"", ""$566"", ""$47"", ""-26%""],",OTHER,OK — FAQ question / URL / label / state-program / no-credit statement / incidental
content/water-heaters/electric-water-heating-cost.mdx,154,"**Real-World Example — The Garcia Family (Sacramento, CA):** Paying $0.30/kWh on PG&E's Tier 2 rate, their 50-gallon electric tank consumed 5,100 kWh/year for water heating, costing $1,530 annually. After switching to a Rheem ProTerra XE65 heat pump water heater (1,400 kWh/year), their annual water ",OTHER,OK — FAQ question / URL / label / state-program / no-credit statement / incidental
content/water-heaters/electric-water-heating-cost.mdx,238,"Cost: $2,500–$4,500 installed ($1,750–$3,150 after federal tax credit).",OTHER,OK — FAQ question / URL / label / state-program / no-credit statement / incidental
content/water-heaters/electric-water-heating-cost.mdx,241,"**Real-World Example — The Nguyen Family (Houston, TX):** The Nguyens paid $0.135/kWh and used 4,600 kWh/year for their electric tank ($621/year). They installed a 65-gallon heat pump water heater (1,300 kWh/year = $176/year). Annual savings: $445. Installed cost: $3,100. Tax credit: $930. Net cost:",PRICING_RANGE_NOT_A_CREDIT,"OK — pricing range / savings amount, no credit-claim verb"
content/water-heaters/electric-water-heating-cost.mdx,314,"Electricity prices rose roughly 29% from 2020 to 2026. During the same period, heat pump water heater prices dropped 10–15% due to manufacturing scale, and the federal tax credit made them more accessible. The economics of switching from resistance electric to heat pump have never been stronger.",OTHER,OK — FAQ question / URL / label / state-program / no-credit statement / incidental
content/water-heaters/electric-water-heating-cost.mdx,322,"- **Heat pump water heaters cut electric water heating costs by 50–75%** and pay for themselves in 3–8 years after available state/utility rebates and IRA HEAR (income-qualified, up to $1,750 for water heaters). (The federal 25C credit that previously offered up to $2,000 for qualifying HPWHs and br",OTHER,OK — FAQ question / URL / label / state-program / no-credit statement / incidental
content/water-heaters/electric-water-heating-cost.mdx,359,"answer: ""Yes. A standard electric tank consuming 4,500 kWh/year requires roughly 3–4 kW of solar panel capacity to offset water heating entirely. At current solar installation costs of $2.50–$3.50/watt, that's $7,500–$14,000 before the 30% federal solar tax credit. Alternatively, a heat pump water h",OTHER,OK — FAQ question / URL / label / state-program / no-credit statement / incidental
content/water-heaters/electric-water-heating-cost.mdx,367,"answer: ""Only if you already have a gas line to the water heater location. Installing a new gas line costs $500–$2,500, which may negate the operating savings. A better option in most cases is switching from a standard electric tank to a heat pump water heater — no fuel conversion needed, same 240V ",OTHER,OK — FAQ question / URL / label / state-program / no-credit statement / incidental
content/water-heaters/best-water-heaters.mdx,58,"[""Best for Large Families"", ""Bradford White AeroTherm 80-gal HP"", ""3.45"", ""$2,000–$2,400"", ""$3,500–$4,500"", ""Huge capacity, strong warranty""],",OTHER,OK — FAQ question / URL / label / state-program / no-credit statement / incidental
content/water-heaters/best-water-heaters.mdx,76,"**Real-World Example — The Williams Family (Raleigh, NC):** A family of five replaced a 12-year-old 50-gallon electric tank ($680/year operating cost) with the ProTerra XE80. Installed cost: $3,800. Annual operating cost: $155. Annual savings: $525. Payback period: 5.3 years (3.1 years after $1,140 ",PRICING_RANGE_NOT_A_CREDIT,"OK — pricing range / savings amount, no credit-claim verb"
content/water-heaters/best-water-heaters.mdx,133,"Annual operating costs average $140–$190, making it one of the cheapest water heaters to run. After the 30% federal tax credit (roughly $900–$1,100 depending on installed cost), the net price is competitive with a mid-range gas tank.",PRICING_RANGE_NOT_A_CREDIT,"OK — pricing range / savings amount, no credit-claim verb"
content/water-heaters/best-water-heaters.mdx,177,"**The trade-offs:** At $2,000–$2,400 for the unit and $3,500–$4,500 installed, it's a significant investment. The unit is 75 inches tall and requires overhead clearance for the top-mounted compressor. It's also heavier (approximately 210 lbs empty) than most competitors, which can complicate basemen",OTHER,OK — FAQ question / URL / label / state-program / no-credit statement / incidental
content/water-heaters/best-water-heaters.mdx,180,"**Real-World Example — The O'Brien Family (Boston, MA):** A family of six with four children replaced two aging 50-gallon electric tanks (total operating cost: $1,150/year) with a single AeroTherm 80-gallon HP. Installed cost: $4,100 (after removing the second tank). Annual operating cost: $195. Ann",OTHER,OK — FAQ question / URL / label / state-program / no-credit statement / incidental
content/water-heaters/best-water-heaters.mdx,201,"headers={[""Model"", ""Installed Cost"", ""Annual Operating"", ""Annual Maint."", ""10-Year Total"", ""With Tax Credit""]}",OTHER,OK — FAQ question / URL / label / state-program / no-credit statement / incidental
content/water-heaters/best-water-heaters.mdx,208,"[""Rheem Perf. 40-gal (Elec Tank)"", ""$1,100"", ""$600"", ""$30"", ""$7,400"", ""N/A""],",OTHER,OK — FAQ question / URL / label / state-program / no-credit statement / incidental
content/water-heaters/best-water-heaters.mdx,217,"- **Heat pump water heaters dominate 10-year economics.** Even with higher upfront costs, the ProTerra XE65 and XE80 deliver the lowest total cost of ownership after tax credits.",OTHER,OK — FAQ question / URL / label / state-program / no-credit statement / incidental
content/water-heaters/best-water-heaters.mdx,270,"answer: ""Budget $900–$2,500 for a tank water heater (unit + installation), $2,500–$5,000 for gas tankless, $2,500–$4,500 for a heat pump, and $1,500–$3,500 for electric tankless. The federal Section 25C credit that previously covered 30% of cost up to $2,000 for qualifying ENERGY STAR heat pump wate",OTHER,OK — FAQ question / URL / label / state-program / no-credit statement / incidental
content/water-heaters/water-heater-cost-to-install.mdx,29,"The average water heater installation costs **$1,200–$3,500** for a tank model and **$2,500–$5,500** for tankless in 2026, including the unit, labor, materials, and permits. Heat pump water heaters fall in between at **$2,500–$4,500** installed, but drop to **$1,750–$3,150** after the 30% federal ta",OTHER,OK — FAQ question / URL / label / state-program / no-credit statement / incidental
content/water-heaters/water-heater-cost-to-install.mdx,39,"headers={[""Water Heater Type"", ""Unit Cost"", ""Labor"", ""Materials & Permits"", ""Total Installed"", ""After Tax Credit""]}",OTHER,OK — FAQ question / URL / label / state-program / no-credit statement / incidental
content/water-heaters/water-heater-cost-to-install.mdx,41,"[""Gas Tank (40–50 gal)"", ""$500–$1,200"", ""$300–$800"", ""$100–$300"", ""$900–$2,300"", ""N/A""],",OTHER,OK — FAQ question / URL / label / state-program / no-credit statement / incidental
content/water-heaters/water-heater-cost-to-install.mdx,43,"[""Electric Tank (40–50 gal)"", ""$400–$900"", ""$250–$600"", ""$75–$200"", ""$725–$1,700"", ""N/A""],",OTHER,OK — FAQ question / URL / label / state-program / no-credit statement / incidental
content/water-heaters/water-heater-cost-to-install.mdx,44,"[""Electric Tank (50–80 gal)"", ""$600–$1,200"", ""$300–$700"", ""$100–$250"", ""$1,000–$2,150"", ""N/A""],",OTHER,OK — FAQ question / URL / label / state-program / no-credit statement / incidental
content/water-heaters/water-heater-cost-to-install.mdx,46,"[""Electric Tankless (Whole-House)"", ""$400–$900"", ""$500–$1,500"", ""$200–$600"", ""$1,100–$3,000"", ""N/A""],",OTHER,OK — FAQ question / URL / label / state-program / no-credit statement / incidental
content/water-heaters/water-heater-cost-to-install.mdx,47,"[""Heat Pump (Hybrid) 50–65 gal"", ""$1,400–$2,000"", ""$600–$1,200"", ""$150–$400"", ""$2,150–$3,600"", ""$1,505–$2,520""],",OTHER,OK — FAQ question / URL / label / state-program / no-credit statement / incidental
content/water-heaters/water-heater-cost-to-install.mdx,49,"[""Condensing Gas Tank"", ""$1,200–$2,000"", ""$500–$1,000"", ""$200–$500"", ""$1,900–$3,500"", ""N/A""],",OTHER,OK — FAQ question / URL / label / state-program / no-credit statement / incidental
content/water-heaters/water-heater-cost-to-install.mdx,74,"[""Tank-to-same-tank swap (gas)"", ""2–4 hours"", ""$75–$150/hr"", ""$300–$600""],",OTHER,OK — FAQ question / URL / label / state-program / no-credit statement / incidental
content/water-heaters/water-heater-cost-to-install.mdx,125,"[""Gas → Electric (resistance)"", ""New 240V/30A circuit, cap gas line"", ""$400–$1,200""],",OTHER,OK — FAQ question / URL / label / state-program / no-credit statement / incidental
content/water-heaters/water-heater-cost-to-install.mdx,128,"[""Electric → Gas Tankless"", ""New gas line (¾\""), SS venting, 120V outlet"", ""$1,200–$3,500""],",OTHER,OK — FAQ question / URL / label / state-program / no-credit statement / incidental
content/water-heaters/water-heater-cost-to-install.mdx,140,"Moving the water heater to a different room or floor adds $500–$2,000 in extended plumbing runs, new venting (gas), electrical circuits, and potentially structural penetrations. This is common when converting a closet gas tank to a basement heat pump unit.",OTHER,OK — FAQ question / URL / label / state-program / no-credit statement / incidental
content/water-heaters/water-heater-cost-to-install.mdx,150,"- **Gas line upsizing** (especially for tankless — many homes have ½"" gas lines to the water heater area, but tankless units require ¾""): $200–$600.",OTHER,OK — FAQ question / URL / label / state-program / no-credit statement / incidental
content/water-heaters/water-heater-cost-to-install.mdx,154,"In hard water areas (12+ grains per gallon), your installer may recommend a water softener ($500–$2,000) or at minimum a scale-inhibiting system ($150–$400) to protect the new unit. Hard water dramatically shortens water heater life — from 12 years down to 6–8 years in severe cases.",OTHER,OK — FAQ question / URL / label / state-program / no-credit statement / incidental
content/water-heaters/water-heater-cost-to-install.mdx,181,| Labor (5 hours @ $120/hr) | $600 |,OTHER,OK — FAQ question / URL / label / state-program / no-credit statement / incidental
content/water-heaters/water-heater-cost-to-install.mdx,189,"| Federal tax credit (30%) | -$1,113 |",OTHER,OK — FAQ question / URL / label / state-program / no-credit statement / incidental
content/water-heaters/water-heater-cost-to-install.mdx,237,### 3. Take Advantage of Tax Credits and Rebates,OTHER,OK — FAQ question / URL / label / state-program / no-credit statement / incidental
content/water-heaters/water-heater-cost-to-install.mdx,239,"The federal 25C tax credit (which previously covered 30% on heat pump water heaters, up to $2,000) **expired for installs after Dec 31, 2025** under the OBBBA. For 2026, the IRA HEAR program (income-qualified, point-of-sale rebates up to $1,750 for water heaters) plus state and utility rebates are t",OTHER,OK — FAQ question / URL / label / state-program / no-credit statement / incidental
content/water-heaters/water-heater-cost-to-install.mdx,245,"[""Federal Tax Credit (25C)"", ""Heat pump WH (ENERGY STAR)"", ""30% of cost, up to $2,000/yr"", ""IRS Form 5695 with tax return""],",OTHER,OK — FAQ question / URL / label / state-program / no-credit statement / incidental
content/water-heaters/water-heater-cost-to-install.mdx,246,"[""Federal Tax Credit (25D)"", ""Solar water heaters"", ""30% of cost, no cap"", ""IRS Form 5695 with tax return""],",OTHER,OK — FAQ question / URL / label / state-program / no-credit statement / incidental
content/water-heaters/water-heater-cost-to-install.mdx,248,"[""Utility Rebates"", ""ENERGY STAR gas/electric/HP"", ""$50–$600 (varies by utility)"", ""Apply through your utility provider""],",OTHER,OK — FAQ question / URL / label / state-program / no-credit statement / incidental
content/water-heaters/water-heater-cost-to-install.mdx,249,"[""State Tax Credits"", ""High-efficiency models"", ""$100–$500 (varies by state)"", ""State tax return""],",OTHER,OK — FAQ question / URL / label / state-program / no-credit statement / incidental
content/water-heaters/water-heater-cost-to-install.mdx,275,"[""Boston, MA"", ""$2,000–$2,800"", ""+25% above average""],",OTHER,OK — FAQ question / URL / label / state-program / no-credit statement / incidental
content/water-heaters/water-heater-cost-to-install.mdx,278,"[""Dallas, TX"", ""$1,300–$2,000"", ""At average""],",OTHER,OK — FAQ question / URL / label / state-program / no-credit statement / incidental
content/water-heaters/water-heater-cost-to-install.mdx,279,"[""Atlanta, GA"", ""$1,200–$1,900"", ""-5% below average""],",OTHER,OK — FAQ question / URL / label / state-program / no-credit statement / incidental
content/water-heaters/water-heater-cost-to-install.mdx,280,"[""Phoenix, AZ"", ""$1,200–$1,800"", ""-8% below average""],",OTHER,OK — FAQ question / URL / label / state-program / no-credit statement / incidental
content/water-heaters/water-heater-cost-to-install.mdx,309,"- **Budget $1,200–$2,300** for a standard gas tank swap, **$725–$1,700** for electric tank, **$2,500–$4,500** for heat pump, and **$2,100–$4,800** for gas tankless.",OTHER,OK — FAQ question / URL / label / state-program / no-credit statement / incidental
content/water-heaters/water-heater-cost-to-install.mdx,312,"- **Heat pump water heaters** offer the best value after available state/utility rebates and IRA HEAR (income-qualified, up to $1,750 for water heaters). The federal 25C credit (which previously offered 30% up to $2,000 for qualifying HPWHs) expired Dec 31, 2025 under the OBBBA.",OTHER,OK — FAQ question / URL / label / state-program / no-credit statement / incidental
content/water-heaters/water-heater-cost-to-install.mdx,320,"answer: ""A standard tank water heater installation costs $900–$2,300 (gas) or $725–$1,700 (electric) in 2026. Gas tankless installation runs $2,100–$4,800. Heat pump water heater installation costs $2,500–$4,500 before the 30% federal tax credit. These ranges include the unit, labor, materials, and ",PRICING_RANGE_NOT_A_CREDIT,"OK — pricing range / savings amount, no credit-claim verb"
content/water-heaters/water-heater-cost-to-install.mdx,324,"answer: ""Plumber labor rates for water heater installation range from $75–$200 per hour depending on your location. A standard tank swap takes 2–4 hours ($250–$600 in labor). A tankless conversion takes 4–8 hours ($800–$1,600 in labor). Emergency or weekend calls add a 25–50% premium.""",OTHER,OK — FAQ question / URL / label / state-program / no-credit statement / incidental
content/water-heaters/water-heater-cost-to-install.mdx,336,"answer: ""Converting from a tank to gas tankless adds $1,000–$2,500 to what a standard tank replacement would cost. The extra expense comes from new gas line sizing ($200–$600), stainless steel venting ($150–$500), a 120V outlet ($100–$200), condensate drain ($50–$150), and longer labor time (4–8 hou",OTHER,OK — FAQ question / URL / label / state-program / no-credit statement / incidental
content/water-heaters/water-heater-cost-to-install.mdx,343,"question: ""Can I get a tax credit for a new water heater?"",",OTHER,OK — FAQ question / URL / label / state-program / no-credit statement / incidental
content/water-heaters/water-heater-cost-to-install.mdx,344,"answer: ""The federal Section 25C credit (which covered 30% of cost up to $2,000 for ENERGY STAR heat pump water heaters) expired for property placed in service after Dec 31, 2025 under the OBBBA (PL 119-21, signed July 4, 2025). The Section 25D credit for solar water heaters (30% with no cap) also e",OTHER,OK — FAQ question / URL / label / state-program / no-credit statement / incidental
content/water-heaters/water-heater-cost-to-install.mdx,352,"answer: ""The cheapest option is an electric resistance tank — a 40-gallon model can be installed for as little as $725 in low-cost markets. However, it has the highest operating cost at $500–$650/year. The best value considering both installation and lifetime operating costs is a heat pump water hea",PRICING_RANGE_NOT_A_CREDIT,"OK — pricing range / savings amount, no credit-claim verb"
content/water-heaters/water-heater-cost-to-install.mdx,363,"{ label: ""DOE – Tax Credits for Home Energy Efficiency"", url: ""https://www.energy.gov/save"" },",OTHER,OK — FAQ question / URL / label / state-program / no-credit statement / incidental
content/water-heaters/how-long-does-water-heater-last.mdx,211,"[""Heat pump compressor"", ""$500–$1,200"", ""Repair"", ""Case-by-case"", ""Replace""],",OTHER,OK — FAQ question / URL / label / state-program / no-credit statement / incidental
content/water-heaters/how-long-does-water-heater-last.mdx,257,"If your water hardness exceeds 10 GPG, a whole-house water softener ($500–$2,000 installed) is one of the best investments you can make for water heater longevity — and for all water-using appliances.",OTHER,OK — FAQ question / URL / label / state-program / no-credit statement / incidental
content/water-heaters/how-long-does-water-heater-last.mdx,295,"**Neighbor A (proactive) — 2025 install:** At year 10, noticed increased sediment and slightly rusty test drain water. Got three quotes, selected a Rheem ProTerra heat pump at $3,400 installed in **2025**, scheduled installation for the following week, and claimed the $1,020 federal 25C credit on th",HISTORICAL_2025_DATED,OK — 2025-dated example or dedicated-25C-explainer reference
content/water-heaters/how-long-does-water-heater-last.mdx,349,"answer: ""In 2026, a standard gas tank replacement costs $1,200–$2,500 installed. An electric tank costs $900–$2,000. A gas tankless conversion costs $2,500–$5,000. A heat pump water heater costs $2,500–$4,500 ($1,750–$3,150 after the 30% federal tax credit). Emergency replacements cost 30–60% more t",OTHER,OK — FAQ question / URL / label / state-program / no-credit statement / incidental
content/water-heaters/water-heater-guide.mdx,30,"Water heating accounts for roughly 18–20% of your home's energy bill — the second-largest energy expense after space heating and cooling — costing the average U.S. household $400–$600 per year. Whether you're replacing a failing unit or building new, choosing the right water heater type, fuel source",OTHER,OK — FAQ question / URL / label / state-program / no-credit statement / incidental
content/water-heaters/water-heater-guide.mdx,44,"[""Conventional Tank (Gas)"", ""30–75 gal"", ""0.58–0.70"", ""$1,200–$2,500"", ""8–12 years"", ""Budget-friendly whole-home""],",OTHER,OK — FAQ question / URL / label / state-program / no-credit statement / incidental
content/water-heaters/water-heater-guide.mdx,50,"[""Condensing Tank (Gas)"", ""40–75 gal"", ""0.80–0.90"", ""$2,000–$3,500"", ""10–15 years"", ""High gas usage homes""],",OTHER,OK — FAQ question / URL / label / state-program / no-credit statement / incidental
content/water-heaters/water-heater-guide.mdx,108,"[""Upfront Cost (Installed)"", ""$1,200–$2,500"", ""$900–$2,200"", ""$2,500–$5,000"", ""$1,500–$3,500""],",OTHER,OK — FAQ question / URL / label / state-program / no-credit statement / incidental
content/water-heaters/water-heater-guide.mdx,269,"Heat pump water heaters cost less to operate than gas tanks in most regions. The federal Section 25C credit (which previously covered 30% up to $2,000 for qualifying HPWHs) **expired for installs after Dec 31, 2025** under the OBBBA; for 2026 installs, IRA HEAR (income-qualified, up to $1,750 for wa",OTHER,OK — FAQ question / URL / label / state-program / no-credit statement / incidental
content/water-heaters/water-heater-guide.mdx,315,"**Real-World Example — The Patel Home (Atlanta, GA):** The Patels switched from a 50-gallon gas tank in a cramped utility closet to a Rheem ProTerra 65-gallon heat pump water heater in their unfinished basement. The installation required running new water lines 25 feet and a 240V circuit. Total inst",PRICING_RANGE_NOT_A_CREDIT,"OK — pricing range / savings amount, no credit-claim verb"
content/water-heaters/water-heater-guide.mdx,318,## 2026 Federal Tax Credits and Rebates,OTHER,OK — FAQ question / URL / label / state-program / no-credit statement / incidental
content/water-heaters/water-heater-guide.mdx,320,"**Federal Section 25C credit — EXPIRED for installs after Dec 31, 2025:** The credit that previously covered 30% of cost up to $2,000 per year for qualifying ENERGY STAR heat pump water heaters expired under the OBBBA (PL 119-21, signed July 4, 2025).",EXPIRED_FRAMED,OK — explicit past-tense / OBBBA-expired / negative-eligibility sentence
content/water-heaters/water-heater-guide.mdx,322,"**Federal Section 25D credit — also EXPIRED Dec 31, 2025:** The 30% (no-cap) credit for solar water heaters expired under the same OBBBA repeal. Carryforward of an unused pre-2026 25D credit IS allowed (unlike 25C).",EXPIRED_FRAMED,OK — explicit past-tense / OBBBA-expired / negative-eligibility sentence
content/water-heaters/water-heater-guide.mdx,358,- **Best overall value (electric homes):** Heat pump water heater — hands down. The 30% federal tax credit makes the math compelling.,OTHER,OK — FAQ question / URL / label / state-program / no-credit statement / incidental
content/water-heaters/water-heater-guide.mdx,367,"answer: ""Heat pump water heaters are the most efficient residential water heaters available in 2026, with UEF ratings of 2.20–4.00. They use 60–75% less electricity than standard electric resistance tanks. A heat pump water heater operating at UEF 3.50 costs roughly $150–$200 per year to run versus ",OTHER,OK — FAQ question / URL / label / state-program / no-credit statement / incidental
content/water-heaters/water-heater-guide.mdx,390,"question: ""Do water heaters qualify for federal tax credits in 2026?"",",OTHER,OK — FAQ question / URL / label / state-program / no-credit statement / incidental
content/water-heaters/water-heater-guide.mdx,391,"answer: ""No — the federal Section 25C credit (30% up to $2,000 for qualifying ENERGY STAR heat pump water heaters) and the Section 25D credit (30% with no cap for solar water heaters) both expired for property placed in service after Dec 31, 2025 under the OBBBA (PL 119-21, signed July 4, 2025). For",OTHER,OK — FAQ question / URL / label / state-program / no-credit statement / incidental
content/water-heaters/water-heater-guide.mdx,414,"{ label: ""Inflation Reduction Act – Tax Credits"", url: ""https://www.energy.gov/save"" },",OTHER,OK — FAQ question / URL / label / state-program / no-credit statement / incidental
content/water-heaters/heat-pump-water-heater-guide.mdx,29,"Yes, heat pump water heaters are worth it for most homeowners with electric water heating — they cut water heating costs by 50–75% and pay for themselves in 3–8 years depending on your electricity rate, usage, and available state/utility rebates. A heat pump water heater (HPWH) operating at a UEF of",OTHER,OK — FAQ question / URL / label / state-program / no-credit statement / incidental
content/water-heaters/heat-pump-water-heater-guide.mdx,65,"[""Annual Cost ($0.25/kWh)"", ""$1,100–$1,200"", ""$250–$450"", ""Saves $700–$950/yr""],",OTHER,OK — FAQ question / URL / label / state-program / no-credit statement / incidental
content/water-heaters/heat-pump-water-heater-guide.mdx,67,"[""Installed Cost"", ""$900–$2,000"", ""$2,500–$4,500"", ""$1,500–$2,500 more""],",OTHER,OK — FAQ question / URL / label / state-program / no-credit statement / incidental
content/water-heaters/heat-pump-water-heater-guide.mdx,68,"[""After 30% Tax Credit"", ""N/A"", ""$1,750–$3,150"", ""$750–$1,150 more""],",OTHER,OK — FAQ question / URL / label / state-program / no-credit statement / incidental
content/water-heaters/heat-pump-water-heater-guide.mdx,73,"The bottom line: at the national average electricity rate of $0.16/kWh, a heat pump water heater saves a family of four approximately $430–$580 per year. For 2026 installs, after available state/utility rebates and IRA HEAR (income-qualified, up to $1,750 for water heaters), payback period is typica",OTHER,OK — FAQ question / URL / label / state-program / no-credit statement / incidental
content/water-heaters/heat-pump-water-heater-guide.mdx,159,"**Real-World Example — The Anderson Home (Minneapolis, MN):** The Andersons installed a Rheem ProTerra XE65 in their finished basement utility room. Basement temperature stays 58–65°F year-round. In heat-pump-only mode, the unit runs about 12 hours/day in winter and 6 hours/day in summer. Annual ele",PRICING_RANGE_NOT_A_CREDIT,"OK — pricing range / savings amount, no credit-claim verb"
content/water-heaters/heat-pump-water-heater-guide.mdx,166,Annual savings typically reach $450–$600 versus a standard electric tank. Payback periods of 3–5 years (after tax credit) are common.,OTHER,OK — FAQ question / URL / label / state-program / no-credit statement / incidental
content/water-heaters/heat-pump-water-heater-guide.mdx,172,Annual operating costs can drop below $120/year in these climates. Payback after tax credit: often under 2 years.,PRICING_RANGE_NOT_A_CREDIT,"OK — pricing range / savings amount, no credit-claim verb"
content/water-heaters/heat-pump-water-heater-guide.mdx,175,"**Real-World Example — The Martinez Home (Tampa, FL):** The Martinez family installed an A.O. Smith HPTU-80 in their attached garage, where temperatures range from 68–95°F year-round. Annual electricity consumption: 920 kWh ($130/year at $0.14/kWh). Their old 50-gallon electric tank used 4,200 kWh (",PRICING_RANGE_NOT_A_CREDIT,"OK — pricing range / savings amount, no credit-claim verb"
content/water-heaters/heat-pump-water-heater-guide.mdx,212,"**Federal Section 25C tax credit — EXPIRED:** The credit (30% of total installed cost, up to $2,000 per year, for qualifying HPWHs meeting ENERGY STAR UEF ≥ 2.00) expired for property placed in service after Dec 31, 2025 under the OBBBA (PL 119-21, signed July 4, 2025). It no longer applies to 2026 ",EXPIRED_FRAMED,OK — explicit past-tense / OBBBA-expired / negative-eligibility sentence
content/water-heaters/heat-pump-water-heater-guide.mdx,218,"**Utility Rebates:** Many electric utilities offer $200–$600 rebates for HPWH installation. Some, like Portland General Electric, offer enhanced rebates of $1,000+ to promote grid-flexible water heating with demand-response integration. These stack with HEAR or HOMES. (Sources: IRS OBBB FAQ; Congres",OTHER,OK — FAQ question / URL / label / state-program / no-credit statement / incidental
content/water-heaters/heat-pump-water-heater-guide.mdx,225,"| Federal 30% tax credit | -$1,080 |",OTHER,OK — FAQ question / URL / label / state-program / no-credit statement / incidental
content/water-heaters/heat-pump-water-heater-guide.mdx,230,"In the best-case scenario, an income-qualified household in Oregon could install a HPWH for under $300. Even without income-based rebates, the federal credit + utility rebate often reduces net cost to $1,500–$2,500.",OTHER,OK — FAQ question / URL / label / state-program / no-credit statement / incidental
content/water-heaters/heat-pump-water-heater-guide.mdx,244,"[""Bradford White AeroTherm 65"", ""65 gal"", ""3.42"", ""72 gal"", ""52 dB"", ""$1,700–$2,000"", ""10-yr tank/parts""],",OTHER,OK — FAQ question / URL / label / state-program / no-credit statement / incidental
content/water-heaters/heat-pump-water-heater-guide.mdx,245,"[""Bradford White AeroTherm 80"", ""80 gal"", ""3.45"", ""86 gal"", ""53 dB"", ""$2,000–$2,400"", ""10-yr tank/parts""],",OTHER,OK — FAQ question / URL / label / state-program / no-credit statement / incidental
content/water-heaters/heat-pump-water-heater-guide.mdx,246,"[""GE GeoSpring 50"", ""50 gal"", ""3.30"", ""60 gal"", ""53 dB"", ""$1,200–$1,500"", ""10-yr tank, 1-yr parts""],",OTHER,OK — FAQ question / URL / label / state-program / no-credit statement / incidental
content/water-heaters/heat-pump-water-heater-guide.mdx,284,"- **The federal 25C credit** (which previously knocked up to $2,000 off the price) expired for installs after Dec 31, 2025 (OBBBA); for 2026, state/utility rebates plus IRA HEAR (income-qualified, up to $1,750) and HOMES (open to all incomes) are the active pathways and still help close the upfront-",OTHER,OK — FAQ question / URL / label / state-program / no-credit statement / incidental
content/water-heaters/heat-pump-water-heater-guide.mdx,294,"answer: ""For most homes with electric water heating, yes. A HPWH saves $400–$600 per year compared to a standard electric tank and pays for itself in 3–8 years depending on your electricity rate and available incentives. The federal 25C credit (which previously covered 30% up to $2,000) expired for ",OTHER,OK — FAQ question / URL / label / state-program / no-credit statement / incidental
content/water-heaters/heat-pump-water-heater-guide.mdx,298,"answer: ""The total installed cost ranges from $2,500 to $4,500 in 2026, depending on the model size and installation complexity. The federal 25C credit that previously brought net cost to $1,750–$3,150 expired Dec 31, 2025 under the OBBBA. For 2026 installs, state and utility rebates ($200–$1,000+) ",OTHER,OK — FAQ question / URL / label / state-program / no-credit statement / incidental
content/water-heaters/heat-pump-water-heater-guide.mdx,329,"question: ""Do heat pump water heaters qualify for the federal tax credit in 2026?"",",OTHER,OK — FAQ question / URL / label / state-program / no-credit statement / incidental
content/water-heaters/heat-pump-water-heater-guide.mdx,330,"answer: ""No — the federal Section 25C credit (30% of cost, up to $2,000 per year, for ENERGY STAR-certified HPWHs with UEF ≥ 2.00) expired for property placed in service after Dec 31, 2025 under the OBBBA (PL 119-21, signed July 4, 2025). If you installed a qualifying HPWH in 2024 or 2025 and didn't",OTHER,OK — FAQ question / URL / label / state-program / no-credit statement / incidental
content/hvac-noise/quietest-mini-splits.mdx,246,"| Price (equipment only) | $1,500–$2,000 | $1,000–$1,500 | $900–$1,300 | $2,500–$3,500 |",OTHER,OK — FAQ question / URL / label / state-program / no-credit statement / incidental
content/hvac-noise/quietest-mini-splits.mdx,270,"A three-sided barrier (leaving the front open for airflow) made from mass-loaded vinyl (MLV) on a wooden frame can reduce outdoor unit noise by 5–10 dB at the property line. Cost: $200–$600 DIY, $500–$1,500 professional.",OTHER,OK — FAQ question / URL / label / state-program / no-credit statement / incidental
content/hvac-noise/quietest-mini-splits.mdx,339,"answer: ""Yes. Add rubber vibration isolation pads under the outdoor unit ($20–$60), install a compressor sound blanket ($80–$200), build a three-sided sound barrier around the outdoor unit ($200–$600), use night/sleep mode at bedtime, and ensure the condensate drain has a smooth downhill slope with ",OTHER,OK — FAQ question / URL / label / state-program / no-credit statement / incidental
content/hvac-noise/how-to-reduce-hvac-noise.mdx,128,"## Solution 3: Sound Barrier Wall/Fence — $200–$2,000",OTHER,OK — FAQ question / URL / label / state-program / no-credit statement / incidental
content/hvac-noise/how-to-reduce-hvac-noise.mdx,188,| Acoustic plenum box | Between air handler and trunk | 15–25 dB | $200–$600 | New installations |,OTHER,OK — FAQ question / URL / label / state-program / no-credit statement / incidental
content/hvac-noise/how-to-reduce-hvac-noise.mdx,211,"**Real-world example:** The Chen family in Atlanta had a 2010 Lennox furnace with a single-speed blower producing 54 dB at the supply register in their master bedroom, directly above the utility room. An HVAC contractor lined 12 feet of the supply trunk with 2"" fiberglass duct liner and added a 3-fo",OTHER,OK — FAQ question / URL / label / state-program / no-credit statement / incidental
content/hvac-noise/how-to-reduce-hvac-noise.mdx,286,"| 5 ft | 15 ft | 10 dB | $500–$1,200 |",OTHER,OK — FAQ question / URL / label / state-program / no-credit statement / incidental
content/hvac-noise/how-to-reduce-hvac-noise.mdx,434,"- A sound barrier wall ($200–$2,000) provides the largest single reduction for outdoor noise: 5–15 dB",OTHER,OK — FAQ question / URL / label / state-program / no-credit statement / incidental
content/hvac-noise/how-to-reduce-hvac-noise.mdx,473,"answer: ""If your system is less than 8 years old and otherwise working well, no — soundproofing solutions ($400–$2,000) are far more cost-effective. If your system is 12+ years old, replacing it with a variable-speed model gives you noise reduction plus 30–50% energy savings. The combined benefit of",OTHER,OK — FAQ question / URL / label / state-program / no-credit statement / incidental
content/hvac-noise/hvac-noise-levels-explained.mdx,385,"answer: ""Costs range from nearly free (repositioning the outdoor unit during installation) to $200–$500 for vibration pads, a sound blanket, and duct sealing. A sound barrier wall runs $500–$2,000 depending on materials. Full duct lining and renovation might cost $2,000–$5,000. Replacing the entire ",OTHER,OK — FAQ question / URL / label / state-program / no-credit statement / incidental
content/battery-backup/how-many-watts-in-12v-battery.mdx,231,"| Off-grid solar | LiFePO4 | 200+ Ah | 2,560+ Wh | $600-$1,600 |",OTHER,OK — FAQ question / URL / label / state-program / no-credit statement / incidental
content/battery-backup/how-many-watts-in-12v-battery.mdx,232,"| Marine deep cycle | AGM or LiFePO4 | 100-150 Ah | 1,200-1,920 Wh | $150-$600 |",OTHER,OK — FAQ question / URL / label / state-program / no-credit statement / incidental
content/battery-backup/how-many-watts-in-12v-battery.mdx,245,"| Victron Smart 200Ah | LiFePO4 | 200Ah / 2,560Wh | $1,200-$1,500 | $0.47-$0.59 |",OTHER,OK — FAQ question / URL / label / state-program / no-credit statement / incidental
content/battery-backup/how-many-watts-in-12v-battery.mdx,246,"| SOK 206Ah Server Rack | LiFePO4 | 206Ah / 2,637Wh | $600-$750 | $0.23-$0.28 |",OTHER,OK — FAQ question / URL / label / state-program / no-credit statement / incidental
content/battery-backup/how-many-watts-in-12v-battery.mdx,247,"| EcoFlow Delta 2 Max | Li-ion (portable) | 160Ah equiv / 2,048Wh | $1,600-$2,000 | $0.78-$0.98 |",OTHER,OK — FAQ question / URL / label / state-program / no-credit statement / incidental
content/battery-backup/solar-panel-cost-by-state.mdx,29,"The average cost of a residential solar panel system in the U.S. is **$2.60–$3.50 per watt** before incentives in 2026, which translates to **$16,900–$22,750 for a standard 6.5 kW system**. After the 30% federal tax credit, that drops to **$11,830–$15,925**. However, prices vary by as much as 40% be",OTHER,OK — FAQ question / URL / label / state-program / no-credit statement / incidental
content/battery-backup/solar-panel-cost-by-state.mdx,45,"| Average cost after federal credit | $16,933 |",OTHER,OK — FAQ question / URL / label / state-program / no-credit statement / incidental
content/battery-backup/solar-panel-cost-by-state.mdx,68,"| New York | $3.15 | $25,200 | $17,640 | NY-Sun incentive, state tax credit (25%), net metering | 22.0 | 6.0 |",OTHER,OK — FAQ question / URL / label / state-program / no-credit statement / incidental
content/battery-backup/solar-panel-cost-by-state.mdx,79,"| New Mexico | $2.60 | $20,800 | $14,560 | Solar market development tax credit | 14.0 | 8.0 |",OTHER,OK — FAQ question / URL / label / state-program / no-credit statement / incidental
content/battery-backup/solar-panel-cost-by-state.mdx,81,"| South Carolina | $2.65 | $21,200 | $14,840 | State tax credit (25%), net metering | 13.5 | 7.5 |",OTHER,OK — FAQ question / URL / label / state-program / no-credit statement / incidental
content/battery-backup/solar-panel-cost-by-state.mdx,85,"| Hawaii | $3.00 | $24,000 | $16,800 | State tax credit (35%), high electric rates | 38.0 | 4.5 |",OTHER,OK — FAQ question / URL / label / state-program / no-credit statement / incidental
content/battery-backup/solar-panel-cost-by-state.mdx,119,"| Louisiana | $2.55 | $20,400 | $14,280 | State tax credit phased out | 11.5 | 11.5 |",OTHER,OK — FAQ question / URL / label / state-program / no-credit statement / incidental
content/battery-backup/solar-panel-cost-by-state.mdx,147,"Permitting costs range from $200 (streamlined online permits in Arizona, California) to $2,000+ (multi-department reviews in some northeastern jurisdictions). Some states have adopted SolarAPP+ (an automated online permitting platform) which speeds approvals and reduces costs.",OTHER,OK — FAQ question / URL / label / state-program / no-credit statement / incidental
content/battery-backup/solar-panel-cost-by-state.mdx,170,"| New Jersey | $150–$200 (TRECs) | $1,500–$2,000 |",OTHER,OK — FAQ question / URL / label / state-program / no-credit statement / incidental
content/battery-backup/solar-panel-cost-by-state.mdx,173,| Maryland | $60–$80 | $600–$800 |,OTHER,OK — FAQ question / URL / label / state-program / no-credit statement / incidental
content/battery-backup/solar-panel-cost-by-state.mdx,175,"| Illinois | Performance-based | $1,000–$2,000 (upfront) |",OTHER,OK — FAQ question / URL / label / state-program / no-credit statement / incidental
content/battery-backup/solar-panel-cost-by-state.mdx,177,### State Tax Credits,OTHER,OK — FAQ question / URL / label / state-program / no-credit statement / incidental
content/battery-backup/solar-panel-cost-by-state.mdx,179,| State | Tax Credit | Max Amount |,OTHER,OK — FAQ question / URL / label / state-program / no-credit statement / incidental
content/battery-backup/solar-panel-cost-by-state.mdx,188,"**Real example: New York homeowner.** 8 kW system at $3.15/W = $25,200. Federal ITC (30%) = -$7,560. NY state tax credit (25%, max $5,000) = -$5,000. NY-Sun incentive = -$1,600. **Net cost: $11,040.** At $22 ¢/kWh, annual savings of ~$2,100. **Payback: 5.3 years.** This makes New York one of the bes",OTHER,OK — FAQ question / URL / label / state-program / no-credit statement / incidental
content/battery-backup/solar-panel-cost-by-state.mdx,207,"Texas's competitive installer market and lack of permitting complexity keeps costs down, though the absence of state incentives means you're relying entirely on the federal credit.",OTHER,OK — FAQ question / URL / label / state-program / no-credit statement / incidental
content/battery-backup/solar-panel-cost-by-state.mdx,214,"- **SMART program income:** ~$1,200/year for 10 years",OTHER,OK — FAQ question / URL / label / state-program / no-credit statement / incidental
content/battery-backup/solar-panel-cost-by-state.mdx,273,"**Stack every available 2026 incentive.** The federal residential Section 25D ITC (30% of total system cost, no cap) **expired for property placed in service after Dec 31, 2025** under the OBBBA (PL 119-21, signed July 4, 2025). 25D allows carryforward of an unused pre-2026 credit to future tax year",OTHER,OK — FAQ question / URL / label / state-program / no-credit statement / incidental
content/battery-backup/solar-panel-cost-by-state.mdx,281,"- **Federal 25D residential solar credit (30%) EXPIRED Dec 31, 2025** under the OBBBA — for 2024/2025 installs that previously saved $5,600–$8,400 on a typical system, carryforward of unused credit to future tax years is allowed (unlike 25C). For 2026 installs, state/utility incentives + SRECs are t",OTHER,OK — FAQ question / URL / label / state-program / no-credit statement / incidental
content/battery-backup/solar-panel-cost-by-state.mdx,290,"answer: ""The national average is $2.95 per watt before incentives, or about $23,600 for an 8 kW system. After the 30% federal tax credit, the average drops to $16,520. With additional state incentives, many homeowners pay $10,000–$17,000 out of pocket. Costs range from $2.40/W in Arizona to $3.20/W ",OTHER,OK — FAQ question / URL / label / state-program / no-credit statement / incidental
content/battery-backup/solar-panel-cost-by-state.mdx,297,"question: ""Is the 30% solar tax credit still available in 2026?"",",OTHER,OK — FAQ question / URL / label / state-program / no-credit statement / incidental
content/battery-backup/solar-panel-cost-by-state.mdx,298,"answer: ""Yes. The Inflation Reduction Act extended the 30% Investment Tax Credit through 2032. It will step down to 26% in 2033 and 22% in 2034. The credit applies to the total installed cost of solar panels and battery storage, including equipment, labor, permitting, and related electrical work. Th",OTHER,OK — FAQ question / URL / label / state-program / no-credit statement / incidental
content/battery-backup/solar-panel-cost-by-state.mdx,302,"answer: ""State incentives vary widely. Common ones include state tax credits (NY: 25%, SC: 25%, HI: 35%), SREC programs (D.C., NJ, MA, PA, MD, OH), utility rebates, property tax exemptions, and sales tax exemptions. Check the DSIRE database (dsireusa.org) for current incentives in your state. Some i",OTHER,OK — FAQ question / URL / label / state-program / no-credit statement / incidental
content/battery-backup/solar-panel-cost-by-state.mdx,318,"answer: ""Buying (with cash or a solar loan) provides the best long-term value because you own the system and keep all electricity savings. (The federal 25D residential solar tax credit — 30% of total cost, no cap — that previously favored ownership expired Dec 31, 2025 under the OBBBA; carryforward ",OTHER,OK — FAQ question / URL / label / state-program / no-credit statement / incidental
content/battery-backup/home-battery-backup-guide.mdx,28,"A home battery backup system stores 10–20 kWh of electricity and delivers 5–11.5 kW of continuous power, enough to run your essential circuits (refrigerator, lights, Wi-Fi, medical devices, and select HVAC equipment) for 8–24 hours during a grid outage. In 2026, the most popular residential batterie",OTHER,OK — FAQ question / URL / label / state-program / no-credit statement / incidental
content/battery-backup/home-battery-backup-guide.mdx,42,"The 30% federal residential Section 25D tax credit was extended through 2032 by the IRA and (under the IRA) applied to standalone batteries — they didn't need to be paired with solar to qualify. **The 25D credit expired for property placed in service after Dec 31, 2025** under the OBBBA (PL 119-21, ",OTHER,OK — FAQ question / URL / label / state-program / no-credit statement / incidental
content/battery-backup/home-battery-backup-guide.mdx,58,"**Prices shown are typical installed costs** including battery, gateway/transfer switch, electrical work, permitting, and labor. Your actual cost may vary by $1,000–$3,000 depending on your location, electrical panel condition, and installer. All prices are before the 30% federal tax credit.",OTHER,OK — FAQ question / URL / label / state-program / no-credit statement / incidental
content/battery-backup/home-battery-backup-guide.mdx,198,"- **Federal tax credit (30%):** -$4,200",OTHER,OK — FAQ question / URL / label / state-program / no-credit statement / incidental
content/battery-backup/home-battery-backup-guide.mdx,207,"- **Federal tax credit:** -$9,000",OTHER,OK — FAQ question / URL / label / state-program / no-credit statement / incidental
content/battery-backup/home-battery-backup-guide.mdx,213,"Under NEM 3.0, storing solar energy in a battery and discharging during peak hours (4–9 PM at $0.40–$0.55/kWh) instead of exporting at $0.05–$0.08/kWh generates $600–$1,200 in additional annual value compared to a solar-only system.",OTHER,OK — FAQ question / URL / label / state-program / no-credit statement / incidental
content/battery-backup/home-battery-backup-guide.mdx,234,"- **Federal tax credit:** -$17,400–$21,600",OTHER,OK — FAQ question / URL / label / state-program / no-credit statement / incidental
content/battery-backup/home-battery-backup-guide.mdx,254,"Your electrical panel must have space for a battery gateway or transfer switch. Homes with older 100A or 150A panels may need a panel upgrade ($2,000–$4,000), which can be rolled into the total cost and covered by the tax credit.",OTHER,OK — FAQ question / URL / label / state-program / no-credit statement / incidental
content/battery-backup/home-battery-backup-guide.mdx,274,| Federal tax credit | 30% ITC eligible | Not eligible |,EXPIRED_FRAMED,OK — explicit past-tense / OBBBA-expired / negative-eligibility sentence
content/battery-backup/home-battery-backup-guide.mdx,285,"**Solar integration:** Already have Enphase microinverters → Enphase IQ 5P for seamless integration. New solar + battery → Tesla Powerwall 3 (built-in inverter saves $2,000–$3,000).",OTHER,OK — FAQ question / URL / label / state-program / no-credit statement / incidental
content/battery-backup/home-battery-backup-guide.mdx,296,- **The 30% federal tax credit** now applies to standalone batteries (no solar required) through 2032,OTHER,OK — FAQ question / URL / label / state-program / no-credit statement / incidental
content/battery-backup/home-battery-backup-guide.mdx,310,"answer: ""A Tesla Powerwall 3 costs $12,500–$15,500 fully installed, including the battery, Gateway, electrical work, and permitting. After the 30% federal tax credit, your net cost is $8,750–$10,850. Adding a second Powerwall costs approximately $8,000–$10,000 incremental (labor is already done). Te",OTHER,OK — FAQ question / URL / label / state-program / no-credit statement / incidental
content/battery-backup/home-battery-backup-guide.mdx,317,"question: ""Do home batteries qualify for the federal tax credit?"",",OTHER,OK — FAQ question / URL / label / state-program / no-credit statement / incidental
content/battery-backup/home-battery-backup-guide.mdx,318,"answer: ""Through Dec 31, 2025, yes — the Inflation Reduction Act extended the 30% federal residential Section 25D Investment Tax Credit to standalone battery storage systems with at least 3 kWh capacity, applying to total installed cost including battery, gateway, electrical work, and labor. **The 2",OTHER,OK — FAQ question / URL / label / state-program / no-credit statement / incidental
content/battery-backup/home-battery-backup-guide.mdx,334,"answer: ""Yes. A standalone battery charges from the grid during off-peak hours and discharges during peak hours (time-of-use arbitrage) or during outages. The 30% federal tax credit applies to standalone batteries. However, pairing with solar significantly improves ROI by eliminating grid charging c",OTHER,OK — FAQ question / URL / label / state-program / no-credit statement / incidental
content/battery-backup/home-battery-backup-guide.mdx,353,"{ title: ""Inflation Reduction Act — Energy Storage Tax Credit"", url: ""https://www.energy.gov/eere/solar/federal-solar-tax-credits-businesses"" }",OTHER,OK — FAQ question / URL / label / state-program / no-credit statement / incidental
content/battery-backup/solar-panel-calculator.mdx,30,"The average U.S. home needs **17 to 25 solar panels** to cover 100% of its electricity use — that's a 6.5 to 10 kW system costing $13,000 to $25,000 installed. (The 30% federal residential Section 25D ITC that previously offset $3,900–$7,500 of that cost expired Dec 31, 2025 under the OBBBA; carryfo",OTHER,OK — FAQ question / URL / label / state-program / no-credit statement / incidental
content/battery-backup/solar-panel-calculator.mdx,133,"- **Estimated cost:** $16,400–$19,700 before 30% tax credit",OTHER,OK — FAQ question / URL / label / state-program / no-credit statement / incidental
content/battery-backup/solar-panel-calculator.mdx,150,"New York's lower sun hours and higher installation costs make the system more expensive, but NY also offers state-level incentives (NY-Sun program) that can further reduce out-of-pocket costs by $2,000–$5,000.",OTHER,OK — FAQ question / URL / label / state-program / no-credit statement / incidental
content/battery-backup/solar-panel-calculator.mdx,178,"Even in cloudy Seattle, solar makes financial sense thanks to Washington's favorable net metering policies and no state income tax to complicate the federal credit.",OTHER,OK — FAQ question / URL / label / state-program / no-credit statement / incidental
content/battery-backup/solar-panel-calculator.mdx,245,"| Electrical (wiring, disconnects, panel upgrade) | $800–$2,000 | 5–10% |",OTHER,OK — FAQ question / URL / label / state-program / no-credit statement / incidental
content/battery-backup/solar-panel-calculator.mdx,249,"| Overhead, margin, soft costs | $2,000–$5,000 | 15–25% |",OTHER,OK — FAQ question / URL / label / state-program / no-credit statement / incidental
content/battery-backup/solar-panel-calculator.mdx,252,### Federal Investment Tax Credit (ITC),OTHER,OK — FAQ question / URL / label / state-program / no-credit statement / incidental
content/battery-backup/solar-panel-calculator.mdx,254,"The Inflation Reduction Act extended the federal residential Section 25D solar tax credit (30% of total installed cost, no cap) through 2032; it applied to the total installed cost including battery storage if installed simultaneously. **The 25D credit expired for property placed in service after De",EXPIRED_FRAMED,OK — explicit past-tense / OBBBA-expired / negative-eligibility sentence
content/battery-backup/solar-panel-calculator.mdx,257,"**Pre-2026 25D was a tax credit, not a rebate** — you needed $6,000+ in federal tax liability to claim the full credit on a $20,000 system. **25D allows carryforward** of an unused pre-2026 credit to future tax years (unlike 25C). For 2026 solar installs, state and utility incentives are the active ",OTHER,OK — FAQ question / URL / label / state-program / no-credit statement / incidental
content/battery-backup/solar-panel-calculator.mdx,270,"| Boston, MA | $18,200 | $2,000 | 9.1 years | $31,800 |",OTHER,OK — FAQ question / URL / label / state-program / no-credit statement / incidental
content/battery-backup/solar-panel-calculator.mdx,292,- **The 30% federal tax credit** remains available through 2032 under the IRA,OTHER,OK — FAQ question / URL / label / state-program / no-credit statement / incidental
content/battery-backup/solar-panel-calculator.mdx,319,"question: ""What is the 30% solar tax credit and how does it work?"",",OTHER,OK — FAQ question / URL / label / state-program / no-credit statement / incidental
content/battery-backup/solar-panel-calculator.mdx,320,"answer: ""Through Dec 31, 2025, the federal residential Section 25D Investment Tax Credit allowed homeowners to deduct 30% of total solar installation cost from federal income taxes (panels, inverters, batteries, labor, permitting). For a 2025 $20,000 install, the credit was $6,000. **The 25D credit ",OTHER,OK — FAQ question / URL / label / state-program / no-credit statement / incidental
content/battery-backup/solar-panel-calculator.mdx,328,"answer: ""For most homes, 400–420W panels offer the best balance of cost and efficiency. Premium 440W+ panels make sense only if you have limited roof space and need maximum output per panel. The cost premium for 440W panels is typically $0.30–$0.50/W higher, which can add $2,000–$4,000 to a system w",OTHER,OK — FAQ question / URL / label / state-program / no-credit statement / incidental
content/battery-backup/solar-panel-calculator.mdx,336,"answer: ""For most homeowners, yes. The 30% federal tax credit is still available, panel costs have dropped 70% in the last decade, and electricity rates continue rising 2–4% annually. The average solar system pays for itself in 7–10 years and generates $20,000–$40,000+ in lifetime savings. The best ",OTHER,OK — FAQ question / URL / label / state-program / no-credit statement / incidental
content/battery-backup/solar-panel-calculator.mdx,346,"{ title: ""Inflation Reduction Act — Solar Tax Credit"", url: ""https://www.energy.gov/eere/solar/federal-solar-tax-credits-businesses"" },",OTHER,OK — FAQ question / URL / label / state-program / no-credit statement / incidental
content/hvac-brands/carrier-hvac-age-serial-number.mdx,288,"**R-22 identification:** Mike's Carrier AC was low on refrigerant. Serial number: 3206B55555 = week 32, 2006. A 2006 manufacture date confirmed R-22 refrigerant. The tech quoted $600 for a 4-lb recharge. Mike decided to replace the system instead of paying increasingly expensive R-22 costs.",OTHER,OK — FAQ question / URL / label / state-program / no-credit statement / incidental
content/hvac-brands/goodman-ac-age-serial-number.mdx,206,| 6–10 years | Good | Under $600 | Repair |,OTHER,OK — FAQ question / URL / label / state-program / no-credit statement / incidental
content/hvac-brands/goodman-ac-age-serial-number.mdx,207,| 6–10 years | Poor (multiple issues) | Over $600 | Evaluate replacement |,OTHER,OK — FAQ question / URL / label / state-program / no-credit statement / incidental
content/hvac-brands/goodman-ac-age-serial-number.mdx,220,"| 1504xxx | 11 years | $600 coil leak | $6,600 | **Replace** |",OTHER,OK — FAQ question / URL / label / state-program / no-credit statement / incidental
content/hvac-brands/goodman-ac-age-serial-number.mdx,235,"**R-22 identification:** The Williamses called a tech because their AC was blowing warm air. Serial: 0709123456 = September 2007. The tech found a refrigerant leak and explained the system used R-22 at $100/lb. Instead of spending $600+ on a recharge that might leak again, they replaced the 19-year-",OTHER,OK — FAQ question / URL / label / state-program / no-credit statement / incidental
content/hvac-brands/hvac-serial-number-decoder.mdx,328,"**Repair decision:** Maria's Carrier was leaking refrigerant. Tech quoted $1,200 to fix. Serial number 1209C99999 decoded to week 12, 2009 — the system was 17 years old. She replaced instead of repairing.",OTHER,OK — FAQ question / URL / label / state-program / no-credit statement / incidental
content/hvac-brands/hvac-system-lifespan.mdx,133,| 5-10 | Condenser fan motor | $250-$600 | No -- repair |,OTHER,OK — FAQ question / URL / label / state-program / no-credit statement / incidental
content/hvac-brands/hvac-system-lifespan.mdx,135,"| 10-14 | Refrigerant leak (coil) | $500-$2,000 | Yes if 12+ years |",OTHER,OK — FAQ question / URL / label / state-program / no-credit statement / incidental
content/hvac-brands/hvac-system-lifespan.mdx,174,"| New capacitor | 8 years | $250 | $2,000 | **Repair** |",OTHER,OK — FAQ question / URL / label / state-program / no-credit statement / incidental
content/hvac-brands/hvac-system-lifespan.mdx,176,"| Evaporator coil | 10 years | $1,200 | $12,000 | **Replace** |",OTHER,OK — FAQ question / URL / label / state-program / no-credit statement / incidental
content/hvac-brands/central-ac-cost-to-install.mdx,58,Tonnage is the primary driver of equipment cost. Each half-ton increase adds $300–$600 to the equipment price and $100–$300 to labor.,OTHER,OK — FAQ question / URL / label / state-program / no-credit statement / incidental
content/hvac-brands/central-ac-cost-to-install.mdx,62,"| 1.5 ton | 600–1,000 sq ft | $1,200–$2,800 | $2,000–$3,000 | $3,200–$5,800 |",OTHER,OK — FAQ question / URL / label / state-program / no-credit statement / incidental
content/hvac-brands/central-ac-cost-to-install.mdx,63,"| 2.0 ton | 1,000–1,500 sq ft | $1,400–$3,200 | $2,000–$3,200 | $3,400–$6,400 |",OTHER,OK — FAQ question / URL / label / state-program / no-credit statement / incidental
content/hvac-brands/central-ac-cost-to-install.mdx,66,"| 3.5 ton | 1,800–2,500 sq ft | $2,000–$4,600 | $2,600–$4,000 | $4,600–$8,600 |",OTHER,OK — FAQ question / URL / label / state-program / no-credit statement / incidental
content/hvac-brands/central-ac-cost-to-install.mdx,82,"| Mid-efficiency | 17 | $5,500–$7,500 | $600 | $6,000 | $11,500–$13,500 |",OTHER,OK — FAQ question / URL / label / state-program / no-credit statement / incidental
content/hvac-brands/central-ac-cost-to-install.mdx,89,"The sweet spot is 16–18 SEER2 for most climates. You'll save $100–$150/year over minimum efficiency, and the extra $1,000–$2,000 in equipment cost pays for itself in 7–10 years. Ultra-high SEER2 (24+) makes financial sense only if you cool 6+ months per year or your electricity rate exceeds $0.20/kW",OTHER,OK — FAQ question / URL / label / state-program / no-credit statement / incidental
content/hvac-brands/central-ac-cost-to-install.mdx,113,"| Duct sealing | $500–$2,000 | Leaky existing ducts |",OTHER,OK — FAQ question / URL / label / state-program / no-credit statement / incidental
content/hvac-brands/central-ac-cost-to-install.mdx,118,"| Asbestos duct removal | $2,000–$6,000 | Pre-1980 homes with asbestos |",OTHER,OK — FAQ question / URL / label / state-program / no-credit statement / incidental
content/hvac-brands/central-ac-cost-to-install.mdx,120,"| Whole-house dehumidifier | $1,200–$2,500 | Humid climates |",OTHER,OK — FAQ question / URL / label / state-program / no-credit statement / incidental
content/hvac-brands/central-ac-cost-to-install.mdx,121,| UV light | $200–$600 | Indoor air quality improvement |,OTHER,OK — FAQ question / URL / label / state-program / no-credit statement / incidental
content/hvac-brands/central-ac-cost-to-install.mdx,134,"**Example 3 — Premium install in Houston:** The Kumars chose a Trane XV20i (20 SEER2, variable-speed) for their 2,400 sq ft home because they wanted maximum comfort in Texas heat. Equipment: $6,200. Indoor coil: $1,200. Labor: $3,800. ComfortLink thermostat: $380. Duct sealing: $800. Permit: $150. *",OTHER,OK — FAQ question / URL / label / state-program / no-credit statement / incidental
content/hvac-brands/central-ac-cost-to-install.mdx,138,"**Example 4 — First-time install in Massachusetts:** The Obriens added central air to a 1950s cape cod with hot water radiators and no ductwork. Equipment (2.5-ton Carrier Performance): $2,600. Air handler: $1,400. Full duct system: $6,200. Labor: $4,100. Thermostat: $250. Electrical: $600. Permit: ",OTHER,OK — FAQ question / URL / label / state-program / no-credit statement / incidental
content/hvac-brands/central-ac-cost-to-install.mdx,147,"| Get 3+ quotes | $500–$2,000 | Prices vary 30–50% between contractors |",OTHER,OK — FAQ question / URL / label / state-program / no-credit statement / incidental
content/hvac-brands/central-ac-cost-to-install.mdx,149,"| Federal 25C tax credits | EXPIRED Dec 31, 2025 (OBBBA) | Was up to $2,000 for qualifying heat pumps; replaced by IRA HEAR (up to $8,000, income-qualified) and HOMES for 2026 installs |",EXPIRED_FRAMED,OK — explicit past-tense / OBBBA-expired / negative-eligibility sentence
content/hvac-brands/central-ac-cost-to-install.mdx,153,"| Skip unnecessary upgrades | $500–$2,000 | UV lights and humidifiers are nice-to-haves |",OTHER,OK — FAQ question / URL / label / state-program / no-credit statement / incidental
content/hvac-brands/central-ac-cost-to-install.mdx,159,### Federal Tax Credits in 2026 (Section 25C — EXPIRED),OTHER,OK — FAQ question / URL / label / state-program / no-credit statement / incidental
content/hvac-brands/central-ac-cost-to-install.mdx,161,"The federal Section 25C Energy Efficient Home Improvement Credit (Inflation Reduction Act) **expired for property placed in service after Dec 31, 2025** under the OBBBA (PL 119-21, signed July 4, 2025). Pre-expiration coverage (historical reference / for amended-return claims on 2024–2025 installs):",EXPIRED_FRAMED,OK — explicit past-tense / OBBBA-expired / negative-eligibility sentence
content/hvac-brands/central-ac-cost-to-install.mdx,163,"- **Heat pumps** meeting CEE Tier requirements: was up to **$2,000** 25C tax credit (now $0 for 2026 installs)",EXPIRED_FRAMED,OK — explicit past-tense / OBBBA-expired / negative-eligibility sentence
content/hvac-brands/central-ac-cost-to-install.mdx,164,- **Central AC** units meeting efficiency thresholds: was up to **$600** 25C tax credit (now $0 for 2026 installs),EXPIRED_FRAMED,OK — explicit past-tense / OBBBA-expired / negative-eligibility sentence
content/hvac-brands/central-ac-cost-to-install.mdx,165,- **Electrical panel upgrades** needed for installation: was up to **$600** 25C credit (now $0 for 2026 installs),EXPIRED_FRAMED,OK — explicit past-tense / OBBBA-expired / negative-eligibility sentence
content/hvac-brands/central-ac-cost-to-install.mdx,166,"- The annual-reset feature of 25C is moot for 2026+ installs since the credit no longer exists. 25C does NOT allow carryforward — for 2024/2025 installs that didn't claim the credit at the time, an amended return (IRS Form 1040-X) may still recapture it.",EXPIRED_FRAMED,OK — explicit past-tense / OBBBA-expired / negative-eligibility sentence
content/hvac-brands/central-ac-cost-to-install.mdx,230,"- The federal 25C credit (up to $600 for AC and $2,000 for qualifying heat pumps) **expired for installs after Dec 31, 2025** (OBBBA); for 2026 installs, claim state/utility rebates plus IRA HEAR (income-qualified, up to $8,000) or HOMES (performance-based)",OTHER,OK — FAQ question / URL / label / state-program / no-credit statement / incidental
content/hvac-brands/central-ac-cost-to-install.mdx,272,"A central AC cools only. A heat pump cools and heats using the same refrigeration cycle in reverse. In cooling mode, they're identical. The cost difference is $1,000–$2,500 more for a heat pump, but the federal tax credit for heat pumps ($2,000 vs. $600 for AC) can offset most of that premium. If yo",OTHER,OK — FAQ question / URL / label / state-program / no-credit statement / incidental
content/hvac-brands/central-ac-cost-to-install.mdx,279,- [IRS Section 25C Credits](https://www.irs.gov/credits-deductions/energy-efficient-home-improvement-credit) — Federal tax credit details,OTHER,OK — FAQ question / URL / label / state-program / no-credit statement / incidental
content/hvac-brands/central-ac-vs-mini-split-vs-window.mdx,38,"| **Whole-home cooling cost** | $4,000–$12,000 | $5,000–$15,000 (4 zones) | $600–$2,800 (4 units) |",OTHER,OK — FAQ question / URL / label / state-program / no-credit statement / incidental
content/hvac-brands/central-ac-vs-mini-split-vs-window.mdx,61,"| 3-bedroom home (1,800 sq ft) | $5,000–$8,500 | $5,000–$10,000 (3–4 zones) | $800–$2,000 (4 units) |",OTHER,OK — FAQ question / URL / label / state-program / no-credit statement / incidental
content/hvac-brands/central-ac-vs-mini-split-vs-window.mdx,62,"| 4-bedroom home (2,500 sq ft) | $6,500–$11,000 | $8,000–$15,000 (4–5 zones) | $1,200–$3,000 (5–6 units) |",OTHER,OK — FAQ question / URL / label / state-program / no-credit statement / incidental
content/hvac-brands/central-ac-vs-mini-split-vs-window.mdx,63,"| Home with no existing ducts | $10,000–$18,000 | $5,000–$10,000 (3–4 zones) | $800–$2,000 |",OTHER,OK — FAQ question / URL / label / state-program / no-credit statement / incidental
content/hvac-brands/central-ac-vs-mini-split-vs-window.mdx,82,"| Window AC (4 units, 1 replacement cycle) | $1,200 + $1,200 | $7,560 | $0 | $9,960 |",OTHER,OK — FAQ question / URL / label / state-program / no-credit statement / incidental
content/hvac-brands/central-ac-vs-mini-split-vs-window.mdx,85,"| Mini split (3-zone, 20 SEER2) | $7,500 | $2,900 | $1,200 | $11,600 |",OTHER,OK — FAQ question / URL / label / state-program / no-credit statement / incidental
content/hvac-brands/central-ac-vs-mini-split-vs-window.mdx,192,"**Scenario 2 — 1920s bungalow with no ducts (Portland, OR):** The Chens had baseboard heat and no ductwork. Mini split won: $6,800 for a 3-zone Mitsubishi system that provides both heating and cooling. Central air would have cost $14,000+ with new ductwork, and the old house had limited space for du",OTHER,OK — FAQ question / URL / label / state-program / no-credit statement / incidental
content/hvac-brands/central-ac-vs-mini-split-vs-window.mdx,196,"**Scenario 3 — College apartment (any city):** Marcus rents a 600 sq ft apartment and can't install permanent equipment. Window AC won: $350 for a 10,000 BTU unit that cools his entire apartment adequately. He'll take it with him when he moves. A portable AC at $400–$600 was the alternative, but win",OTHER,OK — FAQ question / URL / label / state-program / no-credit statement / incidental
content/hvac-brands/best-central-ac-brands.mdx,66,"| Trane | XR14 | 14.3 | $1,600–$2,000 | Single-stage |",OTHER,OK — FAQ question / URL / label / state-program / no-credit statement / incidental
content/hvac-brands/best-central-ac-brands.mdx,70,"| Goodman | GSXC7 | 17 | $2,000–$2,600 | Two-stage |",OTHER,OK — FAQ question / URL / label / state-program / no-credit statement / incidental
content/hvac-brands/best-central-ac-brands.mdx,72,"| Amana | ASX14 | 14.3 | $1,200–$1,600 | Single-stage |",OTHER,OK — FAQ question / URL / label / state-program / no-credit statement / incidental
content/hvac-brands/best-central-ac-brands.mdx,86,"| Goodman | GSXN4 | 14.3 | $1,200–$1,700 | Single-stage |",OTHER,OK — FAQ question / URL / label / state-program / no-credit statement / incidental
content/hvac-brands/best-central-ac-brands.mdx,99,"| Trane | XR14 | 14.3 | $2,000–$2,600 | Single-stage |",OTHER,OK — FAQ question / URL / label / state-program / no-credit statement / incidental
content/hvac-brands/best-central-ac-brands.mdx,120,"| Carrier | Comfort 24ACC6 | 14.3 | $2,000–$2,700 | Single-stage |",OTHER,OK — FAQ question / URL / label / state-program / no-credit statement / incidental
content/hvac-brands/best-central-ac-brands.mdx,142,"| Rheem | Classic RA14 | 14.3 | $2,000–$2,700 | Single-stage |",OTHER,OK — FAQ question / URL / label / state-program / no-credit statement / incidental
content/hvac-brands/best-central-ac-brands.mdx,157,"| Goodman | GSXN4 | 14.3 | $2,000–$2,800 | Single-stage |",OTHER,OK — FAQ question / URL / label / state-program / no-credit statement / incidental
content/hvac-brands/best-central-ac-brands.mdx,159,"| Amana | ASX14 | 14.3 | $2,000–$2,700 | Single-stage |",OTHER,OK — FAQ question / URL / label / state-program / no-credit statement / incidental
content/hvac-brands/best-central-ac-brands.mdx,263,"**Variable-speed becoming mainstream:** Prices for inverter-driven compressors have dropped 15–20% over the past two years. What was once a $4,000 premium is now $2,000–$3,000 over single-stage. Expect variable-speed to become the mid-range standard within 2–3 years.",OTHER,OK — FAQ question / URL / label / state-program / no-credit statement / incidental
content/hvac-brands/what-size-generator-for-5-ton-ac.mdx,130,"| Potential generator savings | — | $500–$2,000 |",OTHER,OK — FAQ question / URL / label / state-program / no-credit statement / incidental
content/hvac-brands/what-size-generator-for-5-ton-ac.mdx,198,"| Whole-house ATS | $800–$2,000 + installation | Switches entire panel, includes load management |",OTHER,OK — FAQ question / URL / label / state-program / no-credit statement / incidental
content/hvac-brands/best-hvac-brands-ranked.mdx,164,"- **GSXC (mid):** 17 SEER2, two-stage. Equipment: $2,000–$3,800.",OTHER,OK — FAQ question / URL / label / state-program / no-credit statement / incidental
content/hvac-brands/central-air-conditioner-guide.mdx,133,"| Typical cost premium | Baseline | +$800–$1,500 | +$2,000–$4,000 |",OTHER,OK — FAQ question / URL / label / state-program / no-credit statement / incidental
content/hvac-brands/central-air-conditioner-guide.mdx,146,"| 1.5 ton | $1,200–$1,800 | $1,800–$2,800 | $2,800–$4,200 |",OTHER,OK — FAQ question / URL / label / state-program / no-credit statement / incidental
content/hvac-brands/central-air-conditioner-guide.mdx,150,"| 3.5 ton | $2,000–$3,000 | $3,000–$4,600 | $4,600–$7,200 |",OTHER,OK — FAQ question / URL / label / state-program / no-credit statement / incidental
content/hvac-brands/central-air-conditioner-guide.mdx,156,"Installation labor typically runs $2,000–$5,500 depending on complexity:",OTHER,OK — FAQ question / URL / label / state-program / no-credit statement / incidental
content/hvac-brands/central-air-conditioner-guide.mdx,160,"| Straight replacement (same size, existing ducts) | $2,000–$3,000 | 4–8 hours |",OTHER,OK — FAQ question / URL / label / state-program / no-credit statement / incidental
content/hvac-brands/central-air-conditioner-guide.mdx,176,"**Example 3 — Premium install in Arizona:** The Patels chose a Carrier 24VNA960 (up to 24 SEER2, variable-speed) for their 2,800 sq ft home. Equipment: $7,800. Labor: $4,200. New smart thermostat: $300. Duct sealing: $600. Total: $12,900. Estimated annual cooling cost: $380 vs. $740 with their old 1",OTHER,OK — FAQ question / URL / label / state-program / no-credit statement / incidental
content/hvac-brands/central-air-conditioner-guide.mdx,212,"| Crushed or kinked flex duct | Reduced airflow, strain on blower | $200–$600 per run |",OTHER,OK — FAQ question / URL / label / state-program / no-credit statement / incidental
content/hvac-brands/central-air-conditioner-guide.mdx,219,"**Mastic sealant:** Thick paste applied by hand to every joint. Most durable option. Cost: $300–$800 DIY, $800–$2,000 professional.",OTHER,OK — FAQ question / URL / label / state-program / no-credit statement / incidental
content/hvac-brands/central-air-conditioner-guide.mdx,277,"| System is under 8 years, repair under $600 | Repair | Good remaining life |",OTHER,OK — FAQ question / URL / label / state-program / no-credit statement / incidental
content/hvac-brands/central-air-conditioner-guide.mdx,310,"**Whole-house dehumidifier:** In humid climates, even your AC may not remove enough moisture. A whole-house dehumidifier ($1,200–$2,500 installed) ties into your duct system and maintains 40–50% relative humidity independently.",OTHER,OK — FAQ question / URL / label / state-program / no-credit statement / incidental
content/hvac-brands/central-air-conditioner-guide.mdx,312,"**UV germicidal lights:** Installed in the air handler near the evaporator coil, UV-C lights ($200–$600 installed) inhibit mold and bacterial growth on the coil surface. They don't filter particles but reduce biological contaminants.",OTHER,OK — FAQ question / URL / label / state-program / no-credit statement / incidental
content/evaporative-coolers/best-evaporative-coolers.mdx,83,"| **Phoenix Manufacturing Aerocool Pro** | Whole-house | 6,800 | 2,200 | 380 | Direct water line | Continuous | $1,200–$1,800 |",OTHER,OK — FAQ question / URL / label / state-program / no-credit statement / incidental
content/evaporative-coolers/best-evaporative-coolers.mdx,209,"**Bottom line:** A large portable evaporative cooler costs about **$10–15/month** to run. A central AC system cooling the same space costs **$135–200/month**. Over a 5-month cooling season, that's a difference of $600–$900 in electricity alone.",OTHER,OK — FAQ question / URL / label / state-program / no-credit statement / incidental
content/evaporative-coolers/evaporative-cooler-vs-ac.mdx,31,"If you live in a dry climate (below 50% summer humidity), an evaporative cooler will cool your home for **75–80% less electricity** than air conditioning — saving $600–$1,000+ per cooling season. If your humidity regularly exceeds 50%, skip the swamp cooler entirely and go with AC; evaporative cooli",OTHER,OK — FAQ question / URL / label / state-program / no-credit statement / incidental
content/evaporative-coolers/evaporative-cooler-vs-ac.mdx,124,"| Whole-house evap (roof/wall) | $800–$2,000 | $500–$1,500 | $1,300–$3,500 |",OTHER,OK — FAQ question / URL / label / state-program / no-credit statement / incidental
content/evaporative-coolers/evaporative-cooler-vs-ac.mdx,128,"| Central AC | $3,000–$7,000 | $2,000–$5,000 | $5,000–$12,000 |",OTHER,OK — FAQ question / URL / label / state-program / no-credit statement / incidental
content/space-heaters/best-garage-heaters.mdx,72,"**Best for:** Workshops, high-ceiling garages. **Cost:** $200–$600 + install. **Operating:** $0.25–$0.60/hr.",OTHER,OK — FAQ question / URL / label / state-program / no-credit statement / incidental
content/space-heaters/best-garage-heaters.mdx,163,"**Solution:** Modine Hot Dawg 75,000 BTU natural gas ($650 + $1,200 install). **Cost:** ~$0.90/hr. 10 hrs × 22 days = $198/month peak winter. The unit maintains 58–62°F consistently even on -10°F days.",OTHER,OK — FAQ question / URL / label / state-program / no-credit statement / incidental
content/space-heaters/battery-operated-heaters.mdx,55,"[""4 hours"", ""6,000 Wh"", ""24 kg (53 lbs)"", ""70–90 lbs"", ""$600–$1,200""],",OTHER,OK — FAQ question / URL / label / state-program / no-credit statement / incidental
content/space-heaters/battery-operated-heaters.mdx,56,"[""8 hours"", ""12,000 Wh"", ""48 kg (106 lbs)"", ""130–160 lbs"", ""$1,200–$2,400""],",OTHER,OK — FAQ question / URL / label / state-program / no-credit statement / incidental
content/space-heaters/battery-operated-heaters.mdx,141,"| Bluetti AC200P | 2,000 Wh | 1 hour 10 min | 2 hours 20 min | 3.5 hours | $1,200 |",OTHER,OK — FAQ question / URL / label / state-program / no-credit statement / incidental
content/space-heaters/battery-operated-heaters.mdx,199,"answer: ""Heating requires enormous energy — roughly 1,500 watt-hours for one hour of room heating. The best lithium batteries store about 250 Wh/kg. A practical 4-hour heater would weigh 90+ lbs and cost $600–$1,200 in batteries alone. Until battery energy density improves by 5–10×, battery room hea",OTHER,OK — FAQ question / URL / label / state-program / no-credit statement / incidental
content/space-heaters/battery-operated-heaters.mdx,211,"answer: ""Technically yes, but for a very short time. A typical 1,000 Wh power station runs a 1,500W heater for about 35 minutes, or a 500W heater for about 1.5 hours. Larger stations (2,000+ Wh, $1,200+) can manage 2–3 hours. This can be useful for brief warming but is impractical for extended heati",OTHER,OK — FAQ question / URL / label / state-program / no-credit statement / incidental
content/space-heaters/best-baseboard-heaters.mdx,192,"**Situation:** The Chen family added a 200 sq ft sunroom to their home in New Hampshire. Running ductwork would cost $2,000–$3,000. A baseboard is the simpler option.",OTHER,OK — FAQ question / URL / label / state-program / no-credit statement / incidental
content/space-heaters/best-baseboard-heaters.mdx,201,"**Situation:** Marie owns a 1,200 sq ft home in Connecticut with 100% electric baseboard heating. Monthly bill: $600+ in winter.",OTHER,OK — FAQ question / URL / label / state-program / no-credit statement / incidental
content/hvac-costs-by-state/hvac-cost-new-york.mdx,95,"- **Professional engineer (PE) sign-off:** Required for certain installations, especially in commercial buildings and larger residential buildings. Cost: $500–$2,000.",OTHER,OK — FAQ question / URL / label / state-program / no-credit statement / incidental
content/hvac-costs-by-state/hvac-cost-new-york.mdx,97,"- **Asbestos inspection:** Required before disturbing existing insulation in pre-1981 buildings. Inspection: $400–$800. Abatement if found: $2,000–$10,000+.",OTHER,OK — FAQ question / URL / label / state-program / no-credit statement / incidental
content/hvac-costs-by-state/hvac-cost-new-york.mdx,125,"**Example: Brooklyn brownstone — 2,500 sq ft, 3 floors (2026 install).** Replacing a 30-year-old steam boiler with a new high-efficiency gas boiler + adding a 3-zone ductless mini-split system for cooling. Boiler: $9,500. Mini-split (3 zones): $14,500. Gas line upgrade: $1,200. DOB permit and filing",OTHER,OK — FAQ question / URL / label / state-program / no-credit statement / incidental
content/hvac-costs-by-state/hvac-cost-new-york.mdx,143,"**Example: Babylon, NY (Suffolk County) — 1,800 sq ft Cape Cod.** Converting from oil furnace to gas furnace + adding central AC. Equipment (Trane 16 SEER2 AC + 96% furnace): $5,600. Labor: $4,200. Gas line extension from street: $2,800. Oil tank removal: $1,500. Ductwork modifications: $2,000. Perm",OTHER,OK — FAQ question / URL / label / state-program / no-credit statement / incidental
content/hvac-costs-by-state/hvac-cost-new-york.mdx,200,"[""Steam Boiler"", ""NYC pre-war buildings"", ""$8,000–$18,000"", ""$1,200–$2,200""],",OTHER,OK — FAQ question / URL / label / state-program / no-credit statement / incidental
content/hvac-costs-by-state/hvac-cost-new-york.mdx,202,"[""Oil Boiler"", ""NYC, Long Island, rural"", ""$6,500–$12,000"", ""$2,000–$3,500""],",OTHER,OK — FAQ question / URL / label / state-program / no-credit statement / incidental
content/hvac-costs-by-state/hvac-cost-new-york.mdx,203,"[""Heat Pump (standard)"", ""Mild areas, newer homes"", ""$5,200–$12,000"", ""$1,200–$2,000""],",OTHER,OK — FAQ question / URL / label / state-program / no-credit statement / incidental
content/hvac-costs-by-state/hvac-cost-new-york.mdx,221,"- **Section 25C Tax Credit (EXPIRED):** Covered up to $2,000 for heat pumps and $600 for AC or furnace through Dec 31, 2025; expired for installs after that date under the OBBBA (PL 119-21, signed July 4, 2025). 25C does NOT allow carryforward.",EXPIRED_FRAMED,OK — explicit past-tense / OBBBA-expired / negative-eligibility sentence
content/hvac-costs-by-state/hvac-cost-new-york.mdx,242,"[""National Grid (upstate)"", ""$500–$1,200"", ""$100–$300"", ""Boiler rebates available""],",OTHER,OK — FAQ question / URL / label / state-program / no-credit statement / incidental
content/hvac-costs-by-state/hvac-cost-new-york.mdx,245,"[""Central Hudson"", ""$500–$1,200"", ""$200–$400"", ""Oil conversion bonus""]",OTHER,OK — FAQ question / URL / label / state-program / no-credit statement / incidental
content/hvac-costs-by-state/hvac-cost-new-york.mdx,251,"For 2026 installs: NYSERDA Clean Heat ($3,000+) + Utility rebate ($500–$1,500) + IRA HEAR if income-qualified (up to $8,000) or IRA HOMES (performance-based) = **$3,500–$12,500+ in total incentives.** On a $13,500 heat pump installation, your net cost could be as low as $1,000–$10,000 depending on i",OTHER,OK — FAQ question / URL / label / state-program / no-credit statement / incidental
content/hvac-costs-by-state/hvac-cost-new-york.mdx,309,"answer: ""Converting from oil to a heat pump is one of the best HVAC investments for New York homeowners. You'll save $800–$1,500/year in fuel costs, eliminate oil delivery hassles, and qualify for generous 2026 incentives: NYSERDA Clean Heat ($3,000+), utility rebates ($500–$1,500), and IRA HEAR (in",OTHER,OK — FAQ question / URL / label / state-program / no-credit statement / incidental
content/hvac-costs-by-state/hvac-cost-new-york.mdx,317,"answer: ""New York offers substantial 2026 HVAC incentives: NYSERDA Clean Heat program ($1,000+ per ton for cold-climate heat pumps), utility rebates ($500–$1,500 from Con Edison, PSEG, National Grid, etc.), EmPower New York (free upgrades for income-qualified), IRA HEAR (income-qualified, up to $8,0",OTHER,OK — FAQ question / URL / label / state-program / no-credit statement / incidental
content/hvac-costs-by-state/hvac-cost-new-york.mdx,333,"answer: ""Ductless mini-splits are excellent for many New York applications: older homes without ductwork (common in NYC), supplemental cooling in homes with radiant or baseboard heat, room additions, and targeted comfort improvements. A single-zone mini-split costs $3,500–$8,500 installed. Multi-zon",OTHER,OK — FAQ question / URL / label / state-program / no-credit statement / incidental
content/hvac-costs-by-state/hvac-cost-new-york.mdx,348,"{ name: ""U.S. Department of Energy — Tax Credits"", url: ""https://www.energy.gov/policy/articles/making-our-homes-more-efficient-clean-energy-tax-credits-consumers"" }",OTHER,OK — FAQ question / URL / label / state-program / no-credit statement / incidental
content/hvac-costs-by-state/hvac-cost-california.mdx,65,"**These prices include** equipment, labor, standard materials, permit fees, and Title 24 compliance testing. They do **not** include ductwork modifications (add $1,500–$6,500), electrical panel upgrades (add $1,500–$4,000), or gas line modifications (add $500–$2,000).",OTHER,OK — FAQ question / URL / label / state-program / no-credit statement / incidental
content/hvac-costs-by-state/hvac-cost-california.mdx,77,- **HERS (Home Energy Rating System) testing** — a third-party verification that the installed system meets energy standards ($300–$600),OTHER,OK — FAQ question / URL / label / state-program / no-credit statement / incidental
content/hvac-costs-by-state/hvac-cost-california.mdx,106,- **Los Angeles:** $180–$600 for mechanical permit plus $150–$300 for plan check,OTHER,OK — FAQ question / URL / label / state-program / no-credit statement / incidental
content/hvac-costs-by-state/hvac-cost-california.mdx,146,"**Example: San Jose, CA — 1,800 sq ft home (2026 install).** Installing a 3-ton Mitsubishi Hyper-Heat heat pump replacing an old furnace + window AC setup. Equipment: $7,200. Labor: $5,500. Title 24 compliance: $1,200. Permits: $600. Electrical work: $1,800. Materials: $700. **Total: $17,000.** Afte",OTHER,OK — FAQ question / URL / label / state-program / no-credit statement / incidental
content/hvac-costs-by-state/hvac-cost-california.mdx,186,"[""HERS Testing"", ""Third-party inspection and verification"", ""$300–$600"", ""Most replacements (change-outs)""],",OTHER,OK — FAQ question / URL / label / state-program / no-credit statement / incidental
content/hvac-costs-by-state/hvac-cost-california.mdx,206,"- **Section 25C Tax Credit (EXPIRED):** Covered up to $2,000 for qualifying heat pumps and $600 for qualifying AC or furnace through Dec 31, 2025; expired for installs after that date under the OBBBA (PL 119-21, signed July 4, 2025). 25C does NOT allow carryforward.",EXPIRED_FRAMED,OK — explicit past-tense / OBBBA-expired / negative-eligibility sentence
content/hvac-costs-by-state/hvac-cost-california.mdx,229,"[""SMUD"", ""$2,000–$3,500"", ""$2,000–$3,500"", ""N/A"", ""Some of highest utility rebates in state""]",OTHER,OK — FAQ question / URL / label / state-program / no-credit statement / incidental
content/hvac-costs-by-state/hvac-cost-california.mdx,234,"**SMUD customers in Sacramento:** Sacramento Municipal Utility District offers some of the best HVAC rebates in the country. Combined with TECH Clean California and (for income-qualified households) IRA HEAR, Sacramento homeowners can offset $7,000–$11,000+ on a heat pump installation in 2026. The f",OTHER,OK — FAQ question / URL / label / state-program / no-credit statement / incidental
content/hvac-costs-by-state/hvac-cost-california.mdx,247,"TECH Clean California ($3,000–$4,250) + Utility rebate ($1,000–$3,500) + BAAQMD (Bay Area, $2,500–$5,500) + IRA HEAR if income-qualified (up to $8,000) = **$6,500–$21,250 in total incentives.** On a $13,000 heat pump installation, a non-income-qualified household could net $4,000–$8,500 out of pocke",OTHER,OK — FAQ question / URL / label / state-program / no-credit statement / incidental
content/hvac-costs-by-state/hvac-cost-california.mdx,256,"**Ductwork condition.** If your existing ductwork is in good shape, you save $2,000–$8,000 compared to homes that need duct replacement. In older California homes (pre-1980), ductwork is often in the attic and may be deteriorated, crushed, or poorly insulated.",OTHER,OK — FAQ question / URL / label / state-program / no-credit statement / incidental
content/hvac-costs-by-state/hvac-cost-california.mdx,327,"answer: ""California offers extensive HVAC rebates in 2026: TECH Clean California ($3,000–$4,250 for heat pumps), utility rebates ($200–$3,500 depending on your utility), BAAQMD rebates for Bay Area residents ($2,500–$5,500), and IRA HEAR (income-qualified, up to $8,000) + IRA HOMES (performance-base",OTHER,OK — FAQ question / URL / label / state-program / no-credit statement / incidental
content/hvac-costs-by-state/hvac-cost-california.mdx,335,"answer: ""For most California homeowners, heat pumps are an excellent choice in 2026. California's mild winter climate is ideal for heat pump efficiency. When you factor in TECH Clean California rebates ($3,000–$4,250), utility rebates ($1,000–$3,500), and (if income-qualified) IRA HEAR (up to $8,000",OTHER,OK — FAQ question / URL / label / state-program / no-credit statement / incidental
content/hvac-costs-by-state/hvac-cost-texas.mdx,90,"**Example: Katy, TX (Houston suburb) — 2,400 sq ft home.** Replacing a 13-year-old 4-ton system with a Trane 16 SEER2 AC + 80,000 BTU 96% furnace. Equipment: $5,000. Labor: $2,400. Materials: $600. Permits: $250. **Total: $8,250.**",OTHER,OK — FAQ question / URL / label / state-program / no-credit statement / incidental
content/hvac-costs-by-state/hvac-cost-texas.mdx,104,"**Example: Plano, TX — 2,000 sq ft home (2026 install).** Installing a 3.5-ton Carrier 17 SEER2 heat pump with 10kW backup heat strips, replacing an aging AC + furnace combo. Equipment: $6,200. Labor: $2,800. Materials: $650. Electrical modifications: $800. Permits: $300. **Total: $10,750.** Federal",OTHER,OK — FAQ question / URL / label / state-program / no-credit statement / incidental
content/hvac-costs-by-state/hvac-cost-texas.mdx,118,"**Example: Round Rock, TX — 1,800 sq ft home (2026 install).** Replacing a 15-year-old 3-ton system with a Lennox 18 SEER2 variable-speed heat pump. Equipment: $7,000. Labor: $2,600. Materials: $550. Permits: $350. **Total: $10,500.** After Austin Energy rebate ($1,200): **Net: $9,300.** Federal 25C",OTHER,OK — FAQ question / URL / label / state-program / no-credit statement / incidental
content/hvac-costs-by-state/hvac-cost-texas.mdx,203,"- **Section 25C Tax Credit (EXPIRED):** Covered up to $2,000 for qualifying heat pumps and $600 for AC or furnace through Dec 31, 2025; expired for installs after that date under the OBBBA (PL 119-21, signed July 4, 2025). 25C does NOT allow carryforward.",EXPIRED_FRAMED,OK — explicit past-tense / OBBBA-expired / negative-eligibility sentence
content/hvac-costs-by-state/hvac-cost-texas.mdx,215,"[""Austin Energy"", ""$400–$1,200"", ""$800–$1,500"", ""Some of best utility rebates in TX""],",OTHER,OK — FAQ question / URL / label / state-program / no-credit statement / incidental
content/hvac-costs-by-state/hvac-cost-texas.mdx,223,"**Austin Energy customers** have access to some of the best HVAC rebates in Texas. Their Power Saver program offers $800–$1,500 for qualifying heat pumps, and their zero-interest loan program can finance up to $15,000 in HVAC improvements. Combined with IRA HEAR (income-qualified, up to $8,000) or H",OTHER,OK — FAQ question / URL / label / state-program / no-credit statement / incidental
content/hvac-costs-by-state/hvac-cost-texas.mdx,261,"- Utility rebates ($200–$1,500) plus IRA HEAR (income-qualified, up to $8,000) or HOMES (performance-based) reduce 2026 costs (federal 25C credit expired Dec 31, 2025 — OBBBA)",OTHER,OK — FAQ question / URL / label / state-program / no-credit statement / incidental
content/hvac-costs-by-state/hvac-cost-texas.mdx,285,"answer: ""Heat pumps are increasingly popular in Texas, especially after the 2021 winter storm highlighted heating reliability concerns. In most of Texas, heat pumps work efficiently year-round — winters are mild enough for heat pump heating to be effective. Dual-fuel systems (heat pump + gas furnace",OTHER,OK — FAQ question / URL / label / state-program / no-credit statement / incidental
content/hvac-costs-by-state/hvac-cost-texas.mdx,293,"answer: ""For 2026 installs in Texas: the federal Section 25C credit (which covered up to $2,000 for heat pumps and $600 for AC/furnace through Dec 31, 2025) expired under the OBBBA and no longer applies. Active 2026 pathways: utility rebates (varying by provider — Austin Energy offers up to $1,500 f",OTHER,OK — FAQ question / URL / label / state-program / no-credit statement / incidental
content/hvac-costs-by-state/hvac-cost-texas.mdx,315,"{ name: ""U.S. Department of Energy — Tax Credits"", url: ""https://www.energy.gov/policy/articles/making-our-homes-more-efficient-clean-energy-tax-credits-consumers"" }",OTHER,OK — FAQ question / URL / label / state-program / no-credit statement / incidental
content/hvac-costs-by-state/hvac-cost-florida.mdx,118,"**Example: Clearwater, FL — 1,800 sq ft home (2026 install).** Installing a 3-ton Trane 16 SEER2 heat pump + air handler, replacing an aging AC + electric heat system. Equipment: $5,200. Labor: $2,400. Materials: $550. Permits: $300. **Total: $8,450.** Federal 25C credit (which would have cut $2,000",OTHER,OK — FAQ question / URL / label / state-program / no-credit statement / incidental
content/hvac-costs-by-state/hvac-cost-florida.mdx,132,"**Example: Kissimmee, FL — 2,200 sq ft home.** Replacing a 4-ton Rheem system with a new Rheem 16 SEER2 AC + 80,000 BTU gas furnace (natural gas available). Equipment: $4,800. Labor: $2,600. Materials: $600. Permits: $350. **Total: $8,350.**",OTHER,OK — FAQ question / URL / label / state-program / no-credit statement / incidental
content/hvac-costs-by-state/hvac-cost-florida.mdx,146,"**Example: Jacksonville, FL — 1,600 sq ft home (2026 install).** Replacing a 3-ton system with a Goodman 16 SEER2 heat pump + air handler. Equipment: $4,400. Labor: $2,200. Materials: $500. Permits: $250. **Total: $7,350.** Federal 25C credit ($2,000) expired Dec 31, 2025 (OBBBA). **Net before rebat",OTHER,OK — FAQ question / URL / label / state-program / no-credit statement / incidental
content/hvac-costs-by-state/hvac-cost-florida.mdx,160,"**Example: Cape Coral, FL — 2,400 sq ft home.** Replacing a hurricane-damaged 4-ton system with a Lennox 18 SEER2 AC + variable-speed air handler with coastal corrosion package. Equipment: $6,800. Labor: $3,200. Hurricane strapping and elevated pad: $600. Materials: $750. Permits: $400. **Total: $11",OTHER,OK — FAQ question / URL / label / state-program / no-credit statement / incidental
content/hvac-costs-by-state/hvac-cost-florida.mdx,179,"[""Federal 25C Tax Credit"", ""EXPIRED Dec 31, 2025 (OBBBA); IRA HEAR/HOMES + state/utility still active"", ""Not eligible""],",EXPIRED_FRAMED,OK — explicit past-tense / OBBBA-expired / negative-eligibility sentence
content/hvac-costs-by-state/hvac-cost-florida.mdx,187,"**For most Florida homeowners, a heat pump is the smarter choice.** The upfront cost premium is modest ($1,000–$2,000), and you'll save $150–$300/year on heating costs. The federal 25C credit (which previously offset the premium with up to $2,000) expired for installs after Dec 31, 2025 (OBBBA); for",OTHER,OK — FAQ question / URL / label / state-program / no-credit statement / incidental
content/hvac-costs-by-state/hvac-cost-florida.mdx,200,"[""Variable-Speed (inverter)"", ""Excellent — 45–55% indoor RH"", ""+$2,000–$4,000"", ""Best comfort for Florida""],",OTHER,OK — FAQ question / URL / label / state-program / no-credit statement / incidental
content/hvac-costs-by-state/hvac-cost-florida.mdx,219,"- **Section 25C Tax Credit (EXPIRED):** Covered up to $2,000 for qualifying heat pumps and $600 for AC or furnace through Dec 31, 2025; expired for installs after that date under the OBBBA (PL 119-21, signed July 4, 2025). 25C does NOT allow carryforward.",EXPIRED_FRAMED,OK — explicit past-tense / OBBBA-expired / negative-eligibility sentence
content/hvac-costs-by-state/hvac-cost-florida.mdx,315,"- Heat pumps are the smart choice for most Florida homes — the federal $2,000 25C credit expired for installs after Dec 31, 2025 (OBBBA), but state and utility rebates plus IRA HEAR/HOMES programs continue to offset the cost premium over AC + heat strips for 2026 installs",OTHER,OK — FAQ question / URL / label / state-program / no-credit statement / incidental
content/hvac-costs-by-state/hvac-cost-florida.mdx,331,"answer: ""For most Florida homeowners, a heat pump is the better investment. A heat pump costs $1,000–$2,000 more upfront than AC + heat strips, but operates at 250–350% efficiency versus 100% for electric heat strips — saving $150–$300/year on heating costs. Note on the federal credit: the Section 2",OTHER,OK — FAQ question / URL / label / state-program / no-credit statement / incidental
content/hvac-costs-by-state/hvac-cost-florida.mdx,343,"answer: ""For 2026 installs in Florida: the federal Section 25C credit (which covered up to $2,000 for heat pumps and $600 for AC through Dec 31, 2025) expired under the OBBBA and no longer applies. Active 2026 pathways: IRA HEAR (income-qualified, up to $8,000 for heat pumps), IRA HOMES (open to all",OTHER,OK — FAQ question / URL / label / state-program / no-credit statement / incidental
content/hvac-costs-by-state/hvac-cost-florida.mdx,373,"{ name: ""U.S. Department of Energy — Tax Credits"", url: ""https://www.energy.gov/policy/articles/making-our-homes-more-efficient-clean-energy-tax-credits-consumers"" },",OTHER,OK — FAQ question / URL / label / state-program / no-credit statement / incidental
content/hvac-costs-by-state/hvac-cost-by-state.mdx,183,"**Example 1: Jackson, Mississippi** — Total cost: $7,100. Equipment: $4,200 (Goodman 16 SEER2 AC + 96% furnace). Labor: $2,100 (12 hours at $35/hour crew rate). Materials & misc: $600. Permits: $200.",OTHER,OK — FAQ question / URL / label / state-program / no-credit statement / incidental
content/hvac-costs-by-state/hvac-cost-by-state.mdx,191,"**Example 3: Denver, Colorado** — Total cost: $9,600. Equipment: $4,600 (Trane 16 SEER2 AC + 96% furnace). Labor: $3,600 (14 hours at $52/hour crew rate). Materials & misc: $800. Permits: $600.",OTHER,OK — FAQ question / URL / label / state-program / no-credit statement / incidental
content/hvac-costs-by-state/hvac-cost-by-state.mdx,209,"[""Above Average ($28–$35/hr)"", ""$28–$35"", ""CO, IL, MD, MN, OR, PA, VA"", ""+$1,200–$2,500 labor cost""],",OTHER,OK — FAQ question / URL / label / state-program / no-credit statement / incidental
content/hvac-costs-by-state/hvac-cost-by-state.mdx,234,"[""Massachusetts"", ""Yes"", ""Yes"", ""$100–$600"", ""Stretch Code in many towns, Manual J required""],",OTHER,OK — FAQ question / URL / label / state-program / no-credit statement / incidental
content/hvac-costs-by-state/hvac-cost-by-state.mdx,265,"**Check for utility rebates.** Many states offer rebates on high-efficiency equipment through utility companies. The federal Section 25C tax credit (which previously covered up to $2,000 for heat pumps and $600 for central AC/furnaces) **expired for installs after Dec 31, 2025** under the OBBBA; for",OTHER,OK — FAQ question / URL / label / state-program / no-credit statement / incidental
content/hvac-costs-by-state/hvac-cost-by-state.mdx,280,"[""New York"", ""24.8"", ""$1.75"", ""$2,000–$2,800""],",OTHER,OK — FAQ question / URL / label / state-program / no-credit statement / incidental
content/hvac-costs-by-state/hvac-cost-by-state.mdx,285,"[""Illinois"", ""16.5"", ""$1.05"", ""$1,300–$2,000""],",OTHER,OK — FAQ question / URL / label / state-program / no-credit statement / incidental
content/hvac-costs-by-state/hvac-cost-by-state.mdx,287,"[""Louisiana"", ""12.4"", ""$1.05"", ""$1,200–$1,800""],",OTHER,OK — FAQ question / URL / label / state-program / no-credit statement / incidental
content/hvac-costs-by-state/hvac-cost-by-state.mdx,296,"In high-energy-cost states like California, Connecticut, and Massachusetts, investing an extra $2,000–$4,000 in higher-efficiency equipment at installation often pays for itself within 4–6 years through energy savings. In low-energy-cost states like Idaho or Louisiana, the payback period stretches t",OTHER,OK — FAQ question / URL / label / state-program / no-credit statement / incidental
content/hvac-costs-by-state/hvac-cost-by-state.mdx,303,"**Federal Section 25C Tax Credit — EXPIRED for installs after Dec 31, 2025.** The credit (up to $2,000 for qualifying heat pumps meeting CEE highest tier, up to $600 for qualifying central AC or gas furnaces) expired under the OBBBA (PL 119-21, signed July 4, 2025). For 2025 installs that didn't cla",EXPIRED_FRAMED,OK — explicit past-tense / OBBBA-expired / negative-eligibility sentence
content/hvac-costs-by-state/hvac-cost-by-state.mdx,318,"**Stack your incentives:** In states like Massachusetts and New York, you can combine federal tax credits with state rebates and utility incentives. A $12,000 heat pump installation might net down to $4,000–$6,000 after all incentives.",OTHER,OK — FAQ question / URL / label / state-program / no-credit statement / incidental
content/hvac-costs-by-state/hvac-cost-by-state.mdx,330,"- The federal Section 25C tax credit ($600 AC / $2,000 heat pump) expired for installs after Dec 31, 2025 under the OBBBA; for 2026 installs, IRA HEAR (income-qualified, up to $8,000 for heat pumps) and IRA HOMES (open to all incomes, performance-based) apply nationwide, with state and utility rebat",OTHER,OK — FAQ question / URL / label / state-program / no-credit statement / incidental
content/hvac-costs-by-state/hvac-cost-by-state.mdx,356,"question: ""Are there federal tax credits for HVAC that apply in every state?"",",OTHER,OK — FAQ question / URL / label / state-program / no-credit statement / incidental
content/hvac-costs-by-state/hvac-cost-by-state.mdx,357,"answer: ""The federal Section 25C credit (which covered up to $2,000 for qualifying heat pumps and up to $600 for qualifying central AC units or gas furnaces) expired for property placed in service after Dec 31, 2025 under the OBBBA (PL 119-21, signed July 4, 2025). For 2026 installs, the active fede",EXPIRED_FRAMED,OK — explicit past-tense / OBBBA-expired / negative-eligibility sentence
content/hvac-costs-by-state/hvac-cost-by-state.mdx,380,"{ name: ""U.S. Department of Energy — Homeowner's Guide to Federal Tax Credits"", url: ""https://www.energy.gov/policy/articles/making-our-homes-more-efficient-clean-energy-tax-credits-consumers"" },",OTHER,OK — FAQ question / URL / label / state-program / no-credit statement / incidental
content/hvac-costs-by-state/hvac-cost-illinois.mdx,78,"[""Permit Cost"", ""$200–$800"", ""$50–$200"", ""$150–$600 higher""],",OTHER,OK — FAQ question / URL / label / state-program / no-credit statement / incidental
content/hvac-costs-by-state/hvac-cost-illinois.mdx,107,"**Example: Lincoln Park, Chicago — 1,800 sq ft vintage two-flat (owner's unit).** Replacing a 25-year-old 80,000 BTU furnace and adding a 2.5-ton central AC to existing ductwork. Carrier 16 SEER2 AC + 96% two-stage furnace. Equipment: $5,200. Labor: $4,200. Materials and fittings: $800. Chicago perm",OTHER,OK — FAQ question / URL / label / state-program / no-credit statement / incidental
content/hvac-costs-by-state/hvac-cost-illinois.mdx,167,"[""92% AFUE"", ""High efficiency (single-stage)"", ""+$300–$600"", ""$1,087"", ""$10,870""],",OTHER,OK — FAQ question / URL / label / state-program / no-credit statement / incidental
content/hvac-costs-by-state/hvac-cost-illinois.mdx,199,"**The case for heat pumps in Illinois:** Cold-climate heat pumps now work effectively down to -13°F to -22°F, covering all but the most extreme Illinois cold snaps. They provide both heating and cooling from a single system. The federal 25C credit ($2,000 for qualifying heat pumps) expired for insta",OTHER,OK — FAQ question / URL / label / state-program / no-credit statement / incidental
content/hvac-costs-by-state/hvac-cost-illinois.mdx,217,"**Dual-fuel wins on economics in Illinois.** It's the cheapest system to operate by $160–$430/year. The upfront cost ($12,500–$18,000) is higher than AC + furnace ($9,600–$14,200). The federal Section 25C credit (which covered up to $2,000 for qualifying heat pumps) expired for property placed in se",OTHER,OK — FAQ question / URL / label / state-program / no-credit statement / incidental
content/hvac-costs-by-state/hvac-cost-illinois.mdx,224,"- **Section 25C Tax Credit (EXPIRED):** Covered up to $2,000 for qualifying heat pumps and up to $600 for AC or furnace through Dec 31, 2025; expired for property placed in service after that date under the OBBBA. Carryforward of an unused pre-2026 credit is not allowed for 25C (unlike 25D).",EXPIRED_FRAMED,OK — explicit past-tense / OBBBA-expired / negative-eligibility sentence
content/hvac-costs-by-state/hvac-cost-illinois.mdx,256,"**Stack ComEd and Nicor rebates.** In northern Illinois, most homeowners have ComEd for electricity and Nicor for gas. You can claim rebates from both utilities on a single HVAC project. The federal 25C tax credit ($2,000 for heat pumps) is no longer available for 2026 installs (expired Dec 31, 2025",OTHER,OK — FAQ question / URL / label / state-program / no-credit statement / incidental
content/hvac-costs-by-state/hvac-cost-illinois.mdx,279,"- ComEd / Ameren / Nicor rebates plus IRA HEAR (income-qualified, up to $8,000) or HOMES (performance-based) can offset $500–$9,400+ on a 2026 install (federal 25C credit no longer in the stack — expired Dec 31, 2025 under the OBBBA)",OTHER,OK — FAQ question / URL / label / state-program / no-credit statement / incidental
content/hvac-costs-by-state/hvac-cost-illinois.mdx,299,"answer: ""It depends on your situation. Illinois has cheap natural gas ($1.05/therm) and moderate electricity (16.5¢/kWh), so standalone heat pumps cost about 20–30% more to operate per heating season than gas furnaces. However, dual-fuel systems (heat pump + gas furnace backup) offer the lowest tota",OTHER,OK — FAQ question / URL / label / state-program / no-credit statement / incidental
content/hvac-costs-by-state/hvac-cost-illinois.mdx,303,"answer: ""For 2026 installs in Illinois: the federal Section 25C credit (which covered up to $2,000 for heat pumps and $600 for AC/furnace through Dec 31, 2025) expired under the OBBBA and no longer applies. The active 2026 pathways are ComEd rebates ($100–$1,000 for AC and heat pumps in northern IL)",OTHER,OK — FAQ question / URL / label / state-program / no-credit statement / incidental
content/hvac-costs-by-state/hvac-cost-illinois.mdx,335,"{ name: ""U.S. Department of Energy — Tax Credits"", url: ""https://www.energy.gov/policy/articles/making-our-homes-more-efficient-clean-energy-tax-credits-consumers"" }",OTHER,OK — FAQ question / URL / label / state-program / no-credit statement / incidental
content/tax-credits-rebates/hvac-rebates-by-state.mdx,4,"description: ""State-by-state guide to HVAC rebates in 2026. With federal tax credits expired, state HOMES/HEAR programs and utility rebates are your primary savings. Find what's available in your state right now.""",OTHER,OK — FAQ question / URL / label / state-program / no-credit statement / incidental
content/tax-credits-rebates/hvac-rebates-by-state.mdx,14,"- ""25c-tax-credit-explained""",OTHER,OK — FAQ question / URL / label / state-program / no-credit statement / incidental
content/tax-credits-rebates/hvac-rebates-by-state.mdx,31,"**Your state is now your best source for HVAC savings.** Both federal HVAC tax credits — **Section 25C** (Energy Efficient Home Improvement Credit) and **Section 25D** (Residential Clean Energy Credit, which covered **geothermal heat pumps**, solar, and home batteries) — were terminated by the One B",OTHER,OK — FAQ question / URL / label / state-program / no-credit statement / incidental
content/tax-credits-rebates/hvac-rebates-by-state.mdx,39,"The Inflation Reduction Act (IRA) allocated $8.8 billion for two residential rebate programs. Unlike the expired federal tax credits, these are administered by individual states, which means eligibility rules, rebate amounts, and application processes vary.",EXPIRED_FRAMED,OK — explicit past-tense / OBBBA-expired / negative-eligibility sentence
content/tax-credits-rebates/hvac-rebates-by-state.mdx,49,"| 20–34% reduction | Up to $2,000 | Up to $4,000 | Up to $2,000 (or $4,000 LMI) |",OTHER,OK — FAQ question / URL / label / state-program / no-credit statement / incidental
content/tax-credits-rebates/hvac-rebates-by-state.mdx,67,"| Electrical panel upgrade | $4,000 | $2,000 |",OTHER,OK — FAQ question / URL / label / state-program / no-credit statement / incidental
content/tax-credits-rebates/hvac-rebates-by-state.mdx,154,"| Duke Energy (NC, SC, FL) | $500–$1,200 | $200–$500 | $150–$300 |",OTHER,OK — FAQ question / URL / label / state-program / no-credit statement / incidental
content/tax-credits-rebates/hvac-rebates-by-state.mdx,157,| FPL (FL) | $200–$600 | $200–$400 | N/A |,OTHER,OK — FAQ question / URL / label / state-program / no-credit statement / incidental
content/tax-credits-rebates/hvac-rebates-by-state.mdx,165,"| ComEd (IL) | $500–$2,000 | $200–$500 | $200–$400 |",OTHER,OK — FAQ question / URL / label / state-program / no-credit statement / incidental
content/tax-credits-rebates/hvac-rebates-by-state.mdx,177,"| Portland General Electric (OR) | $600–$1,500 | $200–$500 | N/A |",OTHER,OK — FAQ question / URL / label / state-program / no-credit statement / incidental
content/tax-credits-rebates/hvac-rebates-by-state.mdx,178,"| Puget Sound Energy (WA) | $500–$2,000 | $200–$500 | $200 |",OTHER,OK — FAQ question / URL / label / state-program / no-credit statement / incidental
content/tax-credits-rebates/hvac-rebates-by-state.mdx,187,"| Rocky Mountain Power (UT, WY, ID) | $400–$1,200 | $200–$400 | $200–$300 |",OTHER,OK — FAQ question / URL / label / state-program / no-credit statement / incidental
content/tax-credits-rebates/hvac-rebates-by-state.mdx,198,"Once you know your federal credit and utility rebate amounts, plug them in here to see exact annual savings, payback period, and 15-year ROI for your specific upgrade:",OTHER,OK — FAQ question / URL / label / state-program / no-credit statement / incidental
content/tax-credits-rebates/hvac-rebates-by-state.mdx,208,"| 1 | HEAR or HOMES (state-administered) | $2,000–$14,000 | HEAR: Yes (≤150% AMI). HOMES: Partially |",HISTORICAL_2025_DATED,OK — 2025-dated example or dedicated-25C-explainer reference
content/tax-credits-rebates/hvac-rebates-by-state.mdx,243,"| Trane Cool Cash promotion | Manufacturer | $1,200 |",OTHER,OK — FAQ question / URL / label / state-program / no-credit statement / incidental
content/tax-credits-rebates/hvac-rebates-by-state.mdx,329,"- With federal credits expired, state programs and utility rebates are your primary savings tools in 2026.",OTHER,OK — FAQ question / URL / label / state-program / no-credit statement / incidental
content/tax-credits-rebates/hvac-rebates-by-state.mdx,397,"{ slug: ""hvac-tax-credits-2026"", title: ""HVAC Tax Credits 2026: Complete Guide (IRA + Federal)"" },",OTHER,OK — FAQ question / URL / label / state-program / no-credit statement / incidental
content/tax-credits-rebates/hvac-rebates-by-state.mdx,398,"{ slug: ""energy-star-tax-credits"", title: ""ENERGY STAR Tax Credits: What Qualifies in 2026?"" },",OTHER,OK — FAQ question / URL / label / state-program / no-credit statement / incidental
content/tax-credits-rebates/hvac-rebates-by-state.mdx,399,"{ slug: ""25c-tax-credit-explained"", title: ""25C Tax Credit for HVAC: Eligibility & How to Claim"" },",OTHER,OK — FAQ question / URL / label / state-program / no-credit statement / incidental
content/tax-credits-rebates/25c-tax-credit-explained.mdx,2,"slug: ""25c-tax-credit-explained""",OTHER,OK — FAQ question / URL / label / state-program / no-credit statement / incidental
content/tax-credits-rebates/25c-tax-credit-explained.mdx,3,"title: ""25C Tax Credit for HVAC: Eligibility, How to Claim & Status After OBBBA""",OTHER,OK — FAQ question / URL / label / state-program / no-credit statement / incidental
content/tax-credits-rebates/25c-tax-credit-explained.mdx,4,"description: ""The Section 25C Energy Efficient Home Improvement Credit terminated for installs after Dec 31, 2025 (OBBBA, signed July 4, 2025). Guide to what qualified, how to file IRS Form 5695 for 2024-2025 installs, and what replaced 25C for 2026 installs.""",HISTORICAL_2025_DATED,OK — 2025-dated example or dedicated-25C-explainer reference
content/tax-credits-rebates/25c-tax-credit-explained.mdx,24,"title: ""IRS Fact Sheet FS-2026-01 — Section 25C FAQs""",OTHER,OK — FAQ question / URL / label / state-program / no-credit statement / incidental
content/tax-credits-rebates/25c-tax-credit-explained.mdx,29,"# 25C Tax Credit for HVAC: Eligibility, How to Claim & Status After OBBBA",OTHER,OK — FAQ question / URL / label / state-program / no-credit statement / incidental
content/tax-credits-rebates/25c-tax-credit-explained.mdx,31,"**The Section 25C tax credit terminated for equipment placed in service after December 31, 2025** under the **One Big Beautiful Bill Act (OBBBA, Public Law 119-21, signed July 4, 2025)**. If you installed qualifying HVAC equipment on or before that date, you can still claim up to $3,200 on your **20",HISTORICAL_2025_DATED,OK — 2025-dated example or dedicated-25C-explainer reference
content/tax-credits-rebates/25c-tax-credit-explained.mdx,39,## What Was the Section 25C Tax Credit?,OTHER,OK — FAQ question / URL / label / state-program / no-credit statement / incidental
content/tax-credits-rebates/25c-tax-credit-explained.mdx,41,"Section 25C of the Internal Revenue Code provided a nonrefundable tax credit for energy-efficient improvements to existing homes. The credit applied to equipment costs and, for some categories, labor/installation costs.",OTHER,OK — FAQ question / URL / label / state-program / no-credit statement / incidental
content/tax-credits-rebates/25c-tax-credit-explained.mdx,51,"The Inflation Reduction Act (August 2022) dramatically improved 25C starting January 1, 2023: the credit rate increased from 10% to 30%, the lifetime cap was replaced with annual caps, and the maximum increased from $500 (lifetime) to $3,200 per year. The IRA originally authorized this enhanced cred",EXPIRED_FRAMED,OK — explicit past-tense / OBBBA-expired / negative-eligibility sentence
content/tax-credits-rebates/25c-tax-credit-explained.mdx,53,## 25C Credit Structure: The Two Buckets,OTHER,OK — FAQ question / URL / label / state-program / no-credit statement / incidental
content/tax-credits-rebates/25c-tax-credit-explained.mdx,55,The enhanced 25C credit (2023–2025) had two separate annual caps that functioned as buckets:,HISTORICAL_2025_DATED,OK — 2025-dated example or dedicated-25C-explainer reference
content/tax-credits-rebates/25c-tax-credit-explained.mdx,57,"### Bucket 1: Heat Pumps and Heat Pump Water Heaters — $2,000 Annual Cap",OTHER,OK — FAQ question / URL / label / state-program / no-credit statement / incidental
content/tax-credits-rebates/25c-tax-credit-explained.mdx,61,"| Air-source heat pumps | 30% of cost | $2,000 | $2,000/year |",OTHER,OK — FAQ question / URL / label / state-program / no-credit statement / incidental
content/tax-credits-rebates/25c-tax-credit-explained.mdx,62,"| Heat pump water heaters | 30% of cost | $2,000 | $2,000/year |",OTHER,OK — FAQ question / URL / label / state-program / no-credit statement / incidental
content/tax-credits-rebates/25c-tax-credit-explained.mdx,63,"| Biomass stoves/boilers | 30% of cost | $2,000 | $2,000/year |",OTHER,OK — FAQ question / URL / label / state-program / no-credit statement / incidental
content/tax-credits-rebates/25c-tax-credit-explained.mdx,67,"### Bucket 2: Other Improvements — $1,200 Annual Cap",OTHER,OK — FAQ question / URL / label / state-program / no-credit statement / incidental
content/tax-credits-rebates/25c-tax-credit-explained.mdx,71,"| Central air conditioners | 30% of cost | $600 | Combined $1,200/year |",OTHER,OK — FAQ question / URL / label / state-program / no-credit statement / incidental
content/tax-credits-rebates/25c-tax-credit-explained.mdx,72,"| Gas furnaces (≥95% AFUE through 2024, ≥97% AFUE from 2026) | 30% of cost | $600 | |",OTHER,OK — FAQ question / URL / label / state-program / no-credit statement / incidental
content/tax-credits-rebates/25c-tax-credit-explained.mdx,73,| Gas boilers (≥95% AFUE) | 30% of cost | $600 | |,OTHER,OK — FAQ question / URL / label / state-program / no-credit statement / incidental
content/tax-credits-rebates/25c-tax-credit-explained.mdx,74,| Electrical panel upgrades (when supporting HP) | 30% of cost | $600 | |,OTHER,OK — FAQ question / URL / label / state-program / no-credit statement / incidental
content/tax-credits-rebates/25c-tax-credit-explained.mdx,75,"| Insulation & air sealing materials | 30% of cost | $1,200 | |",OTHER,OK — FAQ question / URL / label / state-program / no-credit statement / incidental
content/tax-credits-rebates/25c-tax-credit-explained.mdx,76,| Exterior windows & skylights | 30% of cost | $600 | |,OTHER,OK — FAQ question / URL / label / state-program / no-credit statement / incidental
content/tax-credits-rebates/25c-tax-credit-explained.mdx,84,"You could claim up to $2,000 from Bucket 1 plus up to $1,200 from Bucket 2 in the same tax year, for a maximum of $3,200.",EXPIRED_FRAMED,OK — explicit past-tense / OBBBA-expired / negative-eligibility sentence
content/tax-credits-rebates/25c-tax-credit-explained.mdx,87,"**The annual cap reset each year.** Unlike the old $500 lifetime cap, the enhanced 25C allowed $3,200 every year from 2023 through 2025. A homeowner who installed a heat pump in 2023 and a new furnace in 2024 could claim both — each in its respective year. This rewarded phased upgrades.",EXPIRED_FRAMED,OK — explicit past-tense / OBBBA-expired / negative-eligibility sentence
content/tax-credits-rebates/25c-tax-credit-explained.mdx,92,Meeting the 25C credit required more than just buying ENERGY STAR equipment. Products had to meet the **Consortium for Energy Efficiency (CEE) highest efficiency tier** (not including any advanced tier) in effect at the beginning of the calendar year the equipment was placed in service.,EXPIRED_FRAMED,OK — explicit past-tense / OBBBA-expired / negative-eligibility sentence
content/tax-credits-rebates/25c-tax-credit-explained.mdx,102,"Starting January 1, 2025, CEE eliminated the North/South regional split and created a unified standard across the entire United States. (After OBBBA, no 25C credit is available for 2026 installs regardless of efficiency tier.)",OTHER,OK — FAQ question / URL / label / state-program / no-credit statement / incidental
content/tax-credits-rebates/25c-tax-credit-explained.mdx,121,"**The 2025 furnace threshold jumped significantly.** Going from 95% to 97% AFUE eliminated many previously qualifying models. Only condensing furnaces with top-tier efficiency met the 2025 standard. If you installed a 95% AFUE furnace in 2025, it did not qualify for the 25C credit.",EXPIRED_FRAMED,OK — explicit past-tense / OBBBA-expired / negative-eligibility sentence
content/tax-credits-rebates/25c-tax-credit-explained.mdx,133,"Starting January 1, 2025, the IRS required a Product Identification Number (PIN) for each item of ""specified property"" claimed under 25C. This was a significant new documentation requirement:",HISTORICAL_2025_DATED,OK — 2025-dated example or dedicated-25C-explainer reference
content/tax-credits-rebates/25c-tax-credit-explained.mdx,155,"**If you're filing your 2025 taxes now:** Contact your HVAC contractor or the equipment manufacturer to get the PIN or QMID for your installed equipment. Many manufacturers have PIN lookup tools on their websites. Without this number, your 25C claim may be rejected.",HISTORICAL_2025_DATED,OK — 2025-dated example or dedicated-25C-explainer reference
content/tax-credits-rebates/25c-tax-credit-explained.mdx,158,## How to Claim the 25C Credit on Your 2025 Tax Return,OTHER,OK — FAQ question / URL / label / state-program / no-credit statement / incidental
content/tax-credits-rebates/25c-tax-credit-explained.mdx,177,| Item | Total Cost | Eligible Cost | 30% Credit | Cap | Claimed |,HISTORICAL_2025_DATED,OK — 2025-dated example or dedicated-25C-explainer reference
content/tax-credits-rebates/25c-tax-credit-explained.mdx,179,"| Heat pump (equipment + labor) | $11,000 | $11,000 | $3,300 | $2,000 | $2,000 |",OTHER,OK — FAQ question / URL / label / state-program / no-credit statement / incidental
content/tax-credits-rebates/25c-tax-credit-explained.mdx,180,"| Insulation (materials only) | $3,200 | $3,200 | $960 | $1,200 | $960 |",OTHER,OK — FAQ question / URL / label / state-program / no-credit statement / incidental
content/tax-credits-rebates/25c-tax-credit-explained.mdx,188,"- **Line 14a–14c:** Calculate heat pump bucket credit (30% of Line 1a, max $2,000)",HISTORICAL_2025_DATED,OK — 2025-dated example or dedicated-25C-explainer reference
content/tax-credits-rebates/25c-tax-credit-explained.mdx,190,"- **Line 14d–14e:** Calculate other improvements bucket (30%, max $1,200)",OTHER,OK — FAQ question / URL / label / state-program / no-credit statement / incidental
content/tax-credits-rebates/25c-tax-credit-explained.mdx,191,- **Line 14f:** Total 25C credit,OTHER,OK — FAQ question / URL / label / state-program / no-credit statement / incidental
content/tax-credits-rebates/25c-tax-credit-explained.mdx,205,"**25C is nonrefundable.** Your credit is limited to the amount of federal income tax you owe. If you owe $1,800 in federal taxes and your calculated 25C credit is $2,960, you'll receive a $1,800 credit. The remaining $1,160 is lost forever — it cannot be carried forward to future years (unlike the 2",HISTORICAL_2025_DATED,OK — 2025-dated example or dedicated-25C-explainer reference
content/tax-credits-rebates/25c-tax-credit-explained.mdx,217,"| 30% credit | $2,940 |",HISTORICAL_2025_DATED,OK — 2025-dated example or dedicated-25C-explainer reference
content/tax-credits-rebates/25c-tax-credit-explained.mdx,218,"| Annual cap (heat pump bucket) | $2,000 |",OTHER,OK — FAQ question / URL / label / state-program / no-credit statement / incidental
content/tax-credits-rebates/25c-tax-credit-explained.mdx,219,"| **Credit claimed on Form 5695** | **$2,000** |",HISTORICAL_2025_DATED,OK — 2025-dated example or dedicated-25C-explainer reference
content/tax-credits-rebates/25c-tax-credit-explained.mdx,223,"David saves $2,000. He has $6,500 remaining tax liability, so the credit is fully utilized.",HISTORICAL_2025_DATED,OK — 2025-dated example or dedicated-25C-explainer reference
content/tax-credits-rebates/25c-tax-credit-explained.mdx,231,"| HP water heater (equipment + labor) | $4,200 | $1,260 | $2,000 | $1,260 |",OTHER,OK — FAQ question / URL / label / state-program / no-credit statement / incidental
content/tax-credits-rebates/25c-tax-credit-explained.mdx,232,"| Insulation (materials only) | $2,100 | $630 | $1,200 | $630 |",OTHER,OK — FAQ question / URL / label / state-program / no-credit statement / incidental
content/tax-credits-rebates/25c-tax-credit-explained.mdx,234,"| Linda's 2025 federal tax liability | | | | **$1,200** |",HISTORICAL_2025_DATED,OK — 2025-dated example or dedicated-25C-explainer reference
content/tax-credits-rebates/25c-tax-credit-explained.mdx,235,"| **Actual credit received** | | | | **$1,200** |",HISTORICAL_2025_DATED,OK — 2025-dated example or dedicated-25C-explainer reference
content/tax-credits-rebates/25c-tax-credit-explained.mdx,237,"Linda's tax liability is only $1,200, so she loses $690 of her calculated credit. This is the key limitation of a nonrefundable credit for lower-income taxpayers.",HISTORICAL_2025_DATED,OK — 2025-dated example or dedicated-25C-explainer reference
content/tax-credits-rebates/25c-tax-credit-explained.mdx,245,"The AHRI directory shows this specific combination rates at SEER2 14.8 — below the CEE highest tier of SEER2 16.0 for 2025. Even though the outdoor unit could have rated SEER2 17.2 with a proper matched indoor coil, the Robinsons' actual installed system doesn't qualify for the 25C credit.",OTHER,OK — FAQ question / URL / label / state-program / no-credit statement / incidental
content/tax-credits-rebates/25c-tax-credit-explained.mdx,251,"**The Williams family in Denver, CO** planned a comprehensive 2025 upgrade to maximize their last year of 25C:",OTHER,OK — FAQ question / URL / label / state-program / no-credit statement / incidental
content/tax-credits-rebates/25c-tax-credit-explained.mdx,255,"| Cold-climate heat pump | $13,500 | $4,050 | $2,000 (HP bucket) | $2,000 |",OTHER,OK — FAQ question / URL / label / state-program / no-credit statement / incidental
content/tax-credits-rebates/25c-tax-credit-explained.mdx,256,"| Central AC (keeping for cooling backup) | $5,200 | $1,560 | $600 per item | $600 |",OTHER,OK — FAQ question / URL / label / state-program / no-credit statement / incidental
content/tax-credits-rebates/25c-tax-credit-explained.mdx,257,"| Electrical panel upgrade | $2,800 | $840 | $600 per item | $600 |",OTHER,OK — FAQ question / URL / label / state-program / no-credit statement / incidental
content/tax-credits-rebates/25c-tax-credit-explained.mdx,260,"They hit the full $3,200 annual cap: $2,000 from the HP bucket and $1,200 from the general bucket.",OTHER,OK — FAQ question / URL / label / state-program / no-credit statement / incidental
content/tax-credits-rebates/25c-tax-credit-explained.mdx,262,## What Replaced 25C in 2026?,OTHER,OK — FAQ question / URL / label / state-program / no-credit statement / incidental
content/tax-credits-rebates/25c-tax-credit-explained.mdx,264,"With 25C gone, the HVAC incentive landscape has shifted:",OTHER,OK — FAQ question / URL / label / state-program / no-credit statement / incidental
content/tax-credits-rebates/25c-tax-credit-explained.mdx,266,| What 25C Provided | 2026 Replacement | Key Difference |,OTHER,OK — FAQ question / URL / label / state-program / no-credit statement / incidental
content/tax-credits-rebates/25c-tax-credit-explained.mdx,268,"| $2,000 heat pump credit | HEAR: up to $8,000 (income-qualified) | Income-restricted but larger amounts |",HISTORICAL_2025_DATED,OK — 2025-dated example or dedicated-25C-explainer reference
content/tax-credits-rebates/25c-tax-credit-explained.mdx,269,"| $600 AC/furnace credit | Utility rebates: $200–$1,000 | No federal component |",OTHER,OK — FAQ question / URL / label / state-program / no-credit statement / incidental
content/tax-credits-rebates/25c-tax-credit-explained.mdx,270,"| $1,200 insulation/windows | HEAR: $1,600 insulation; HOMES: up to $8,000 | Performance-based for HOMES |",HISTORICAL_2025_DATED,OK — 2025-dated example or dedicated-25C-explainer reference
content/tax-credits-rebates/25c-tax-credit-explained.mdx,271,| Annual reset each year | No annual federal credits | One-time rebates from state allocation |,OTHER,OK — FAQ question / URL / label / state-program / no-credit statement / incidental
content/tax-credits-rebates/25c-tax-credit-explained.mdx,278,"For **low-income households**, the new system is significantly better. A family earning $45,000 might have only owed $2,000 in federal taxes, limiting their 25C credit. Under HEAR, they can get $8,000+ in upfront rebates regardless of tax liability.",HISTORICAL_2025_DATED,OK — 2025-dated example or dedicated-25C-explainer reference
content/tax-credits-rebates/25c-tax-credit-explained.mdx,280,"For **all income levels**, point-of-sale rebates through HEAR are more immediate than a tax credit you claim 4–16 months later.",HISTORICAL_2025_DATED,OK — 2025-dated example or dedicated-25C-explainer reference
content/tax-credits-rebates/25c-tax-credit-explained.mdx,284,"For **higher-income households**, the loss of 25C is painful. A family earning $200,000 could easily use the full $3,200 credit. Now, they may only access utility rebates of $500–$2,000.",OTHER,OK — FAQ question / URL / label / state-program / no-credit statement / incidental
content/tax-credits-rebates/25c-tax-credit-explained.mdx,288,## Common Mistakes When Claiming 25C,OTHER,OK — FAQ question / URL / label / state-program / no-credit statement / incidental
content/tax-credits-rebates/25c-tax-credit-explained.mdx,298,**Mistake 5: Claiming credit on a rental property.** 25C only applied to your primary or secondary residence — not investment properties or rental units.,HISTORICAL_2025_DATED,OK — 2025-dated example or dedicated-25C-explainer reference
content/tax-credits-rebates/25c-tax-credit-explained.mdx,300,"**Mistake 6: Exceeding bucket caps without realizing.** A $600 AC credit and a $600 furnace credit together counted toward the $1,200 general bucket cap. You couldn't claim $1,200 in total from individual item caps if the bucket cap was lower. (Applies to pre-2026 25C claims still recoverable via am",EXPIRED_FRAMED,OK — explicit past-tense / OBBBA-expired / negative-eligibility sentence
content/tax-credits-rebates/25c-tax-credit-explained.mdx,302,"**Mistake 7: Assuming the credit was refundable.** 25C reduced your tax owed but didn't generate a refund. If you owed $0 in federal taxes, you got $0 from 25C.",EXPIRED_FRAMED,OK — explicit past-tense / OBBBA-expired / negative-eligibility sentence
content/tax-credits-rebates/25c-tax-credit-explained.mdx,306,"- **Section 25C expired December 31, 2025** under the OBBBA (signed July 4, 2025). Equipment installed in 2026 does **not** qualify.",EXPIRED_FRAMED,OK — explicit past-tense / OBBBA-expired / negative-eligibility sentence
content/tax-credits-rebates/25c-tax-credit-explained.mdx,308,"- The maximum credit was $3,200/year: $2,000 for heat pumps + $1,200 for other improvements.",EXPIRED_FRAMED,OK — explicit past-tense / OBBBA-expired / negative-eligibility sentence
content/tax-credits-rebates/25c-tax-credit-explained.mdx,311,"- For 2026 installs, state HEAR/HOMES rebates and utility incentives replace the federal 25C credit.",OTHER,OK — FAQ question / URL / label / state-program / no-credit statement / incidental
content/tax-credits-rebates/25c-tax-credit-explained.mdx,318,"question: ""Can I still claim a 25C tax credit for a 2025 install?"",",OTHER,OK — FAQ question / URL / label / state-program / no-credit statement / incidental
content/tax-credits-rebates/25c-tax-credit-explained.mdx,319,"answer: ""Yes, if you installed qualifying equipment by December 31, 2025. You claim the credit on your 2025 tax return, filed in early 2026. Equipment installed on or after January 1, 2026 does NOT qualify for any 25C credit — the credit terminated under the OBBBA (signed July 4, 2025).""",HISTORICAL_2025_DATED,OK — 2025-dated example or dedicated-25C-explainer reference
content/tax-credits-rebates/25c-tax-credit-explained.mdx,322,"question: ""What is the deadline to file my 2025 25C claim?"",",OTHER,OK — FAQ question / URL / label / state-program / no-credit statement / incidental
content/tax-credits-rebates/25c-tax-credit-explained.mdx,323,"answer: ""You must file your 2025 federal tax return by April 15, 2026 (or October 15, 2026 if you file an extension). The 25C credit is claimed on IRS Form 5695, which you attach to your return.""",HISTORICAL_2025_DATED,OK — 2025-dated example or dedicated-25C-explainer reference
content/tax-credits-rebates/25c-tax-credit-explained.mdx,326,"question: ""Is the 25C credit refundable?"",",OTHER,OK — FAQ question / URL / label / state-program / no-credit statement / incidental
content/tax-credits-rebates/25c-tax-credit-explained.mdx,327,"answer: ""No. Section 25C is a nonrefundable credit, meaning it can reduce your federal income tax to $0 but cannot generate a refund. If your 25C credit exceeds your tax liability, the excess is lost and cannot be carried forward to future years.""",EXPIRED_FRAMED,OK — explicit past-tense / OBBBA-expired / negative-eligibility sentence
content/tax-credits-rebates/25c-tax-credit-explained.mdx,331,"answer: ""A Product Identification Number (PIN) is a 17-character code assigned by the manufacturer to each qualifying unit. For 2025 installations, you need the PIN (or a QM Code as a transitional alternative) to claim 25C. Contact your HVAC contractor, check your invoice, or use the manufacturer's ",HISTORICAL_2025_DATED,OK — 2025-dated example or dedicated-25C-explainer reference
content/tax-credits-rebates/25c-tax-credit-explained.mdx,334,"question: ""Can I claim 25C for a rental property I own?"",",OTHER,OK — FAQ question / URL / label / state-program / no-credit statement / incidental
content/tax-credits-rebates/25c-tax-credit-explained.mdx,335,"answer: ""No. Section 25C only applies to your principal residence (primary home) or a second home that you use personally. Rental properties, investment properties, and homes you own but don't occupy do not qualify.""",OTHER,OK — FAQ question / URL / label / state-program / no-credit statement / incidental
content/tax-credits-rebates/25c-tax-credit-explained.mdx,338,"question: ""Does new construction qualify for 25C?"",",OTHER,OK — FAQ question / URL / label / state-program / no-credit statement / incidental
content/tax-credits-rebates/25c-tax-credit-explained.mdx,339,"answer: ""No. The 25C credit was only available for improvements to existing homes. New construction was covered by Section 45L (a builder credit, not a homeowner credit). Per OBBBA, **45L remains active but terminates for homes ACQUIRED after June 30, 2026** — a builder/developer credit of $500–$5,0",EXPIRED_FRAMED,OK — explicit past-tense / OBBBA-expired / negative-eligibility sentence
content/tax-credits-rebates/25c-tax-credit-explained.mdx,342,"question: ""Can I carry forward unused 25C credits?"",",OTHER,OK — FAQ question / URL / label / state-program / no-credit statement / incidental
content/tax-credits-rebates/25c-tax-credit-explained.mdx,343,"answer: ""No. Unlike the Section 25D credit (which allowed carryforward through its active period), unused 25C credits cannot be carried forward to future tax years. If your 25C credit exceeds your tax liability for the install year, the excess amount is permanently lost.""",OTHER,OK — FAQ question / URL / label / state-program / no-credit statement / incidental
content/tax-credits-rebates/25c-tax-credit-explained.mdx,346,"question: ""What if I already claimed 25C in 2023 and 2024 — can I claim again for 2025?"",",OTHER,OK — FAQ question / URL / label / state-program / no-credit statement / incidental
content/tax-credits-rebates/25c-tax-credit-explained.mdx,347,"answer: ""Yes. The enhanced 25C credit had an annual cap that reset each year, not a lifetime cap. You could claim up to $3,200 per year for each year from 2023 through 2025, as long as you installed new qualifying equipment each year.""",EXPIRED_FRAMED,OK — explicit past-tense / OBBBA-expired / negative-eligibility sentence
content/tax-credits-rebates/25c-tax-credit-explained.mdx,350,"question: ""Do labor costs qualify for the 25C credit?"",",OTHER,OK — FAQ question / URL / label / state-program / no-credit statement / incidental
content/tax-credits-rebates/25c-tax-credit-explained.mdx,354,"question: ""Will a version of 25C return in the future?"",",OTHER,OK — FAQ question / URL / label / state-program / no-credit statement / incidental
content/tax-credits-rebates/25c-tax-credit-explained.mdx,355,"answer: ""As of mid-2026, there is no pending legislation to reinstate Section 25C. The One Big Beautiful Bill Act represented a deliberate termination of this credit. Future congresses could create new incentive programs, but homeowners should not count on this when making purchasing decisions.""",OTHER,OK — FAQ question / URL / label / state-program / no-credit statement / incidental
content/tax-credits-rebates/25c-tax-credit-explained.mdx,360,"{ name: ""IRS — Energy Efficient Home Improvement Credit (25C)"", url: ""https://www.irs.gov/credits-deductions/energy-efficient-home-improvement-credit"" },",OTHER,OK — FAQ question / URL / label / state-program / no-credit statement / incidental
content/tax-credits-rebates/25c-tax-credit-explained.mdx,362,"{ name: ""IRS Fact Sheet FS-2026-01 — Updated 25C FAQs"", url: ""https://www.irs.gov/pub/taxpros/fs-2026-01.pdf"" },",OTHER,OK — FAQ question / URL / label / state-program / no-credit statement / incidental
content/tax-credits-rebates/25c-tax-credit-explained.mdx,363,"{ name: ""IRS OBBBA FAQ — Section 25C Termination"", url: ""https://www.irs.gov/newsroom/faqs-for-modification-of-sections-25c-25d-25e-30c-30d-45l-45w-and-179d-under-public-law-119-21-139-stat-72-july-4-2025-commonly-known-as-the-one-big-beautiful-bill-obbb"" },",OTHER,OK — FAQ question / URL / label / state-program / no-credit statement / incidental
content/tax-credits-rebates/25c-tax-credit-explained.mdx,366,"{ name: ""ENERGY STAR — Federal Tax Credits"", url: ""https://www.energystar.gov/about/federal-tax-credits"" },",OTHER,OK — FAQ question / URL / label / state-program / no-credit statement / incidental
content/tax-credits-rebates/25c-tax-credit-explained.mdx,367,"{ name: ""Rewiring America — 25C Heat Pump Tax Credits Guide"", url: ""https://homes.rewiringamerica.org/federal-incentives/25c-heat-pump-tax-credits"" },",OTHER,OK — FAQ question / URL / label / state-program / no-credit statement / incidental
content/tax-credits-rebates/25c-tax-credit-explained.mdx,374,"{ slug: ""hvac-tax-credits-2026"", title: ""HVAC Tax Credits 2026: Complete Guide (IRA + Federal)"" },",OTHER,OK — FAQ question / URL / label / state-program / no-credit statement / incidental
content/tax-credits-rebates/25c-tax-credit-explained.mdx,375,"{ slug: ""energy-star-tax-credits"", title: ""ENERGY STAR Tax Credits: What Qualifies in 2026?"" },",OTHER,OK — FAQ question / URL / label / state-program / no-credit statement / incidental
content/tax-credits-rebates/hvac-tax-credits-2026.mdx,3,"title: ""HVAC Tax Credits 2026: Complete Guide to Federal Credits, IRA Rebates & State Incentives""",OTHER,OK — FAQ question / URL / label / state-program / no-credit statement / incidental
content/tax-credits-rebates/hvac-tax-credits-2026.mdx,4,"description: ""The federal Section 25C HVAC tax credit expired for installs after Dec 31, 2025 (OBBBA, signed July 4, 2025). 2026 installs are not eligible. Active 2026 pathways are state and utility rebates plus the IRA-funded HOMES and HEAR programs.""",OTHER,OK — FAQ question / URL / label / state-program / no-credit statement / incidental
content/tax-credits-rebates/hvac-tax-credits-2026.mdx,14,"- ""25c-tax-credit-explained""",OTHER,OK — FAQ question / URL / label / state-program / no-credit statement / incidental
content/tax-credits-rebates/hvac-tax-credits-2026.mdx,19,"- url: ""https://www.irs.gov/newsroom/faqs-for-modification-of-sections-25c-25d-25e-30c-30d-45l-45w-and-179d-under-public-law-119-21-139-stat-72-july-4-2025-commonly-known-as-the-one-big-beautiful-bill-obbb""",OTHER,OK — FAQ question / URL / label / state-program / no-credit statement / incidental
content/tax-credits-rebates/hvac-tax-credits-2026.mdx,20,"title: ""IRS OBBBA FAQ — Sections 25C, 25D Termination""",OTHER,OK — FAQ question / URL / label / state-program / no-credit statement / incidental
content/tax-credits-rebates/hvac-tax-credits-2026.mdx,21,"- url: ""https://www.energystar.gov/about/federal-tax-credits""",OTHER,OK — FAQ question / URL / label / state-program / no-credit statement / incidental
content/tax-credits-rebates/hvac-tax-credits-2026.mdx,22,"title: ""ENERGY STAR Federal Tax Credits""",OTHER,OK — FAQ question / URL / label / state-program / no-credit statement / incidental
content/tax-credits-rebates/hvac-tax-credits-2026.mdx,31,"# HVAC Tax Credits 2026: Complete Guide to Federal Credits, IRA Rebates & State Incentives",OTHER,OK — FAQ question / URL / label / state-program / no-credit statement / incidental
content/tax-credits-rebates/hvac-tax-credits-2026.mdx,33,"**Both federal HVAC tax credits — Section 25C (Energy Efficient Home Improvement Credit) and Section 25D (Residential Clean Energy Credit) — apply only to equipment placed in service on or before December 31, 2025.** Both were terminated by the **One Big Beautiful Bill Act (OBBBA, Public Law 119-21,",EXPIRED_FRAMED,OK — explicit past-tense / OBBBA-expired / negative-eligibility sentence
content/tax-credits-rebates/hvac-tax-credits-2026.mdx,39,Sources: IRS Energy Efficient Home Improvement Credit page; IRS OBBBA FAQ (PL 119-21); ENERGY STAR federal tax credits page.,OTHER,OK — FAQ question / URL / label / state-program / no-credit statement / incidental
content/tax-credits-rebates/hvac-tax-credits-2026.mdx,43,"## Federal Tax Credits Through Dec 31, 2025 (Now Expired for 2026 Installs)",OTHER,OK — FAQ question / URL / label / state-program / no-credit statement / incidental
content/tax-credits-rebates/hvac-tax-credits-2026.mdx,45,"The Inflation Reduction Act (IRA) tax credits applied to equipment placed in service through **December 31, 2025**:",OTHER,OK — FAQ question / URL / label / state-program / no-credit statement / incidental
content/tax-credits-rebates/hvac-tax-credits-2026.mdx,47,"- **Section 25C** (Energy Efficient Home Improvement Credit): Up to $2,000 for heat pumps, $600 for AC systems, $500 for furnaces. Terminated by OBBBA for installs after Dec 31, 2025.",HISTORICAL_2025_DATED,OK — 2025-dated example or dedicated-25C-explainer reference
content/tax-credits-rebates/hvac-tax-credits-2026.mdx,48,"- **Section 25D** (Residential Clean Energy Credit): historically 30% back on geothermal heat pumps, solar, and batteries with no cap. **Expired for property placed in service after Dec 31, 2025** under OBBBA. No federal 25D credit is available for 2026 installs. Unused 25D credit from a pre-2026 qu",EXPIRED_FRAMED,OK — explicit past-tense / OBBBA-expired / negative-eligibility sentence
content/tax-credits-rebates/hvac-tax-credits-2026.mdx,53,"**""Placed in service"" is the key date.** The IRS defines this as the date your equipment is fully installed and operational — not when you signed a contract, placed an order, or made a payment. Equipment had to be installed and operational by December 31, **2025** to qualify for the 25C credit. Equi",EXPIRED_FRAMED,OK — explicit past-tense / OBBBA-expired / negative-eligibility sentence
content/tax-credits-rebates/hvac-tax-credits-2026.mdx,60,"| Inflation Reduction Act signed | August 16, 2022 | Created enhanced 25C/25D credits through 2032 |",OTHER,OK — FAQ question / URL / label / state-program / no-credit statement / incidental
content/tax-credits-rebates/hvac-tax-credits-2026.mdx,61,"| Enhanced 25C took effect | January 1, 2023 | 30% credit, $3,200 annual cap |",HISTORICAL_2025_DATED,OK — 2025-dated example or dedicated-25C-explainer reference
content/tax-credits-rebates/hvac-tax-credits-2026.mdx,63,"| OBBBA signed into law | **July 4, 2025** | Accelerated termination of 25C, 25D |",OTHER,OK — FAQ question / URL / label / state-program / no-credit statement / incidental
content/tax-credits-rebates/hvac-tax-credits-2026.mdx,64,"| **25C expired** | **December 31, 2025** | **No federal 25C credit for installs in 2026** |",EXPIRED_FRAMED,OK — explicit past-tense / OBBBA-expired / negative-eligibility sentence
content/tax-credits-rebates/hvac-tax-credits-2026.mdx,65,"| **25D expired** | **December 31, 2025** | **No federal 25D credit for installs in 2026; carryforward of pre-2026 credit still allowed** |",EXPIRED_FRAMED,OK — explicit past-tense / OBBBA-expired / negative-eligibility sentence
content/tax-credits-rebates/hvac-tax-credits-2026.mdx,69,## What Federal Credits Were Available (Now Expired),OTHER,OK — FAQ question / URL / label / state-program / no-credit statement / incidental
content/tax-credits-rebates/hvac-tax-credits-2026.mdx,73,"### Section 25C Credit Amounts (Through Dec 31, 2025)",OTHER,OK — FAQ question / URL / label / state-program / no-credit statement / incidental
content/tax-credits-rebates/hvac-tax-credits-2026.mdx,77,"| Air-source heat pumps | 30% of cost | $2,000 |",OTHER,OK — FAQ question / URL / label / state-program / no-credit statement / incidental
content/tax-credits-rebates/hvac-tax-credits-2026.mdx,78,"| Heat pump water heaters | 30% of cost | $2,000 |",OTHER,OK — FAQ question / URL / label / state-program / no-credit statement / incidental
content/tax-credits-rebates/hvac-tax-credits-2026.mdx,79,| Central air conditioners | 30% of cost | $600 |,OTHER,OK — FAQ question / URL / label / state-program / no-credit statement / incidental
content/tax-credits-rebates/hvac-tax-credits-2026.mdx,80,| Gas furnaces (95%+ AFUE) | 30% of cost | $600 |,OTHER,OK — FAQ question / URL / label / state-program / no-credit statement / incidental
content/tax-credits-rebates/hvac-tax-credits-2026.mdx,81,| Boilers (95%+ AFUE) | 30% of cost | $600 |,OTHER,OK — FAQ question / URL / label / state-program / no-credit statement / incidental
content/tax-credits-rebates/hvac-tax-credits-2026.mdx,82,| Electrical panel upgrades (with HP) | 30% of cost | $600 |,OTHER,OK — FAQ question / URL / label / state-program / no-credit statement / incidental
content/tax-credits-rebates/hvac-tax-credits-2026.mdx,83,"| Insulation & air sealing | 30% of cost | $1,200 combined |",OTHER,OK — FAQ question / URL / label / state-program / no-credit statement / incidental
content/tax-credits-rebates/hvac-tax-credits-2026.mdx,84,| Windows & skylights | 30% of cost | $600 |,OTHER,OK — FAQ question / URL / label / state-program / no-credit statement / incidental
content/tax-credits-rebates/hvac-tax-credits-2026.mdx,89,"### Section 25D Credit Amounts (Historical — Expired for installs after Dec 31, 2025)",OTHER,OK — FAQ question / URL / label / state-program / no-credit statement / incidental
content/tax-credits-rebates/hvac-tax-credits-2026.mdx,100,"**Key difference between 25C and 25D:** Section 25C had annual caps ($3,200 max) and was nonrefundable. Section 25D historically had no dollar cap — just 30% of total cost — and allowed unused credits to carry forward. If you have unused 25D credits from a 2025 or earlier installation, you can typic",HISTORICAL_2025_DATED,OK — 2025-dated example or dedicated-25C-explainer reference
content/tax-credits-rebates/hvac-tax-credits-2026.mdx,103,## Filing 25C on a 2025 Install (Filed in Early 2026),OTHER,OK — FAQ question / URL / label / state-program / no-credit statement / incidental
content/tax-credits-rebates/hvac-tax-credits-2026.mdx,109,"**Step 1: Gather your documentation.** You'll need itemized invoices showing equipment model numbers, the manufacturer's Product Identification Number (PIN) — a 17-character code required for all 25C claims on equipment installed in 2025 — the manufacturer's Qualified Manufacturer Identification Num",HISTORICAL_2025_DATED,OK — 2025-dated example or dedicated-25C-explainer reference
content/tax-credits-rebates/hvac-tax-credits-2026.mdx,113,"**Step 3: Complete IRS Form 5695.** Part I covers Section 25C credits. Part II covers Section 25D credits. Enter equipment costs, calculate 30% of eligible expenses, and apply the annual caps.",HISTORICAL_2025_DATED,OK — 2025-dated example or dedicated-25C-explainer reference
content/tax-credits-rebates/hvac-tax-credits-2026.mdx,124,"| 30% credit | $3,720 |",HISTORICAL_2025_DATED,OK — 2025-dated example or dedicated-25C-explainer reference
content/tax-credits-rebates/hvac-tax-credits-2026.mdx,125,"| 25C annual cap for heat pumps | $2,000 |",HISTORICAL_2025_DATED,OK — 2025-dated example or dedicated-25C-explainer reference
content/tax-credits-rebates/hvac-tax-credits-2026.mdx,126,"| **Credit claimed** | **$2,000** |",HISTORICAL_2025_DATED,OK — 2025-dated example or dedicated-25C-explainer reference
content/tax-credits-rebates/hvac-tax-credits-2026.mdx,130,| Item | Cost | 30% Credit | Cap | Claimed |,HISTORICAL_2025_DATED,OK — 2025-dated example or dedicated-25C-explainer reference
content/tax-credits-rebates/hvac-tax-credits-2026.mdx,132,"| Heat pump | $12,400 | $3,720 | $2,000 | $2,000 |",OTHER,OK — FAQ question / URL / label / state-program / no-credit statement / incidental
content/tax-credits-rebates/hvac-tax-credits-2026.mdx,133,"| Insulation | $2,800 | $840 | $1,200 | $840 |",OTHER,OK — FAQ question / URL / label / state-program / no-credit statement / incidental
content/tax-credits-rebates/hvac-tax-credits-2026.mdx,134,"| Panel upgrade | $1,900 | $570 | $600 | $570 |",OTHER,OK — FAQ question / URL / label / state-program / no-credit statement / incidental
content/tax-credits-rebates/hvac-tax-credits-2026.mdx,137,"Wait — that exceeds $3,200. The heat pump credit has its own $2,000 bucket, and the remaining improvements share a $1,200 bucket. So the Nguyens' combined cap is $3,200, meaning the panel upgrade credit gets trimmed to $360:",HISTORICAL_2025_DATED,OK — 2025-dated example or dedicated-25C-explainer reference
content/tax-credits-rebates/hvac-tax-credits-2026.mdx,141,"| Heat pump (25C HP bucket) | $2,000 | $2,000 |",HISTORICAL_2025_DATED,OK — 2025-dated example or dedicated-25C-explainer reference
content/tax-credits-rebates/hvac-tax-credits-2026.mdx,142,"| All other improvements (25C general bucket) | $1,200 | $1,200 |",HISTORICAL_2025_DATED,OK — 2025-dated example or dedicated-25C-explainer reference
content/tax-credits-rebates/hvac-tax-credits-2026.mdx,143,"| **Total federal credit** | **$3,200** | **$3,200** |",HISTORICAL_2025_DATED,OK — 2025-dated example or dedicated-25C-explainer reference
content/tax-credits-rebates/hvac-tax-credits-2026.mdx,146,"**Don't forget: 25C is nonrefundable.** If the Nguyens only owe $2,500 in federal income tax, they'll receive a $2,500 credit — not $3,200. The remaining $700 cannot be carried forward or refunded. Unlike 25D, unused 25C credits are lost.",HISTORICAL_2025_DATED,OK — 2025-dated example or dedicated-25C-explainer reference
content/tax-credits-rebates/hvac-tax-credits-2026.mdx,154,- Manufacturer's PIN (17-character code) — required for 2025 25C claims,HISTORICAL_2025_DATED,OK — 2025-dated example or dedicated-25C-explainer reference
content/tax-credits-rebates/hvac-tax-credits-2026.mdx,164,"With federal credits gone, the savings landscape has shifted to state-administered programs, utility rebates, and the remaining IRA-funded rebate initiatives. Here's the current picture.",OTHER,OK — FAQ question / URL / label / state-program / no-credit statement / incidental
content/tax-credits-rebates/hvac-tax-credits-2026.mdx,168,"The Inflation Reduction Act allocated approximately $8.8 billion for two major rebate programs administered by individual states. Unlike tax credits, these are point-of-sale rebates — meaning you get the discount upfront rather than waiting until tax filing.",OTHER,OK — FAQ question / URL / label / state-program / no-credit statement / incidental
content/tax-credits-rebates/hvac-tax-credits-2026.mdx,176,"| 20–34% reduction | Up to $2,000 | Up to $4,000 |",OTHER,OK — FAQ question / URL / label / state-program / no-credit statement / incidental
content/tax-credits-rebates/hvac-tax-credits-2026.mdx,178,"| Multifamily (per unit) | Up to $2,000 | Up to $4,000 |",OTHER,OK — FAQ question / URL / label / state-program / no-credit statement / incidental
content/tax-credits-rebates/hvac-tax-credits-2026.mdx,193,"| Electrical panel upgrade | $4,000 | $2,000 |",OTHER,OK — FAQ question / URL / label / state-program / no-credit statement / incidental
content/tax-credits-rebates/hvac-tax-credits-2026.mdx,219,"Nearly every major utility company offers its own efficiency rebates, independent of federal or state programs. These typically range from $200 to $2,000+ and vary by utility, equipment type, and efficiency level.",OTHER,OK — FAQ question / URL / label / state-program / no-credit statement / incidental
content/tax-credits-rebates/hvac-tax-credits-2026.mdx,228,### Real-World Example: Maximizing 2026 Savings Without Federal Credits,OTHER,OK — FAQ question / URL / label / state-program / no-credit statement / incidental
content/tax-credits-rebates/hvac-tax-credits-2026.mdx,236,"| Denver metro DRCOG grant | Regional | $1,200 |",OTHER,OK — FAQ question / URL / label / state-program / no-credit statement / incidental
content/tax-credits-rebates/hvac-tax-credits-2026.mdx,240,That's 76% of the project cost covered — better than any federal tax credit ever offered. The catch? They had to qualify as low-income (≤80% AMI) and use a state-registered HEAR contractor.,EXPIRED_FRAMED,OK — explicit past-tense / OBBBA-expired / negative-eligibility sentence
content/tax-credits-rebates/hvac-tax-credits-2026.mdx,261,"| Manufacturer rebate | Trane seasonal promo | $1,200 |",HISTORICAL_2025_DATED,OK — 2025-dated example or dedicated-25C-explainer reference
content/tax-credits-rebates/hvac-tax-credits-2026.mdx,268,## The Post-Federal-Credit Landscape: What to Expect,OTHER,OK — FAQ question / URL / label / state-program / no-credit statement / incidental
content/tax-credits-rebates/hvac-tax-credits-2026.mdx,270,The elimination of 25C and 25D doesn't mean energy efficiency is dead — it means the incentive structure has fundamentally changed.,OTHER,OK — FAQ question / URL / label / state-program / no-credit statement / incidental
content/tax-credits-rebates/hvac-tax-credits-2026.mdx,274,**From tax credits to rebates.** Tax credits required waiting until you filed your return the following year. State rebate programs like HEAR offer point-of-sale discounts — you pay less at checkout.,OTHER,OK — FAQ question / URL / label / state-program / no-credit statement / incidental
content/tax-credits-rebates/hvac-tax-credits-2026.mdx,276,"**From universal to income-targeted.** The 25C credit had no income limit. HEAR is restricted to households earning ≤150% AMI, and the best rebates go to those earning ≤80% AMI. HOMES is available to all income levels, but low-income households get doubled caps.",OTHER,OK — FAQ question / URL / label / state-program / no-credit statement / incidental
content/tax-credits-rebates/hvac-tax-credits-2026.mdx,280,**From equipment-based to performance-based.** The 25C credit cared about what you installed. HOMES cares about how much energy you save. This favors comprehensive retrofits over one-for-one equipment swaps.,HISTORICAL_2025_DATED,OK — 2025-dated example or dedicated-25C-explainer reference
content/tax-credits-rebates/hvac-tax-credits-2026.mdx,282,### Will Federal HVAC Credits Return?,OTHER,OK — FAQ question / URL / label / state-program / no-credit statement / incidental
content/tax-credits-rebates/hvac-tax-credits-2026.mdx,284,"As of mid-2026, there is no pending legislation to reinstate Sections 25C or 25D. The OBBBA represented a deliberate policy decision to phase out these IRA provisions. However, energy policy is always subject to political change. Future legislation could create new incentive programs, though homeown",OTHER,OK — FAQ question / URL / label / state-program / no-credit statement / incidental
content/tax-credits-rebates/hvac-tax-credits-2026.mdx,304,"- The federal Section 25C HVAC tax credit expired **December 31, 2025** under the OBBBA (signed July 4, 2025). Equipment installed in 2026 does **not** qualify.",EXPIRED_FRAMED,OK — explicit past-tense / OBBBA-expired / negative-eligibility sentence
content/tax-credits-rebates/hvac-tax-credits-2026.mdx,305,"- Section 25D (geothermal/solar) **expired** for property placed in service after Dec 31, 2025 (OBBBA). Carryforward of unused pre-2026 credit still allowed. (Source: IRS 25D page; Congress.gov CRS IN12611.)",EXPIRED_FRAMED,OK — explicit past-tense / OBBBA-expired / negative-eligibility sentence
content/tax-credits-rebates/hvac-tax-credits-2026.mdx,316,"question: ""Are there any federal HVAC tax credits available in 2026?"",",OTHER,OK — FAQ question / URL / label / state-program / no-credit statement / incidental
content/tax-credits-rebates/hvac-tax-credits-2026.mdx,317,"answer: ""No. The One Big Beautiful Bill Act (OBBBA), signed July 4, 2025, terminated BOTH Section 25C (Energy Efficient Home Improvement Credit) and Section 25D (Residential Clean Energy Credit, which covered geothermal heat pumps, solar, and batteries) for any property placed in service after Decem",HISTORICAL_2025_DATED,OK — 2025-dated example or dedicated-25C-explainer reference
content/tax-credits-rebates/hvac-tax-credits-2026.mdx,320,"question: ""Can I still claim a tax credit for an HVAC system I installed in 2025?"",",OTHER,OK — FAQ question / URL / label / state-program / no-credit statement / incidental
content/tax-credits-rebates/hvac-tax-credits-2026.mdx,321,"answer: ""Yes. If your system was fully installed and operational by December 31, 2025, you can claim the credit on your 2025 tax return (filed in early 2026). Use IRS Form 5695 and include the manufacturer's PIN. The credit is up to $2,000 for heat pumps or $600 for central AC and furnaces.""",HISTORICAL_2025_DATED,OK — 2025-dated example or dedicated-25C-explainer reference
content/tax-credits-rebates/hvac-tax-credits-2026.mdx,324,"question: ""What is the difference between a tax credit and a rebate?"",",OTHER,OK — FAQ question / URL / label / state-program / no-credit statement / incidental
content/tax-credits-rebates/hvac-tax-credits-2026.mdx,325,"answer: ""A tax credit reduces the amount of federal income tax you owe, dollar-for-dollar, and is claimed when you file your return. A rebate is a direct discount — often applied at the point of sale — that reduces your upfront cost immediately. In 2026, most HVAC incentives are rebates administered",HISTORICAL_2025_DATED,OK — 2025-dated example or dedicated-25C-explainer reference
content/tax-credits-rebates/hvac-tax-credits-2026.mdx,329,"answer: ""HOMES (Home Energy Performance-Based, Whole-House Rebates) offers $2,000–$8,000 for whole-home energy retrofits. HEAR (Home Electrification and Appliance Rebates) offers up to $14,000 for individual appliance upgrades. Both are funded by the IRA and administered by individual states. HEAR i",HISTORICAL_2025_DATED,OK — 2025-dated example or dedicated-25C-explainer reference
content/tax-credits-rebates/hvac-tax-credits-2026.mdx,348,"question: ""Will federal HVAC tax credits come back?"",",OTHER,OK — FAQ question / URL / label / state-program / no-credit statement / incidental
content/tax-credits-rebates/hvac-tax-credits-2026.mdx,349,"answer: ""As of mid-2026, there is no pending legislation to reinstate Sections 25C or 25D. The OBBBA represented a deliberate policy shift away from these incentives. Future congresses could create new programs, but homeowners should not delay necessary HVAC replacements in anticipation of hypotheti",OTHER,OK — FAQ question / URL / label / state-program / no-credit statement / incidental
content/tax-credits-rebates/hvac-tax-credits-2026.mdx,352,"question: ""What is the 25D carryforward rule?"",",OTHER,OK — FAQ question / URL / label / state-program / no-credit statement / incidental
content/tax-credits-rebates/hvac-tax-credits-2026.mdx,353,"answer: ""Yes — if you installed solar, geothermal, or other 25D-eligible equipment on or before December 31, 2025 and your tax credit exceeded your tax liability that year, you can carry forward the unused portion to future tax years per existing IRS rules. Carryforward of unused pre-2026 25D credit",EXPIRED_FRAMED,OK — explicit past-tense / OBBBA-expired / negative-eligibility sentence
content/tax-credits-rebates/hvac-tax-credits-2026.mdx,358,"{ name: ""IRS OBBBA FAQ — Sections 25C, 25D, 25E, 30C, 30D, 45L, 45W, 179D"", url: ""https://www.irs.gov/newsroom/faqs-for-modification-of-sections-25c-25d-25e-30c-30d-45l-45w-and-179d-under-public-law-119-21-139-stat-72-july-4-2025-commonly-known-as-the-one-big-beautiful-bill-obbb"" },",OTHER,OK — FAQ question / URL / label / state-program / no-credit statement / incidental
content/tax-credits-rebates/hvac-tax-credits-2026.mdx,360,"{ name: ""IRS Fact Sheet FS-2026-01 — Updated 25C FAQs"", url: ""https://www.irs.gov/pub/taxpros/fs-2026-01.pdf"" },",OTHER,OK — FAQ question / URL / label / state-program / no-credit statement / incidental
content/tax-credits-rebates/hvac-tax-credits-2026.mdx,361,"{ name: ""ENERGY STAR — Federal Tax Credits for Energy Efficiency"", url: ""https://www.energystar.gov/about/federal-tax-credits"" },",OTHER,OK — FAQ question / URL / label / state-program / no-credit statement / incidental
content/tax-credits-rebates/hvac-tax-credits-2026.mdx,373,"{ slug: ""energy-star-tax-credits"", title: ""ENERGY STAR Tax Credits: What Qualifies in 2026?"" },",OTHER,OK — FAQ question / URL / label / state-program / no-credit statement / incidental
content/tax-credits-rebates/hvac-tax-credits-2026.mdx,375,"{ slug: ""25c-tax-credit-explained"", title: ""25C Tax Credit for HVAC: Eligibility & How to Claim"" },",OTHER,OK — FAQ question / URL / label / state-program / no-credit statement / incidental
content/tax-credits-rebates/energy-star-tax-credits.mdx,3,"title: ""ENERGY STAR Tax Credits in 2026: What Qualifies, What Expired & What's Still Available""",OTHER,OK — FAQ question / URL / label / state-program / no-credit statement / incidental
content/tax-credits-rebates/energy-star-tax-credits.mdx,4,"description: ""Federal ENERGY STAR HVAC tax credits (Section 25C) expired December 31, 2025 under the OBBBA. Learn what still qualifies for state rebates, how ENERGY STAR certification affects eligibility in 2026, and how to claim 2025 credits on your 2025 tax return.""",OTHER,OK — FAQ question / URL / label / state-program / no-credit statement / incidental
content/tax-credits-rebates/energy-star-tax-credits.mdx,14,"- ""25c-tax-credit-explained""",OTHER,OK — FAQ question / URL / label / state-program / no-credit statement / incidental
content/tax-credits-rebates/energy-star-tax-credits.mdx,19,"- url: ""https://www.energystar.gov/about/federal-tax-credits""",OTHER,OK — FAQ question / URL / label / state-program / no-credit statement / incidental
content/tax-credits-rebates/energy-star-tax-credits.mdx,20,"title: ""ENERGY STAR Federal Tax Credits""",OTHER,OK — FAQ question / URL / label / state-program / no-credit statement / incidental
content/tax-credits-rebates/energy-star-tax-credits.mdx,29,"# ENERGY STAR Tax Credits in 2026: What Qualifies, What Expired & What's Still Available",OTHER,OK — FAQ question / URL / label / state-program / no-credit statement / incidental
content/tax-credits-rebates/energy-star-tax-credits.mdx,31,"**ENERGY STAR certification alone no longer qualifies you for a federal tax credit in 2026.** The Section 25C tax credit, which covered ENERGY STAR certified HVAC equipment, expired December 31, **2025** under the **One Big Beautiful Bill Act (OBBBA, signed July 4, 2025)**. However, ENERGY STAR cert",OTHER,OK — FAQ question / URL / label / state-program / no-credit statement / incidental
content/tax-credits-rebates/energy-star-tax-credits.mdx,33,"If you installed ENERGY STAR equipment on or before December 31, 2025, you can still claim federal 25C credits on your **2025** tax return (filed in early 2026). For installs in 2026, ENERGY STAR certification is your gateway to every remaining incentive — but no longer to a federal 25C tax credit.",HISTORICAL_2025_DATED,OK — 2025-dated example or dedicated-25C-explainer reference
content/tax-credits-rebates/energy-star-tax-credits.mdx,35,(Sources: IRS Energy Efficient Home Improvement Credit page; ENERGY STAR federal tax credits page; IRS OBBBA FAQ.),OTHER,OK — FAQ question / URL / label / state-program / no-credit statement / incidental
content/tax-credits-rebates/energy-star-tax-credits.mdx,39,## ENERGY STAR and Federal Tax Credits: A Brief History,OTHER,OK — FAQ question / URL / label / state-program / no-credit statement / incidental
content/tax-credits-rebates/energy-star-tax-credits.mdx,41,"ENERGY STAR has been the federal government's benchmark for energy-efficient products since 1992. When Congress created enhanced energy tax credits through the Inflation Reduction Act in 2022, they tied eligibility to specific efficiency standards — and ENERGY STAR was central to qualifying.",HISTORICAL_2025_DATED,OK — 2025-dated example or dedicated-25C-explainer reference
content/tax-credits-rebates/energy-star-tax-credits.mdx,43,"But the actual tax credit eligibility threshold was set by the Consortium for Energy Efficiency (CEE), not ENERGY STAR itself. Here's the distinction that tripped up many homeowners:",OTHER,OK — FAQ question / URL / label / state-program / no-credit statement / incidental
content/tax-credits-rebates/energy-star-tax-credits.mdx,45,- **ENERGY STAR certified** meant a product exceeded minimum federal efficiency standards by a defined margin. This was necessary but not always sufficient for the tax credit.,OTHER,OK — FAQ question / URL / label / state-program / no-credit statement / incidental
content/tax-credits-rebates/energy-star-tax-credits.mdx,46,- **CEE highest tier** was the actual 25C tax credit threshold. Products had to meet or exceed CEE's highest efficiency tier (excluding advanced tiers) in effect at the beginning of the installation year.,EXPIRED_FRAMED,OK — explicit past-tense / OBBBA-expired / negative-eligibility sentence
content/tax-credits-rebates/energy-star-tax-credits.mdx,49,"In practice, most products that met the CEE highest tier were also ENERGY STAR certified, but not all ENERGY STAR certified products met the CEE highest tier. The qualification flow looked like this: ENERGY STAR → (maybe) CEE Highest Tier → Tax Credit Eligible.",HISTORICAL_2025_DATED,OK — 2025-dated example or dedicated-25C-explainer reference
content/tax-credits-rebates/energy-star-tax-credits.mdx,53,"The One Big Beautiful Bill Act (signed **July 4, 2025**) terminated Section 25C for equipment placed in service after **December 31, 2025**. This severed the direct link between ENERGY STAR certification and federal tax credits for 2026 installations.",OTHER,OK — FAQ question / URL / label / state-program / no-credit statement / incidental
content/tax-credits-rebates/energy-star-tax-credits.mdx,55,| Year | ENERGY STAR → Federal Tax Credit? | Notes |,OTHER,OK — FAQ question / URL / label / state-program / no-credit statement / incidental
content/tax-credits-rebates/energy-star-tax-credits.mdx,57,"| 2023 | Yes (if meets CEE highest tier) | Enhanced 25C, 30% up to $3,200/year |",HISTORICAL_2025_DATED,OK — 2025-dated example or dedicated-25C-explainer reference
content/tax-credits-rebates/energy-star-tax-credits.mdx,60,"| **2026 (post-OBBBA)** | **No** | **25C terminated for installs after Dec 31, 2025; no federal credit** |",OTHER,OK — FAQ question / URL / label / state-program / no-credit statement / incidental
content/tax-credits-rebates/energy-star-tax-credits.mdx,64,"Even without federal tax credits, ENERGY STAR certification is more important than ever because every major state and utility rebate program uses it as a minimum eligibility standard.",OTHER,OK — FAQ question / URL / label / state-program / no-credit statement / incidental
content/tax-credits-rebates/energy-star-tax-credits.mdx,85,"**Why CEE tiers still matter in 2026:** Many state rebate programs continue to reference CEE's highest tier as their qualifying standard, even though the federal tax credit is gone. The HEAR program requires equipment to meet ENERGY STAR certification at minimum, while some state programs offer enha",OTHER,OK — FAQ question / URL / label / state-program / no-credit statement / incidental
content/tax-credits-rebates/energy-star-tax-credits.mdx,103,"| Electrical panel | 200A+ service | $4,000 | $2,000 |",OTHER,OK — FAQ question / URL / label / state-program / no-credit statement / incidental
content/tax-credits-rebates/energy-star-tax-credits.mdx,129,| Portland General Electric rebate | $0 | $600 |,OTHER,OK — FAQ question / URL / label / state-program / no-credit statement / incidental
content/tax-credits-rebates/energy-star-tax-credits.mdx,136,"Even without federal tax credits, the ENERGY STAR unit pays for itself through utility rebates and energy savings. For income-qualified homeowners, HEAR can cover the entire cost.",OTHER,OK — FAQ question / URL / label / state-program / no-credit statement / incidental
content/tax-credits-rebates/energy-star-tax-credits.mdx,148,"| ComEd utility rebate | $2,000 | $800 |",OTHER,OK — FAQ question / URL / label / state-program / no-credit statement / incidental
content/tax-credits-rebates/energy-star-tax-credits.mdx,167,"**Manufacturer's Website**: Major brands like Carrier, Trane, Lennox, Rheem, Goodman, Daikin, and Mitsubishi maintain pages listing their tax-credit and rebate-eligible models. While 25C is no longer relevant, these pages typically list ENERGY STAR certification status.",OTHER,OK — FAQ question / URL / label / state-program / no-credit statement / incidental
content/tax-credits-rebates/energy-star-tax-credits.mdx,244,"| Electrical panel upgrade | 200A panel | N/A | $0 | $2,000 |",OTHER,OK — FAQ question / URL / label / state-program / no-credit statement / incidental
content/tax-credits-rebates/energy-star-tax-credits.mdx,250,"Without federal credits, this family saves $12,650 through state and utility rebates — all keyed to ENERGY STAR certification as the baseline requirement.",OTHER,OK — FAQ question / URL / label / state-program / no-credit statement / incidental
content/tax-credits-rebates/energy-star-tax-credits.mdx,254,"**Buy at or above CEE highest tier.** Even though it's no longer required for a federal credit, CEE highest tier products often unlock the top rebate tier from utilities. The incremental cost over standard ENERGY STAR is typically $200–$800 but can yield $500–$1,000+ in additional rebates.",HISTORICAL_2025_DATED,OK — 2025-dated example or dedicated-25C-explainer reference
content/tax-credits-rebates/energy-star-tax-credits.mdx,266,"- ENERGY STAR certification no longer triggers a federal tax credit (25C expired December 31, 2025; OBBBA signed July 4, 2025).",EXPIRED_FRAMED,OK — explicit past-tense / OBBBA-expired / negative-eligibility sentence
content/tax-credits-rebates/energy-star-tax-credits.mdx,276,"question: ""Does ENERGY STAR certification still qualify for a federal tax credit in 2026?"",",OTHER,OK — FAQ question / URL / label / state-program / no-credit statement / incidental
content/tax-credits-rebates/energy-star-tax-credits.mdx,277,"answer: ""No. The Section 25C federal tax credit expired for equipment placed in service after December 31, 2025 (OBBBA, signed July 4, 2025). ENERGY STAR certification is no longer linked to any federal HVAC tax credit for 2026 installs. However, it remains the qualifying standard for state rebates,",OTHER,OK — FAQ question / URL / label / state-program / no-credit statement / incidental
content/tax-credits-rebates/energy-star-tax-credits.mdx,285,"answer: ""The Consortium for Energy Efficiency (CEE) establishes efficiency tiers for various equipment categories. CEE's highest tier (not including advanced tiers) was the actual qualifying standard for the 25C federal tax credit. It's typically higher than standard ENERGY STAR but lower than or eq",OTHER,OK — FAQ question / URL / label / state-program / no-credit statement / incidental
content/tax-credits-rebates/energy-star-tax-credits.mdx,300,"question: ""Is ENERGY STAR equipment worth the extra cost without tax credits?"",",OTHER,OK — FAQ question / URL / label / state-program / no-credit statement / incidental
content/tax-credits-rebates/energy-star-tax-credits.mdx,301,"answer: ""In most cases, yes. ENERGY STAR certified heat pumps use 8–15% less energy than federal minimum models. Over a 15-year system lifespan, this translates to $2,000–$8,000+ in energy savings depending on your climate and energy costs. Combined with state and utility rebates, the premium over n",OTHER,OK — FAQ question / URL / label / state-program / no-credit statement / incidental
content/tax-credits-rebates/energy-star-tax-credits.mdx,318,"{ name: ""ENERGY STAR — Federal Tax Credits for Energy Efficiency"", url: ""https://www.energystar.gov/about/federal-tax-credits"" },",OTHER,OK — FAQ question / URL / label / state-program / no-credit statement / incidental
content/tax-credits-rebates/energy-star-tax-credits.mdx,323,"{ name: ""IRS OBBBA FAQ — Section 25C Termination"", url: ""https://www.irs.gov/newsroom/faqs-for-modification-of-sections-25c-25d-25e-30c-30d-45l-45w-and-179d-under-public-law-119-21-139-stat-72-july-4-2025-commonly-known-as-the-one-big-beautiful-bill-obbb"" },",OTHER,OK — FAQ question / URL / label / state-program / no-credit statement / incidental
content/tax-credits-rebates/energy-star-tax-credits.mdx,330,"{ slug: ""hvac-tax-credits-2026"", title: ""HVAC Tax Credits 2026: Complete Guide (IRA + Federal)"" },",OTHER,OK — FAQ question / URL / label / state-program / no-credit statement / incidental
content/tax-credits-rebates/energy-star-tax-credits.mdx,332,"{ slug: ""25c-tax-credit-explained"", title: ""25C Tax Credit for HVAC: Eligibility & How to Claim"" },",OTHER,OK — FAQ question / URL / label / state-program / no-credit statement / incidental
content/hvac-maintenance/hvac-maintenance-checklist.mdx,50,"| Avg. emergency repair cost | N/A | $350–$1,200 | Avoided entirely |",OTHER,OK — FAQ question / URL / label / state-program / no-credit statement / incidental
content/hvac-maintenance/hvac-maintenance-checklist.mdx,306,"A household in Denver combined a heating tune-up, duct sealing, and a smart thermostat installation. Their annual HVAC energy costs dropped from $2,100 to $1,430 — a 32% reduction worth $670/year. The total investment of $450 (tune-up + thermostat) paid back in 8 months. The duct sealing added anoth",OTHER,OK — FAQ question / URL / label / state-program / no-credit statement / incidental
content/hvac-maintenance/hvac-maintenance-cost.mdx,161,| Refrigerant recharge (R-410A) | $50-$150/lb | $75-$150 | $200-$600 | Leak (requires finding and fixing leak) |,OTHER,OK — FAQ question / URL / label / state-program / no-credit statement / incidental
content/hvac-maintenance/hvac-maintenance-cost.mdx,162,"| Evaporator coil replacement | $400-$1,200 | $300-$600 | $700-$1,800 | Corrosion, formicary corrosion, leak |",OTHER,OK — FAQ question / URL / label / state-program / no-credit statement / incidental
content/hvac-maintenance/hvac-maintenance-cost.mdx,163,"| Condenser coil replacement | $400-$1,000 | $200-$400 | $600-$1,400 | Physical damage, corrosion |",OTHER,OK — FAQ question / URL / label / state-program / no-credit statement / incidental
content/hvac-maintenance/hvac-maintenance-cost.mdx,164,"| Compressor replacement | $800-$2,000 | $300-$600 | $1,100-$2,600 | Liquid slugging, overheating, age |",OTHER,OK — FAQ question / URL / label / state-program / no-credit statement / incidental
content/hvac-maintenance/hvac-maintenance-cost.mdx,187,"| Energy costs | $12,000 ($1,200/yr avg.) | $15,000 ($1,500/yr avg.) |",OTHER,OK — FAQ question / URL / label / state-program / no-credit statement / incidental
content/hvac-maintenance/hvac-maintenance-cost.mdx,248,"| Duct sealing (one-time) | $30-$60 | $400-$1,200 | $370-$1,140 (one-time) |",OTHER,OK — FAQ question / URL / label / state-program / no-credit statement / incidental
content/hvac-maintenance/hvac-maintenance-cost.mdx,266,"A landlord in Minneapolis skipped furnace maintenance on a rental property for 5 years to save money (approximately $750 in skipped tune-ups). The furnace failed during a January cold snap. The heat exchanger had cracked, the blower motor was seized, and the unit was 19 years old. Emergency replacem",OTHER,OK — FAQ question / URL / label / state-program / no-credit statement / incidental
content/hvac-maintenance/hvac-maintenance-cost.mdx,322,"answer: ""The most common repairs and their 2026 costs: capacitor replacement ($85-$190), contactor replacement ($90-$195), flame sensor cleaning ($80-$170), blower motor replacement ($300-$750), refrigerant recharge ($200-$600), evaporator coil replacement ($700-$1,800), and compressor replacement (",OTHER,OK — FAQ question / URL / label / state-program / no-credit statement / incidental
content/hvac-maintenance/air-duct-cleaning-worth-it.mdx,100,"If energy savings are your goal, invest in duct sealing ($400–$1,200) and insulation rather than duct cleaning. ENERGY STAR reports that the average home loses 20–30% of conditioned air through duct leaks — fixing these leaks provides a far greater return than cleaning duct interiors.",OTHER,OK — FAQ question / URL / label / state-program / no-credit statement / incidental
content/hvac-maintenance/air-duct-cleaning-worth-it.mdx,167,"| Standard residential cleaning | $300–$600 | Full supply and return cleaning, main trunk lines |",OTHER,OK — FAQ question / URL / label / state-program / no-credit statement / incidental
content/hvac-maintenance/air-duct-cleaning-worth-it.mdx,194,"### Example 4: The $49 ""Special"" That Turned Into $1,200",OTHER,OK — FAQ question / URL / label / state-program / no-credit statement / incidental
content/hvac-maintenance/air-duct-cleaning-worth-it.mdx,196,"A homeowner in Chicago responded to a mailer offering ""$49 whole-house duct cleaning."" The technician arrived, showed a camera image of dust inside one duct (normal), and recommended a full cleaning with antimicrobial treatment, coil cleaning, and dryer vent cleaning — total quoted: $1,200. The home",OTHER,OK — FAQ question / URL / label / state-program / no-credit statement / incidental
content/hvac-maintenance/air-duct-cleaning-worth-it.mdx,204,| Duct cleaning | $300–$600 | $0–$50 | Never (for routine cleaning) | Minimal to none |,OTHER,OK — FAQ question / URL / label / state-program / no-credit statement / incidental
content/hvac-maintenance/air-duct-cleaning-worth-it.mdx,206,"| Professional duct sealing | $400–$1,200 | $200–$450 | 1–3 years | Moderate |",OTHER,OK — FAQ question / URL / label / state-program / no-credit statement / incidental
content/hvac-maintenance/air-duct-cleaning-worth-it.mdx,241,- Legitimate duct cleaning costs $300–$600 — beware of $49–$99 specials,OTHER,OK — FAQ question / URL / label / state-program / no-credit statement / incidental
content/hvac-maintenance/air-duct-cleaning-worth-it.mdx,253,"answer: ""Legitimate residential duct cleaning costs $300–$600 for a standard home and $500–$1,000 for larger homes or systems requiring more extensive work. Mold remediation in ductwork ranges from $500–$2,500+. Be wary of prices below $200 for a whole house — this is typically a bait-and-switch tac",OTHER,OK — FAQ question / URL / label / state-program / no-credit statement / incidental
content/hvac-maintenance/air-duct-cleaning-worth-it.mdx,261,"answer: ""Unlikely. Independent research has not demonstrated that duct cleaning reduces allergy symptoms in homes with normal duct conditions. The American Academy of Allergy, Asthma & Immunology recommends MERV 11+ filtration, humidity control (30–50%), allergen-proof bedding, and regular vacuuming",OTHER,OK — FAQ question / URL / label / state-program / no-credit statement / incidental
content/hvac-maintenance/air-duct-cleaning-worth-it.mdx,273,"answer: ""Yes, this is one of the most justified use cases. New construction generates significant amounts of drywall dust, sawdust, and debris that ends up inside ductwork during the building process. Many builders run the HVAC system during construction for temperature control without adequate filt",OTHER,OK — FAQ question / URL / label / state-program / no-credit statement / incidental
content/hvac-maintenance/hvac-ductwork-guide.mdx,285,"| Professional duct sealing (manual) | $400-$1,200 | Accessible ducts with significant leakage |",OTHER,OK — FAQ question / URL / label / state-program / no-credit statement / incidental
content/hvac-maintenance/hvac-ductwork-guide.mdx,289,| Duct cleaning | $300-$600 | Only when contamination is confirmed |,OTHER,OK — FAQ question / URL / label / state-program / no-credit statement / incidental
content/hvac-maintenance/hvac-ductwork-guide.mdx,291,"| Zoning system installation | $2,000-$5,000 | Multi-story homes with temperature imbalance |",OTHER,OK — FAQ question / URL / label / state-program / no-credit statement / incidental
content/hvac-maintenance/hvac-ductwork-guide.mdx,371,"answer: ""Yes, but it's not a simple DIY project. Adding a duct run requires verifying your existing system has capacity to serve the additional room (Manual J/D calculations), routing new ductwork from the nearest trunk line to the new room, installing a register/grille, and potentially adding a ret",OTHER,OK — FAQ question / URL / label / state-program / no-credit statement / incidental
content/hvac-maintenance/how-often-change-hvac-filter.mdx,141,"| Large home, hot climate | $1,200 | $120 | $120 |",OTHER,OK — FAQ question / URL / label / state-program / no-credit statement / incidental
content/hvac-maintenance/how-to-clean-ac-coils.mdx,57,| Severely clogged (matted debris) | 40–60%+ | $350–$600+ | 30–50%+ |,OTHER,OK — FAQ question / URL / label / state-program / no-credit statement / incidental
content/heat-pumps/heat-pump-guide.mdx,4,"description: ""Everything you need to know about heat pumps in 2026 — how they work, types, costs, efficiency ratings, installation, tax credits, and whether a heat pump is right for your home.""",OTHER,OK — FAQ question / URL / label / state-program / no-credit statement / incidental
content/heat-pumps/heat-pump-guide.mdx,36,"A heat pump is an electric HVAC system that moves heat instead of generating it, delivering 2–5× more energy than it consumes — making it the most efficient way to heat and cool a home in 2026. The average U.S. homeowner who switches from a gas furnace to a modern heat pump saves $500–$1,200 per yea",OTHER,OK — FAQ question / URL / label / state-program / no-credit statement / incidental
content/heat-pumps/heat-pump-guide.mdx,38,"In 2026, heat pumps outsell gas furnaces in the United States for the fourth consecutive year. Cold-climate models are now rated to −15 °F, and SEER2 ratings exceed 22. The federal Section 25C credit (which covered up to $2,000 for qualifying heat pumps) expired for installs after Dec 31, 2025 under",OTHER,OK — FAQ question / URL / label / state-program / no-credit statement / incidental
content/heat-pumps/heat-pump-guide.mdx,49,- [2026 Tax Credits & Rebates](#2026-tax-credits-and-rebates),OTHER,OK — FAQ question / URL / label / state-program / no-credit statement / incidental
content/heat-pumps/heat-pump-guide.mdx,112,"**Real-World Example — Minneapolis, MN:** The Andersons replaced their 80% AFUE gas furnace with a 3-ton Bosch IDS 2.0 ducted heat pump (SEER2 18.5, HSPF2 10) installed in **2025**. Their annual heating + cooling costs dropped from $2,400 to $1,350 — a $1,050 savings. With the $2,000 federal 25C cre",OTHER,OK — FAQ question / URL / label / state-program / no-credit statement / incidental
content/heat-pumps/heat-pump-guide.mdx,152,"[""Mini Split (single zone)"", ""$1,200–$2,800"", ""$1,500–$3,000"", ""$2,700–$5,800""],",OTHER,OK — FAQ question / URL / label / state-program / no-credit statement / incidental
content/heat-pumps/heat-pump-guide.mdx,160,"Several factors can push your quote above the averages. Electrical panel upgrades (from 100A to 200A) add $1,500–$4,000. If your home needs new ductwork, expect $2,000–$5,000 for a single-story and up to $8,000 for a two-story. Refrigerant line sets running through finished walls or ceilings cost mo",OTHER,OK — FAQ question / URL / label / state-program / no-credit statement / incidental
content/heat-pumps/heat-pump-guide.mdx,230,"**Real-World Example — Charlotte, NC (2025 install):** The Nguyens had a 15-year-old gas furnace with a separate AC. They chose a Lennox XP25 ducted heat pump (SEER2 19.5, HSPF2 10.2). The installation took 1.5 days. Their existing ductwork was reused after sealing visible leaks. Total project cost ",OTHER,OK — FAQ question / URL / label / state-program / no-credit statement / incidental
content/heat-pumps/heat-pump-guide.mdx,265,## 2026 Tax Credits and Rebates,OTHER,OK — FAQ question / URL / label / state-program / no-credit statement / incidental
content/heat-pumps/heat-pump-guide.mdx,267,"The financial incentives for heat pumps in 2026 remain substantial through state, utility, and IRA HEAR/HOMES programs — though the federal Section 25C credit has now expired.",OTHER,OK — FAQ question / URL / label / state-program / no-credit statement / incidental
content/heat-pumps/heat-pump-guide.mdx,269,"### Federal Tax Credit (25C — EXPIRED for installs after Dec 31, 2025)",OTHER,OK — FAQ question / URL / label / state-program / no-credit statement / incidental
content/heat-pumps/heat-pump-guide.mdx,271,"The federal Section 25C credit (which covered **30% of total project cost, up to $2,000** for qualifying heat pumps meeting CEE highest efficiency tier — SEER2 ≥ 16 and HSPF2 ≥ 9.0 for ducted, or SEER2 ≥ 18 and HSPF2 ≥ 9.5 for ductless) **expired for property placed in service after Dec 31, 2025** u",EXPIRED_FRAMED,OK — explicit past-tense / OBBBA-expired / negative-eligibility sentence
content/heat-pumps/heat-pump-guide.mdx,273,"If you installed a qualifying heat pump in 2024 or 2025 and didn't claim the credit, you can typically file an amended return on IRS Form 1040-X. 25C does NOT allow carryforward of an unused credit. The credit covered both equipment and installation labor costs through Dec 31, 2025.",EXPIRED_FRAMED,OK — explicit past-tense / OBBBA-expired / negative-eligibility sentence
content/heat-pumps/heat-pump-guide.mdx,281,Many states and utilities offer additional rebates on top of the federal credit.,OTHER,OK — FAQ question / URL / label / state-program / no-credit statement / incidental
content/heat-pumps/heat-pump-guide.mdx,288,"[""Maine (Efficiency Maine)"", ""$2,000–$4,000"", ""ENERGY STAR certified unit"", ""Yes""],",OTHER,OK — FAQ question / URL / label / state-program / no-credit statement / incidental
content/heat-pumps/heat-pump-guide.mdx,296,"For the complete federal breakdown, visit our [Heat Pump Tax Credits & Rebates Guide](/heat-pump-tax-credits-2026/).",OTHER,OK — FAQ question / URL / label / state-program / no-credit statement / incidental
content/heat-pumps/heat-pump-guide.mdx,299,"**Real-World Example — Boston, MA:** Mike installed a 3-ton Mitsubishi ducted system in **2025** for $12,500. He received a $2,000 federal 25C credit (claimed on his 2025 return before the OBBBA termination), a $10,000 Mass Save rebate, and a $750 utility incentive — bringing his effective cost to *",OTHER,OK — FAQ question / URL / label / state-program / no-credit statement / incidental
content/heat-pumps/heat-pump-guide.mdx,335,"**Heat pumps deliver 2–5× more energy than they consume**, making them the most efficient heating and cooling technology available. Modern cold-climate models work reliably to −15 °F, eliminating the ""it's too cold"" barrier for most of the U.S. Total installed cost ranges from $3,000 for a single-zo",OTHER,OK — FAQ question / URL / label / state-program / no-credit statement / incidental
content/heat-pumps/heat-pump-guide.mdx,348,"For most homeowners, yes. The federal 25C credit (which previously covered up to $2,000) expired for installs after Dec 31, 2025 (OBBBA), but state rebates often add $1,000–$16,000 and energy savings run $500–$1,200 per year. With IRA HEAR (income-qualified, up to $8,000) or HOMES (performance-based",OTHER,OK — FAQ question / URL / label / state-program / no-credit statement / incidental
content/heat-pumps/heat-pump-guide.mdx,385,- [IRS — Energy Efficient Home Improvement Credit (25C)](https://www.irs.gov/credits-deductions/energy-efficient-home-improvement-credit),OTHER,OK — FAQ question / URL / label / state-program / no-credit statement / incidental
content/heat-pumps/heat-pump-vs-ac.mdx,35,"In 2026, a ducted heat pump costs $5,800–$10,000 installed versus $3,500–$6,000 for a central AC (which still requires a separate $2,000–$4,500 furnace for heating). When you factor in the heat pump's lower operating costs and available tax credits, the heat pump is the better investment for most ho",OTHER,OK — FAQ question / URL / label / state-program / no-credit statement / incidental
content/heat-pumps/heat-pump-vs-ac.mdx,59,"[""Equipment Cost (3-ton)"", ""$2,800–$5,500"", ""$2,000–$4,500""],",OTHER,OK — FAQ question / URL / label / state-program / no-credit statement / incidental
content/heat-pumps/heat-pump-vs-ac.mdx,62,"[""Federal 25C Tax Credit"", ""EXPIRED Dec 31, 2025 (was up to $2,000)"", ""EXPIRED Dec 31, 2025 (was up to $600 for AC)""],",EXPIRED_FRAMED,OK — explicit past-tense / OBBBA-expired / negative-eligibility sentence
content/heat-pumps/heat-pump-vs-ac.mdx,113,"[""Outdoor unit (equipment)"", ""$2,800–$5,500"", ""$2,000–$4,500 (AC only)""],",OTHER,OK — FAQ question / URL / label / state-program / no-credit statement / incidental
content/heat-pumps/heat-pump-vs-ac.mdx,114,"[""Indoor unit / furnace"", ""$800–$2,000 (air handler)"", ""$2,000–$4,500 (gas furnace)""],",OTHER,OK — FAQ question / URL / label / state-program / no-credit statement / incidental
content/heat-pumps/heat-pump-vs-ac.mdx,117,"[""Federal 25C tax credit (2026)"", ""$0 (EXPIRED Dec 31, 2025 — OBBBA)"", ""$0 (EXPIRED Dec 31, 2025 — OBBBA)""],",EXPIRED_FRAMED,OK — explicit past-tense / OBBBA-expired / negative-eligibility sentence
content/heat-pumps/heat-pump-vs-ac.mdx,129,"**The 10-Year Math (2026 install, no federal credit):** Even without the now-expired federal 25C credit, the heat pump still saves $2,300–$2,400 over 10 years in operating cost vs the AC + gas furnace alternative. Add state/utility rebates ($500–$3,000+) or IRA HEAR (income-qualified, up to $8,000) ",OTHER,OK — FAQ question / URL / label / state-program / no-credit statement / incidental
content/heat-pumps/heat-pump-vs-ac.mdx,198,"**You currently heat with oil, propane, or electric resistance.** Savings of $1,000–$2,000/year make the heat pump pay for itself in 2–5 years.",OTHER,OK — FAQ question / URL / label / state-program / no-credit statement / incidental
content/heat-pumps/heat-pump-vs-ac.mdx,207,"**Real-World Example — Nashville, TN:** The Williams family needed to replace both their 18-year-old AC and 22-year-old gas furnace in **2025**. They got quotes for both options: AC + furnace at $8,200 installed, heat pump at $8,900 installed. After the $2,000 federal 25C credit (claimed on their 20",HISTORICAL_2025_DATED,OK — 2025-dated example or dedicated-25C-explainer reference
content/heat-pumps/heat-pump-vs-ac.mdx,229,"In cooling mode, heat pumps and ACs perform identically at the same SEER2 rating. The heat pump adds heating capability via a reversing valve, eliminating the need for a separate furnace. After tax credits, a heat pump often costs **less** than an AC + furnace combo. Annual operating savings average",OTHER,OK — FAQ question / URL / label / state-program / no-credit statement / incidental
content/heat-pumps/heat-pump-vs-ac.mdx,242,"The heat pump equipment costs about $500–$1,500 more than a comparable AC unit. However, the heat pump eliminates the need for a separate furnace ($2,000–$4,500). When comparing total system costs (heat pump vs. AC + furnace), the heat pump is often the same price or cheaper. Note on federal incenti",OTHER,OK — FAQ question / URL / label / state-program / no-credit statement / incidental
content/heat-pumps/heat-pump-vs-ac.mdx,258,A heat pump is generally the better choice in Florida. The climate is warm enough that the heat pump operates at high efficiency year-round (COP 3.5+ for the mild heating season). It eliminates the need for a separate heating system and saves on operating costs. (Note: the federal Section 25C credit,OTHER,OK — FAQ question / URL / label / state-program / no-credit statement / incidental
content/heat-pumps/best-mini-split-heat-pumps.mdx,67,"[""MRCOOL Universal"", ""23.0"", ""10.5"", ""0 °F"", ""30 dB"", ""$2,000–$2,800*"", ""DIY + smart home""],",OTHER,OK — FAQ question / URL / label / state-program / no-credit statement / incidental
content/heat-pumps/best-mini-split-heat-pumps.mdx,265,"[""Single-zone 12K (wall mount)"", ""$1,200–$3,500"", ""$1,500–$2,500"", ""$2,700–$6,000""],",OTHER,OK — FAQ question / URL / label / state-program / no-credit statement / incidental
content/heat-pumps/best-mini-split-heat-pumps.mdx,270,"[""DIY single-zone 12K"", ""$1,400–$2,000"", ""$0 (self-install)"", ""$1,400–$2,000""],",OTHER,OK — FAQ question / URL / label / state-program / no-credit statement / incidental
content/heat-pumps/best-mini-split-heat-pumps.mdx,281,"The **Mitsubishi MSZ-RW Hyper-Heat** is the best overall mini split for 2026 — unmatched efficiency, cold-weather performance, and whisper-quiet operation. The **MrCool DIY 4th Gen** is the best budget option at under $2,000 total cost with DIY installation. The **Fujitsu XLTH** is the best choice f",OTHER,OK — FAQ question / URL / label / state-program / no-credit statement / incidental
content/heat-pumps/best-mini-split-heat-pumps.mdx,286,"A single-zone mini split costs $2,700–$6,000 installed, depending on brand and capacity. A 4-zone multi-split system costs $12,000–$19,000. DIY models like MrCool start at $1,400–$2,000 for equipment with self-installation. Costs vary by region — expect 10–20% higher in high-cost-of-living areas lik",OTHER,OK — FAQ question / URL / label / state-program / no-credit statement / incidental
content/heat-pumps/best-mini-split-heat-pumps.mdx,313,"<FAQ.Item question=""Do mini splits qualify for tax credits in 2026?"">",OTHER,OK — FAQ question / URL / label / state-program / no-credit statement / incidental
content/heat-pumps/best-mini-split-heat-pumps.mdx,314,"The federal Section 25C credit (which covered 30% up to $2,000 for qualifying mini splits) expired for property placed in service after Dec 31, 2025 under the OBBBA. The pre-expiration thresholds were SEER2 ≥ 18 and HSPF2 ≥ 9.5 for ductless systems, which all eight models in our top picks meet. For ",OTHER,OK — FAQ question / URL / label / state-program / no-credit statement / incidental
content/heat-pumps/best-mini-split-heat-pumps.mdx,318,"Mini splits are better in nearly every way: 2–3× more efficient (SEER2 20+ vs 10–14 for window units), dramatically quieter (19–32 dB vs 50–65 dB), they provide both heating and cooling, they don't block your window, and they last 15–20 years versus 5–10 for a window AC. The only advantage of window",OTHER,OK — FAQ question / URL / label / state-program / no-credit statement / incidental
content/heat-pumps/best-mini-split-heat-pumps.mdx,334,- [IRS — 25C Energy Efficient Home Improvement Credit](https://www.irs.gov/credits-deductions/energy-efficient-home-improvement-credit),OTHER,OK — FAQ question / URL / label / state-program / no-credit statement / incidental
content/heat-pumps/air-source-vs-ground-source-heat-pump.mdx,45,- [Tax Credits and Incentives](#tax-credits),OTHER,OK — FAQ question / URL / label / state-program / no-credit statement / incidental
content/heat-pumps/air-source-vs-ground-source-heat-pump.mdx,58,"[""After federal tax credits"", ""$3,800–$8,000"", ""$12,600–$24,500""],",OTHER,OK — FAQ question / URL / label / state-program / no-credit statement / incidental
content/heat-pumps/air-source-vs-ground-source-heat-pump.mdx,63,"[""Annual savings vs gas*"", ""$200–$600"", ""$560–$1,000""],",OTHER,OK — FAQ question / URL / label / state-program / no-credit statement / incidental
content/heat-pumps/air-source-vs-ground-source-heat-pump.mdx,121,"[""Federal tax credit (2026)"", ""$0 (25C EXPIRED Dec 31, 2025)"", ""$0 (25C EXPIRED Dec 31, 2025)"", ""$0 (25D EXPIRED Dec 31, 2025)""],",EXPIRED_FRAMED,OK — explicit past-tense / OBBBA-expired / negative-eligibility sentence
content/heat-pumps/air-source-vs-ground-source-heat-pump.mdx,135,"**Real-World Example — Boise, ID (Zone 5):** The Chen family compared quotes for a 3-ton system. Air-source (Bosch IDS 2.0): $8,400 installed ($6,400 after 25C credit). Geothermal (ClimateMaster Tranquility): $26,000 installed ($18,200 after 25D credit). Annual operating cost difference: $350/year i",PRICING_RANGE_NOT_A_CREDIT,"OK — pricing range / savings amount, no credit-claim verb"
content/heat-pumps/air-source-vs-ground-source-heat-pump.mdx,181,## Tax Credits and Incentives,OTHER,OK — FAQ question / URL / label / state-program / no-credit statement / incidental
content/heat-pumps/air-source-vs-ground-source-heat-pump.mdx,184,"title=""Federal Tax Credit Comparison (EXPIRED for installs after Dec 31, 2025)""",EXPIRED_FRAMED,OK — explicit past-tense / OBBBA-expired / negative-eligibility sentence
content/heat-pumps/air-source-vs-ground-source-heat-pump.mdx,185,"headers={[""Feature"", ""Air-Source (25C — EXPIRED)"", ""Ground-Source (25D — EXPIRED)""]}",EXPIRED_FRAMED,OK — explicit past-tense / OBBBA-expired / negative-eligibility sentence
content/heat-pumps/air-source-vs-ground-source-heat-pump.mdx,188,"[""Pre-expiration maximum"", ""$2,000/year"", ""No cap""],",EXPIRED_FRAMED,OK — explicit past-tense / OBBBA-expired / negative-eligibility sentence
content/heat-pumps/air-source-vs-ground-source-heat-pump.mdx,189,"[""$30,000 system credit (pre-2026)"", ""$2,000"", ""$9,000""],",OTHER,OK — FAQ question / URL / label / state-program / no-credit statement / incidental
content/heat-pumps/air-source-vs-ground-source-heat-pump.mdx,196,"Both Section 25C (air-source) and Section 25D (ground-source) credits expired for property placed in service after Dec 31, 2025 under the OBBBA (PL 119-21, signed July 4, 2025). 25D allows carryforward of an unused pre-2026 credit; 25C does not. For 2026 installs, state and utility rebates plus IRA ",OTHER,OK — FAQ question / URL / label / state-program / no-credit statement / incidental
content/heat-pumps/air-source-vs-ground-source-heat-pump.mdx,198,"The uncapped 25D credit **was a major financial advantage for geothermal through Dec 31, 2025** — a $30,000 geothermal system earned a $9,000 credit, while a $10,000 air-source system was capped at $2,000. Both 25C and 25D **expired for property placed in service after Dec 31, 2025** under the OBBBA",EXPIRED_FRAMED,OK — explicit past-tense / OBBBA-expired / negative-eligibility sentence
content/heat-pumps/air-source-vs-ground-source-heat-pump.mdx,203,"Air-source heat pumps cost **$5,800–$10,000** installed; ground-source costs **$18,000–$35,000**. After tax credits, the gap narrows to roughly **$3,800–$8,000 vs. $12,600–$24,500**. Ground-source operates at **COP 3.5–5.0 year-round**, unaffected by outdoor temperature — a huge advantage in zones 5",OTHER,OK — FAQ question / URL / label / state-program / no-credit statement / incidental
content/heat-pumps/air-source-vs-ground-source-heat-pump.mdx,227,"<FAQ.Item question=""What's the geothermal tax credit for 2026?"">",OTHER,OK — FAQ question / URL / label / state-program / no-credit statement / incidental
content/heat-pumps/air-source-vs-ground-source-heat-pump.mdx,228,"The federal Section 25D Residential Clean Energy Credit (30% of total installed cost, no cap, for qualifying geothermal heat pumps) **expired for property placed in service after Dec 31, 2025** under the OBBBA (PL 119-21, signed July 4, 2025). For a 2025 install of a $30,000 geothermal system, the c",OTHER,OK — FAQ question / URL / label / state-program / no-credit statement / incidental
content/heat-pumps/air-source-vs-ground-source-heat-pump.mdx,244,"For new construction, geothermal deserves serious consideration. Ground loop installation costs are 30–40% lower when the site is already being excavated. The 30% uncapped tax credit (25D) significantly reduces the cost gap. You'll benefit from the system's full 50+ year loop lifespan. If your budge",OTHER,OK — FAQ question / URL / label / state-program / no-credit statement / incidental
content/heat-pumps/air-source-vs-ground-source-heat-pump.mdx,252,- [IRS — Residential Clean Energy Credit (25D)](https://www.irs.gov/credits-deductions/residential-clean-energy-credit),OTHER,OK — FAQ question / URL / label / state-program / no-credit statement / incidental
content/heat-pumps/heat-pump-tax-credits-2026.mdx,3,"title: ""Heat Pump Tax Credits & Rebates 2026: What Changed After Section 25C Expired""",OTHER,OK — FAQ question / URL / label / state-program / no-credit statement / incidental
content/heat-pumps/heat-pump-tax-credits-2026.mdx,4,"description: ""The federal Section 25C heat pump tax credit expired for installs after Dec 31, 2025 (OBBBA, signed July 4, 2025). 2026 installs are not eligible. Active 2026 federal pathways are HOMES and HEAR/HEEHRA rebates; state and utility rebates still stack.""",OTHER,OK — FAQ question / URL / label / state-program / no-credit statement / incidental
content/heat-pumps/heat-pump-tax-credits-2026.mdx,21,"- label: ""IRS — Section 25C Credit""",OTHER,OK — FAQ question / URL / label / state-program / no-credit statement / incidental
content/heat-pumps/heat-pump-tax-credits-2026.mdx,25,"- label: ""ENERGY STAR Tax Credit Info""",OTHER,OK — FAQ question / URL / label / state-program / no-credit statement / incidental
content/heat-pumps/heat-pump-tax-credits-2026.mdx,26,"url: ""https://www.energystar.gov/about/federal-tax-credits""",OTHER,OK — FAQ question / URL / label / state-program / no-credit statement / incidental
content/heat-pumps/heat-pump-tax-credits-2026.mdx,31,# Heat Pump Tax Credits & Rebates 2026: What Changed After Section 25C Expired,OTHER,OK — FAQ question / URL / label / state-program / no-credit statement / incidental
content/heat-pumps/heat-pump-tax-credits-2026.mdx,33,"**The federal Section 25C Energy Efficient Home Improvement Credit applies only to equipment placed in service on or before December 31, 2025.** It was terminated by the **One Big Beautiful Bill Act (OBBBA, Public Law 119-21, signed July 4, 2025)** for any equipment placed in service after that date",EXPIRED_FRAMED,OK — explicit past-tense / OBBBA-expired / negative-eligibility sentence
content/heat-pumps/heat-pump-tax-credits-2026.mdx,39,"(Sources: IRS Energy Efficient Home Improvement Credit page; IRS OBBB FAQ; ENERGY STAR federal tax credits page; Congress.gov CRS IN12611. **Section 25D (Residential Clean Energy Credit) — covering geothermal heat pumps, solar, and batteries — was also terminated by OBBBA** for property placed in se",EXPIRED_FRAMED,OK — explicit past-tense / OBBBA-expired / negative-eligibility sentence
content/heat-pumps/heat-pump-tax-credits-2026.mdx,46,- [Geothermal (Section 25D) — Status Pending Verification](#geothermal-25d),OTHER,OK — FAQ question / URL / label / state-program / no-credit statement / incidental
content/heat-pumps/heat-pump-tax-credits-2026.mdx,47,- [How to Claim 25C on a 2025 Install](#how-to-claim),HISTORICAL_2025_DATED,OK — 2025-dated example or dedicated-25C-explainer reference
content/heat-pumps/heat-pump-tax-credits-2026.mdx,54,"The Section 25C credit was originally extended through 2032 by the Inflation Reduction Act of 2022 (IRA), at a 30% rate capped at $2,000 for heat pumps. The OBBBA, signed by the President on **July 4, 2025**, accelerated the termination of Section 25C to **December 31, 2025**.",EXPIRED_FRAMED,OK — explicit past-tense / OBBBA-expired / negative-eligibility sentence
content/heat-pumps/heat-pump-tax-credits-2026.mdx,58,"- Heat pumps **placed in service after Dec 31, 2025** are **not** eligible for any federal 25C credit, regardless of when the equipment was purchased.",EXPIRED_FRAMED,OK — explicit past-tense / OBBBA-expired / negative-eligibility sentence
content/heat-pumps/heat-pump-tax-credits-2026.mdx,66,"- **Credit amount:** 30% of total installed cost (equipment + labor), capped at **$2,000** for heat pumps.",HISTORICAL_2025_DATED,OK — 2025-dated example or dedicated-25C-explainer reference
content/heat-pumps/heat-pump-tax-credits-2026.mdx,67,"- **Annual, not lifetime cap.** If you installed a heat pump in 2024 and another in 2025, you can claim up to $2,000 each year on the respective returns.",EXPIRED_FRAMED,OK — explicit past-tense / OBBBA-expired / negative-eligibility sentence
content/heat-pumps/heat-pump-tax-credits-2026.mdx,76,The IRA established two rebate programs separately from the 25C tax credit. These were **separately appropriated** and **survived the OBBBA**. They continue to roll out state by state in 2026.,OTHER,OK — FAQ question / URL / label / state-program / no-credit statement / incidental
content/heat-pumps/heat-pump-tax-credits-2026.mdx,85,"[""Moderate income"", ""80–150% of AMI"", ""Up to $4,000"", ""Up to $2,000"", ""$6,000+""],",OTHER,OK — FAQ question / URL / label / state-program / no-credit statement / incidental
content/heat-pumps/heat-pump-tax-credits-2026.mdx,104,"[""Maine (Efficiency Maine)"", ""$2,000–$4,000"", ""ENERGY STAR certified"", ""Check program rules""],",OTHER,OK — FAQ question / URL / label / state-program / no-credit statement / incidental
content/heat-pumps/heat-pump-tax-credits-2026.mdx,105,"[""Vermont (Efficiency Vermont)"", ""$2,000–$4,500"", ""Cold-climate ASHP"", ""Check program rules""],",OTHER,OK — FAQ question / URL / label / state-program / no-credit statement / incidental
content/heat-pumps/heat-pump-tax-credits-2026.mdx,121,## Geothermal (Section 25D) — Status Pending Verification,OTHER,OK — FAQ question / URL / label / state-program / no-credit statement / incidental
content/heat-pumps/heat-pump-tax-credits-2026.mdx,123,"Section 25D (Residential Clean Energy Credit) historically covered geothermal heat pumps, solar, and batteries at 30% of total installed cost with no cap, with carryforward of unused credit. **OBBBA terminated 25D for property placed in service after December 31, 2025** — same expiration as 25C, wit",OTHER,OK — FAQ question / URL / label / state-program / no-credit statement / incidental
content/heat-pumps/heat-pump-tax-credits-2026.mdx,125,## How to Claim 25C on a 2025 Install,OTHER,OK — FAQ question / URL / label / state-program / no-credit statement / incidental
content/heat-pumps/heat-pump-tax-credits-2026.mdx,131,**Step 2: Obtain the Manufacturer Certification Statement** and the 17-character **Product Identification Number (PIN)**. These are required for 2025 25C claims. Check the manufacturer's website or ask your contractor.,HISTORICAL_2025_DATED,OK — 2025-dated example or dedicated-25C-explainer reference
content/heat-pumps/heat-pump-tax-credits-2026.mdx,133,"**Step 3: File IRS Form 5695 (2025 version).** Complete Part II (Residential Energy Credits). Enter the total qualifying costs, calculate 30%, and apply the $2,000 cap.",HISTORICAL_2025_DATED,OK — 2025-dated example or dedicated-25C-explainer reference
content/heat-pumps/heat-pump-tax-credits-2026.mdx,139,"**Assuming the 25C credit is available for a 2026 install.** It is not — the credit terminated for installs after Dec 31, 2025. Don't budget around it; budget around state/utility/HOMES/HEAR rebates instead.",OTHER,OK — FAQ question / URL / label / state-program / no-credit statement / incidental
content/heat-pumps/heat-pump-tax-credits-2026.mdx,141,**Installing a unit that doesn't meet CEE requirements (for 2025 claims).** A heat pump with SEER2 15.5 (just below the 16.0 threshold) saves you nothing on the tax credit. Always confirm the exact model meets the CEE tier on the manufacturer's certification.,EXPIRED_FRAMED,OK — explicit past-tense / OBBBA-expired / negative-eligibility sentence
content/heat-pumps/heat-pump-tax-credits-2026.mdx,143,"**Forgetting to claim on a 2024 or 2025 install.** If you installed a heat pump in 2024 or 2025 and didn't claim the 25C credit, you can typically file an amended return (IRS Form 1040-X) for the year of installation.",HISTORICAL_2025_DATED,OK — 2025-dated example or dedicated-25C-explainer reference
content/heat-pumps/heat-pump-tax-credits-2026.mdx,152,"- **The federal Section 25C heat pump tax credit expired** for equipment placed in service after Dec 31, 2025 (OBBBA, Public Law 119-21, signed July 4, 2025).",EXPIRED_FRAMED,OK — explicit past-tense / OBBBA-expired / negative-eligibility sentence
content/heat-pumps/heat-pump-tax-credits-2026.mdx,153,- **Heat pumps installed in 2026 do not qualify** for the federal 25C credit.,OTHER,OK — FAQ question / URL / label / state-program / no-credit statement / incidental
content/heat-pumps/heat-pump-tax-credits-2026.mdx,157,"- **Section 25D (geothermal/solar/batteries)** expired for property placed in service after Dec 31, 2025 (OBBBA). Carryforward of unused pre-2026 credit still allowed. (Source: IRS 25D page.)",EXPIRED_FRAMED,OK — explicit past-tense / OBBBA-expired / negative-eligibility sentence
content/heat-pumps/heat-pump-tax-credits-2026.mdx,161,"<FAQ.Item question=""Is the federal heat pump tax credit available in 2026?"">",OTHER,OK — FAQ question / URL / label / state-program / no-credit statement / incidental
content/heat-pumps/heat-pump-tax-credits-2026.mdx,162,"No. The Section 25C Energy Efficient Home Improvement Credit terminated for equipment placed in service after December 31, 2025, under the One Big Beautiful Bill Act (OBBBA), signed July 4, 2025. Heat pumps installed in 2026 are not eligible for the federal 25C credit.",EXPIRED_FRAMED,OK — explicit past-tense / OBBBA-expired / negative-eligibility sentence
content/heat-pumps/heat-pump-tax-credits-2026.mdx,174,"The IRS uses the ""placed in service"" date as the controlling event. Equipment that was not operational by December 31, 2025 does not qualify for the 25C credit, even if it was purchased or partially installed in 2025. Talk to a tax professional for borderline cases.",HISTORICAL_2025_DATED,OK — 2025-dated example or dedicated-25C-explainer reference
content/heat-pumps/heat-pump-tax-credits-2026.mdx,178,"In principle yes, where the program rules allow stacking. For installs through Dec 31, 2025, the 25C credit applied only to the portion of the cost not covered by HEAR (so a $9,000 install minus $4,000 HEAR = $5,000 remaining, with 30% of that as the 25C credit = $1,500). For 2026 installs, only HEA",OTHER,OK — FAQ question / URL / label / state-program / no-credit statement / incidental
content/heat-pumps/heat-pump-tax-credits-2026.mdx,181,"<FAQ.Item question=""What about Section 25D for geothermal?"">",OTHER,OK — FAQ question / URL / label / state-program / no-credit statement / incidental
content/heat-pumps/heat-pump-tax-credits-2026.mdx,182,"Section 25D (Residential Clean Energy Credit) historically covered geothermal heat pumps, solar, and batteries at 30% of total installed cost with no cap, originally authorized through 2032. **OBBBA terminated 25D for property placed in service after December 31, 2025** — same expiration date and ""p",EXPIRED_FRAMED,OK — explicit past-tense / OBBBA-expired / negative-eligibility sentence
content/heat-pumps/heat-pump-tax-credits-2026.mdx,190,"Yes. If you installed a qualifying heat pump in 2024 or 2025 and didn't claim the 25C credit, you can typically file an amended return (IRS Form 1040-X) for the year of installation, within the standard amended-return window (generally three years from the original filing deadline). Consult a tax pr",EXPIRED_FRAMED,OK — explicit past-tense / OBBBA-expired / negative-eligibility sentence
content/heat-pumps/heat-pump-tax-credits-2026.mdx,193,"<FAQ.Item question=""When does the federal heat pump tax credit return?"">",OTHER,OK — FAQ question / URL / label / state-program / no-credit statement / incidental
content/heat-pumps/heat-pump-tax-credits-2026.mdx,194,"There is no current federal legislation reinstating Section 25C. The OBBBA terminated it for installs after Dec 31, 2025. Future tax credits would require new legislation; we don't recommend planning a 2026 install around a hypothetical future credit.",OTHER,OK — FAQ question / URL / label / state-program / no-credit statement / incidental
content/heat-pumps/heat-pump-tax-credits-2026.mdx,199,- [IRS — Energy Efficient Home Improvement Credit (Section 25C)](https://www.irs.gov/credits-deductions/energy-efficient-home-improvement-credit),OTHER,OK — FAQ question / URL / label / state-program / no-credit statement / incidental
content/heat-pumps/heat-pump-tax-credits-2026.mdx,201,- [IRS — Residential Clean Energy Credit (Section 25D)](https://www.irs.gov/credits-deductions/residential-clean-energy-credit),OTHER,OK — FAQ question / URL / label / state-program / no-credit statement / incidental
content/heat-pumps/heat-pump-tax-credits-2026.mdx,203,- [ENERGY STAR — Federal Tax Credits for Energy Efficiency](https://www.energystar.gov/about/federal-tax-credits),OTHER,OK — FAQ question / URL / label / state-program / no-credit statement / incidental
content/heat-pumps/disadvantages-of-heat-pumps.mdx,91,"[""Gas Furnace + AC (mid-range)"", ""$2,500–$3,800"", ""$2,000–$3,000"", ""$4,500–$6,800"", ""−$1,700 to −$2,700""],",OTHER,OK — FAQ question / URL / label / state-program / no-credit statement / incidental
content/heat-pumps/disadvantages-of-heat-pumps.mdx,97,"**How significant is this?** Through Dec 31, 2025, the federal 25C credit covered up to $2,000 and state rebates added $1,000–$16,000, often making the heat pump the same price or cheaper than a furnace + AC. For 2026 installs the 25C credit has expired (OBBBA), but the IRA HEAR (income-qualified, u",OTHER,OK — FAQ question / URL / label / state-program / no-credit statement / incidental
content/heat-pumps/disadvantages-of-heat-pumps.mdx,99,"**The workaround:** Stack state and utility incentives plus IRA HEAR / HOMES. The pre-OBBBA stack — a $9,000 heat pump with a $2,000 federal 25C credit and a $3,000 state rebate, costing $4,000 out of pocket — illustrates what was possible through 2025. The 2026 stack drops the 25C piece but typical",OTHER,OK — FAQ question / URL / label / state-program / no-credit statement / incidental
content/heat-pumps/disadvantages-of-heat-pumps.mdx,113,"[""Trenching for new service"", ""$500–$2,000"", ""If utility line needs relocation""],",OTHER,OK — FAQ question / URL / label / state-program / no-credit statement / incidental
content/heat-pumps/disadvantages-of-heat-pumps.mdx,218,"**You heat with oil, propane, or electric resistance.** The operating cost savings are dramatic — $1,000–$2,000/year versus oil or propane. The heat pump pays for itself in 3–5 years, even without incentives.",OTHER,OK — FAQ question / URL / label / state-program / no-credit statement / incidental
content/heat-pumps/disadvantages-of-heat-pumps.mdx,229,"Heat pumps have eight genuine disadvantages, but most have effective workarounds. The **biggest concern is cold-weather efficiency loss**, which cold-climate models and dual-fuel setups largely solve. **Higher upfront cost** is offset by federal and state incentives that can reduce out-of-pocket cos",PRICING_RANGE_NOT_A_CREDIT,"OK — pricing range / savings amount, no credit-claim verb"
content/heat-pumps/disadvantages-of-heat-pumps.mdx,250,"Heat pumps work in old houses, but the savings depend heavily on insulation and air sealing. A poorly insulated old house has a much larger heating load, which means the heat pump runs longer and harder. Before installing a heat pump in a pre-1970 home, invest $2,000–$5,000 in insulation upgrades an",OTHER,OK — FAQ question / URL / label / state-program / no-credit statement / incidental
content/heat-pumps/disadvantages-of-heat-pumps.mdx,281,- [IRS — Energy Efficient Home Improvement Credit (25C)](https://www.irs.gov/credits-deductions/energy-efficient-home-improvement-credit),OTHER,OK — FAQ question / URL / label / state-program / no-credit statement / incidental
content/heat-pumps/heat-pump-running-cost-calculator.mdx,151,"For oil and propane users, the heat pump typically pays for itself in 3–5 years — before accounting for any tax credits or rebates.",OTHER,OK — FAQ question / URL / label / state-program / no-credit statement / incidental
content/heat-pumps/heat-pump-running-cost-calculator.mdx,215,"The average heat pump costs **$80–$160/month** or **$960–$1,920/year** to run for combined heating and cooling. Climate zone is the biggest cost factor — zone 1 averages $41/month while zone 7 averages $104/month. Heat pumps beat gas furnace + AC on total running cost in **about 85% of U.S. markets*",OTHER,OK — FAQ question / URL / label / state-program / no-credit statement / incidental
content/heat-pumps/heat-pump-running-cost-calculator.mdx,236,"In most U.S. markets (about 85%), yes. At the national average rates of $0.14/kWh electricity and $1.30/therm gas, a heat pump saves $400–$600 per year versus a gas furnace + AC. The heat pump loses only when electricity exceeds $0.20/kWh and gas is below $1.00/therm simultaneously.",OTHER,OK — FAQ question / URL / label / state-program / no-credit statement / incidental
content/heat-pumps/heat-pump-running-cost-calculator.mdx,244,Yes — dramatically. A heat pump uses 60–75% less electricity than baseboard heaters to produce the same amount of heat. Baseboard heaters have a COP of 1.0 (one unit of heat per unit of electricity). A heat pump has a COP of 2.5–4.5 (2.5–4.5 units of heat per unit of electricity). Switching from bas,OTHER,OK — FAQ question / URL / label / state-program / no-credit statement / incidental
content/heat-pumps/heat-pump-running-cost-calculator.mdx,252,"A properly sized solar array (6–10 kW) can produce enough annual electricity to offset 100% of a heat pump's consumption. With net metering, excess summer production credits offset winter usage. The net annual heat pump running cost with solar can be $0 or close to it. Combined with the 30% solar ta",OTHER,OK — FAQ question / URL / label / state-program / no-credit statement / incidental
content/heat-pumps/heat-pump-cost-to-install.mdx,25,"- label: ""IRS 25C Tax Credit""",OTHER,OK — FAQ question / URL / label / state-program / no-credit statement / incidental
content/heat-pumps/heat-pump-cost-to-install.mdx,33,"The average heat pump installation costs $5,800–$10,000 in 2026 for a 3-ton ducted air-source system, including equipment and professional labor. (Note: the federal Section 25C credit — which covered up to $2,000 for qualifying heat pumps — expired for property placed in service after Dec 31, 2025 u",OTHER,OK — FAQ question / URL / label / state-program / no-credit statement / incidental
content/heat-pumps/heat-pump-cost-to-install.mdx,45,- [Tax Credits and Rebates That Lower Your Cost](#tax-credits-rebates),OTHER,OK — FAQ question / URL / label / state-program / no-credit statement / incidental
content/heat-pumps/heat-pump-cost-to-install.mdx,67,"*State/utility rebate column shows typical post-rebate cost for 2026 installs using state/utility programs only. Income-qualified households can also stack IRA HEAR (up to $8,000 for heat pumps) for substantially lower net cost. The federal Section 25C credit ($2,000) is no longer in this stack — it",OTHER,OK — FAQ question / URL / label / state-program / no-credit statement / incidental
content/heat-pumps/heat-pump-cost-to-install.mdx,69,"**Geothermal previously qualified for the Section 25D 30% (no-cap) credit; that credit also expired for installs after Dec 31, 2025 under the OBBBA. 25D allows carryforward of an unused pre-2026 credit (25C does not). Geothermal-specific state rebates and IRA HOMES remain the active 2026 pathways.**",OTHER,OK — FAQ question / URL / label / state-program / no-credit statement / incidental
content/heat-pumps/heat-pump-cost-to-install.mdx,77,"**Standard efficiency (SEER2 15–17, HSPF2 8–9):** These meet federal minimums and ENERGY STAR thresholds but don't qualify for the maximum tax credits. Total installed cost: $4,500–$8,000.",OTHER,OK — FAQ question / URL / label / state-program / no-credit statement / incidental
content/heat-pumps/heat-pump-cost-to-install.mdx,79,"**High efficiency (SEER2 18–22, HSPF2 9.5–11+):** Through Dec 31, 2025, these qualified for the full $2,000 federal 25C tax credit; for 2026 installs the 25C credit has expired (OBBBA), but most state and utility rebate programs (and IRA HEAR / HOMES) still use SEER2 18+ / HSPF2 9.5+ as eligibility ",OTHER,OK — FAQ question / URL / label / state-program / no-credit statement / incidental
content/heat-pumps/heat-pump-cost-to-install.mdx,91,"[""Single zone (9K–12K BTU)"", ""$1,200–$3,500"", ""$1,500–$2,500"", ""$2,700–$6,000""],",OTHER,OK — FAQ question / URL / label / state-program / no-credit statement / incidental
content/heat-pumps/heat-pump-cost-to-install.mdx,160,"[""Set outdoor unit"", ""$300–$600"", ""1–2 hours"", ""Pad, mounting, vibration isolators""],",OTHER,OK — FAQ question / URL / label / state-program / no-credit statement / incidental
content/heat-pumps/heat-pump-cost-to-install.mdx,161,"[""Install air handler / coil"", ""$500–$1,200"", ""2–4 hours"", ""Includes refrigerant piping""],",OTHER,OK — FAQ question / URL / label / state-program / no-credit statement / incidental
content/heat-pumps/heat-pump-cost-to-install.mdx,167,"[""Ductwork modification"", ""$0–$2,000"", ""0–4 hours"", ""If existing ducts need adjustment""],",OTHER,OK — FAQ question / URL / label / state-program / no-credit statement / incidental
content/heat-pumps/heat-pump-cost-to-install.mdx,177,"**New ductwork:** If your home lacks ducts or the existing ductwork is severely deteriorated, new ducts cost $2,000–$5,000 for a single-story and $4,000–$8,000 for a multi-story home.",OTHER,OK — FAQ question / URL / label / state-program / no-credit statement / incidental
content/heat-pumps/heat-pump-cost-to-install.mdx,188,"**Real-World Example — Suburban Chicago, IL:** The Park family's 2,400 sq ft colonial needed a 3.5-ton system installed in **2025**. Their base quote was $9,200 (Bosch IDS 2.0, SEER2 18.5). Additions: electrical panel upgrade from 100A to 200A ($2,800), ductwork modifications to improve airflow ($1,",OTHER,OK — FAQ question / URL / label / state-program / no-credit statement / incidental
content/heat-pumps/heat-pump-cost-to-install.mdx,209,## Tax Credits and Rebates That Lower Your Cost,OTHER,OK — FAQ question / URL / label / state-program / no-credit statement / incidental
content/heat-pumps/heat-pump-cost-to-install.mdx,213,"**Federal Section 25C Tax Credit — EXPIRED for installs after Dec 31, 2025.** The credit (30% of total project cost up to $2,000 per year for qualifying heat pumps: SEER2 ≥ 16, HSPF2 ≥ 9.0 for ducted; SEER2 ≥ 18, HSPF2 ≥ 9.5 for ductless) expired under the OBBBA (PL 119-21, signed July 4, 2025). 25C",EXPIRED_FRAMED,OK — explicit past-tense / OBBBA-expired / negative-eligibility sentence
content/heat-pumps/heat-pump-cost-to-install.mdx,215,"**Federal Section 25D Tax Credit (Geothermal) — also EXPIRED Dec 31, 2025.** The 30% (no-cap) credit for geothermal heat pumps expired under the same OBBBA repeal. Carryforward of an unused pre-2026 25D credit IS allowed (unlike 25C).",EXPIRED_FRAMED,OK — explicit past-tense / OBBBA-expired / negative-eligibility sentence
content/heat-pumps/heat-pump-cost-to-install.mdx,221,"**State + Utility Rebates:** Range from $500 to $16,000 depending on your state and utility. See our complete [tax credits and rebates guide](/heat-pump-tax-credits-2026/). (Sources: IRS OBBB FAQ; Congress.gov CRS IN12611.)",OTHER,OK — FAQ question / URL / label / state-program / no-credit statement / incidental
content/heat-pumps/heat-pump-cost-to-install.mdx,224,"title=""Example 2026 After-Incentive Costs (3-ton Ducted, $9,000 Base — Federal 25C EXPIRED Dec 31, 2025)""",EXPIRED_FRAMED,OK — explicit past-tense / OBBBA-expired / negative-eligibility sentence
content/heat-pumps/heat-pump-cost-to-install.mdx,225,"headers={[""Scenario"", ""Base Cost"", ""Federal 25C Credit"", ""State/Utility Rebate"", ""IRA HEAR (income-qualified)"", ""Net Cost""]}",OTHER,OK — FAQ question / URL / label / state-program / no-credit statement / incidental
content/heat-pumps/heat-pump-cost-to-install.mdx,235,"*Negative net cost means the incentives exceed the project cost. Some programs cap the total rebate at the project cost; check your specific program rules. The federal Section 25C credit (which previously covered up to $2,000 of qualifying heat pump installs) expired for property placed in service a",EXPIRED_FRAMED,OK — explicit past-tense / OBBBA-expired / negative-eligibility sentence
content/heat-pumps/heat-pump-cost-to-install.mdx,247,"**Stack every 2026 incentive.** State rebate + utility rebate + IRA HEAR (income-qualified, up to $8,000 for heat pumps) or HOMES (performance-based) + manufacturer rebate can typically be combined. The federal Section 25C credit that previously added another $2,000 expired Dec 31, 2025 under the OB",OTHER,OK — FAQ question / URL / label / state-program / no-credit statement / incidental
content/heat-pumps/heat-pump-cost-to-install.mdx,254,"**Example 1 — Atlanta, GA (Zone 3) — 2026 install:** 1,600 sq ft ranch, existing ductwork in good condition. System: Goodman GSZC18 (3-ton, SEER2 18, HSPF2 9.5). Quotes: $5,800 / $6,900 / $8,200. Chose $6,900 middle quote. Georgia Power rebate: −$750. **Net cost: $6,150.** Federal 25C credit (which ",EXPIRED_FRAMED,OK — explicit past-tense / OBBBA-expired / negative-eligibility sentence
content/heat-pumps/heat-pump-cost-to-install.mdx,258,"**Example 2 — Portland, OR (Zone 4) — 2026 install:** 2,200 sq ft two-story, needed duct sealing and a 200A panel upgrade. System: Daikin Fit DZ18TC (3.5-ton, SEER2 18). Base quote: $9,800. Panel upgrade: $3,200. Duct sealing: $800. Total: $13,800. Energy Trust of Oregon: −$2,500. Portland GE rebate",OTHER,OK — FAQ question / URL / label / state-program / no-credit statement / incidental
content/heat-pumps/heat-pump-cost-to-install.mdx,262,"**Example 3 — Phoenix, AZ (Zone 2) — 2026 install:** 1,900 sq ft single-story, straightforward replacement. System: Rheem RP20 (3-ton, SEER2 20). Total installed: $7,100. SRP utility rebate: −$800. **Net cost: $6,300.** Federal 25C credit ($2,000) expired Dec 31, 2025 (OBBBA); income-qualified house",OTHER,OK — FAQ question / URL / label / state-program / no-credit statement / incidental
content/heat-pumps/heat-pump-cost-to-install.mdx,266,"**Example 4 — Burlington, VT (Zone 6) — 2026 install:** 1,400 sq ft cape, no existing ductwork, chose ductless mini splits. System: 3-zone Mitsubishi Hyper-Heat. Total installed: $14,200. Efficiency Vermont rebate: −$3,000. **Net cost: $11,200.** Federal 25C credit ($2,000) expired Dec 31, 2025 (OBB",OTHER,OK — FAQ question / URL / label / state-program / no-credit statement / incidental
content/heat-pumps/heat-pump-cost-to-install.mdx,272,"A ducted air-source heat pump costs **$5,800–$10,000 installed** in 2026 for a 3-ton system. The federal Section 25C credit (which covered up to $2,000) **expired for installs after Dec 31, 2025** under the OBBBA, so it no longer offsets 2026 cost. State and utility rebates ($500–$16,000) plus IRA H",OTHER,OK — FAQ question / URL / label / state-program / no-credit statement / incidental
content/heat-pumps/heat-pump-cost-to-install.mdx,277,"A ducted air-source heat pump costs $5,800–$10,000 installed for a 3-ton system. A single-zone mini split costs $2,700–$5,800. A geothermal system costs $18,000–$35,000. Both the federal Section 25C credit (covered up to $2,000 for air-source heat pumps) and Section 25D credit (30% uncapped for geot",OTHER,OK — FAQ question / URL / label / state-program / no-credit statement / incidental
content/heat-pumps/heat-pump-cost-to-install.mdx,281,"A gas furnace + AC combo costs $4,500–$6,500 installed, versus $5,800–$10,000 for a heat pump. The federal 25C credit (which covered up to $2,000 for qualifying heat pumps) expired for installs after Dec 31, 2025, so it no longer helps close that gap. State and utility rebates plus IRA HEAR / HOMES ",OTHER,OK — FAQ question / URL / label / state-program / no-credit statement / incidental
content/heat-pumps/heat-pump-cost-to-install.mdx,289,"Not necessarily. If your existing ductwork is in good condition and properly sized, it works fine with a heat pump. However, heat pumps move more air at lower temperatures than furnaces, so ductwork that's undersized or leaky can cause comfort issues. A contractor should inspect your ducts and recom",OTHER,OK — FAQ question / URL / label / state-program / no-credit statement / incidental
content/heat-pumps/heat-pump-cost-to-install.mdx,309,"A geothermal system costs 2–3× more upfront than an air-source heat pump ($18,000–$35,000 vs. $5,800–$10,000). However, it operates at 40–60% higher efficiency. Through Dec 31, 2025, geothermal qualified for the federal Section 25D credit at 30% of total cost with no cap ($5,400–$10,500 credit on th",EXPIRED_FRAMED,OK — explicit past-tense / OBBBA-expired / negative-eligibility sentence
content/heat-pumps/heat-pump-cost-to-install.mdx,320,- [IRS — Energy Efficient Home Improvement Credit (25C)](https://www.irs.gov/credits-deductions/energy-efficient-home-improvement-credit),OTHER,OK — FAQ question / URL / label / state-program / no-credit statement / incidental
content/heat-pumps/best-cold-climate-heat-pumps.mdx,138,"**Real-World Example — Madison, WI (Zone 6):** The Rivera family installed a Bosch IDS 2.0 3-ton with their existing gas furnace in dual-fuel mode. Crossover set at 10 °F. The heat pump handled 78% of winter heating hours. Annual combined cost: $680 electricity + $280 gas = $960. Previous gas-only: ",PRICING_RANGE_NOT_A_CREDIT,"OK — pricing range / savings amount, no credit-claim verb"
content/heat-pumps/best-cold-climate-heat-pumps.mdx,208,"The **Fujitsu XLTH** is the best cold-climate ductless heat pump — up to **13.3 HSPF2 / 33.1 SEER2**, lowest operating temp (−15 °F), R-32 refrigerant, and 95% capacity at 5 °F. The **Mitsubishi SUZ-KA Hyper-Heat** is the best ducted option — 100% capacity at 5 °F with the strongest dealer network. ",OTHER,OK — FAQ question / URL / label / state-program / no-credit statement / incidental
content/heat-pumps/best-cold-climate-heat-pumps.mdx,221,"Cold-climate models cost $2,000–$4,000 more than standard heat pumps of the same capacity. A 3-ton cold-climate ducted system runs $8,000–$13,000 installed versus $5,800–$9,000 for a standard model. The premium is recovered in 1–3 heating seasons through lower backup heat usage and better overall ef",OTHER,OK — FAQ question / URL / label / state-program / no-credit statement / incidental
content/heat-pumps/best-cold-climate-heat-pumps.mdx,228,"<FAQ.Item question=""Do cold-climate heat pumps qualify for tax credits?"">",OTHER,OK — FAQ question / URL / label / state-program / no-credit statement / incidental
content/heat-pumps/best-cold-climate-heat-pumps.mdx,229,"The federal Section 25C credit (which covered up to $2,000 for qualifying heat pumps) expired for property placed in service after Dec 31, 2025 under the OBBBA. All six models in our top picks would have qualified under the pre-expiration rules. For 2026 installs, the active federal pathways are IRA",OTHER,OK — FAQ question / URL / label / state-program / no-credit statement / incidental
content/heat-pumps/heat-pump-in-cold-weather.mdx,135,"[""Cost premium"", ""—"", ""+$2,000–$4,000""],",OTHER,OK — FAQ question / URL / label / state-program / no-credit statement / incidental
content/heat-pumps/heat-pump-in-cold-weather.mdx,141,"**Real-World Example — Duluth, MN (Zone 7):** The Nelson family replaced their propane furnace with a 3-ton Mitsubishi Hyper-Heat ducted system in 2026. During January 2026, with 12 days below 0 °F and a low of −18 °F, the system maintained 70 °F indoors without backup heat. The compressor never shu",OTHER,OK — FAQ question / URL / label / state-program / no-credit statement / incidental
content/heat-pumps/heat-pump-in-cold-weather.mdx,166,"[""Electric resistance strips"", ""5–15 kW strips in air handler"", ""$200–$600"", ""High when active"", ""Zones 4–5, infrequent use only""],",OTHER,OK — FAQ question / URL / label / state-program / no-credit statement / incidental
content/heat-pumps/heat-pump-in-cold-weather.mdx,264,"A cold-climate ducted heat pump costs $8,000–$13,000 installed, about $2,000–$4,000 more than a standard model. Cold-climate mini splits cost $3,500–$6,500 per zone. The federal Section 25C credit (which covered up to $2,000 for qualifying heat pumps) expired for installs after Dec 31, 2025 under th",OTHER,OK — FAQ question / URL / label / state-program / no-credit statement / incidental
content/heat-pumps/heat-pump-electricity-usage.mdx,267,"Yes. A typical 6–8 kW solar array produces 7,000–10,000 kWh per year — enough to cover a heat pump's annual consumption plus a significant portion of your home's other electricity needs. With net metering, excess solar production in summer offsets higher winter usage. (Note: through Dec 31, 2025, th",EXPIRED_FRAMED,OK — explicit past-tense / OBBBA-expired / negative-eligibility sentence
content/heat-pumps/heat-pump-vs-mini-split.mdx,171,"The federal Section 25C credit (which covered up to $2,000 for qualifying heat pump mini splits) expired for installs after Dec 31, 2025 under the OBBBA. For 2026 installs, utility rebates (up to $1,500 in many areas), state programs, and IRA HEAR (income-qualified, up to $8,000) or HOMES (performan",OTHER,OK — FAQ question / URL / label / state-program / no-credit statement / incidental
content/heat-pumps/heat-pump-vs-mini-split.mdx,185,"- SEER2 14: $1,200-$1,400 annually",OTHER,OK — FAQ question / URL / label / state-program / no-credit statement / incidental
content/heat-pumps/heat-pump-vs-mini-split.mdx,202,- SEER2 25: $600-$750 annually,OTHER,OK — FAQ question / URL / label / state-program / no-credit statement / incidental
content/heat-pumps/heat-pump-vs-mini-split.mdx,431,"- Price Range: $2,000-$4,000 per zone",OTHER,OK — FAQ question / URL / label / state-program / no-credit statement / incidental
content/portable-air-conditioners/best-portable-ac-for-apartment.mdx,61,| Price | $520–$600 |,OTHER,OK — FAQ question / URL / label / state-program / no-credit statement / incidental
content/portable-air-conditioners/best-portable-ac-for-apartment.mdx,105,"Buy one high-capacity unit (Midea Duo, $520–$600) and move it between rooms on its casters. Living room during the day, bedroom at night. This saves $300–$400 in equipment cost but requires moving a 62-lb unit daily. The Midea's casters make this manageable on hard floors but challenging on carpet.",OTHER,OK — FAQ question / URL / label / state-program / no-credit statement / incidental
content/portable-air-conditioners/best-portable-ac-for-apartment.mdx,117,"| Living room | Whynter ARC-14S or Midea Duo | 10,000–14,000 | $420–$600 |",OTHER,OK — FAQ question / URL / label / state-program / no-credit statement / incidental
content/portable-air-conditioners/best-portable-ac-for-apartment.mdx,164,"- **2-Bedrooms: Plan for 2–3 units** at $1,200–$1,500 total or consider a mini-split for long leases.",OTHER,OK — FAQ question / URL / label / state-program / no-credit statement / incidental
content/portable-air-conditioners/best-portable-ac-for-apartment.mdx,182,"answer: ""Minimum 2 (one for each bedroom) if you only cool sleeping areas. Add a third for the living room if you spend significant time there. Budget $1,200–$1,500 for equipment and $80–$150/month for electricity running all units.""",OTHER,OK — FAQ question / URL / label / state-program / no-credit statement / incidental
content/portable-air-conditioners/best-portable-ac-heater-combos.mdx,49,"Most combo units in the $400–$600 range use electric resistance heating. Premium units ($550+) may offer heat pump mode, which is dramatically more efficient.",OTHER,OK — FAQ question / URL / label / state-program / no-credit statement / incidental
content/portable-air-conditioners/portable-ac-vs-window-ac.mdx,89,"The window AC saves $600 over 5 years. Even if you buy a premium window unit at $400, you save $475. The portable AC's higher purchase price and higher running costs compound into a significant gap.",OTHER,OK — FAQ question / URL / label / state-program / no-credit statement / incidental
content/portable-air-conditioners/portable-ac-vs-window-ac.mdx,166,"If a window AC costs $280 and saves $90/year in electricity versus a $430 portable AC, the window AC ""breaks even"" on its lower total cost in year 1 (it costs $150 less upfront AND saves $90 in electricity = $240 ahead by end of year 1). By year 5, the window AC has saved $600 total. The only scenar",OTHER,OK — FAQ question / URL / label / state-program / no-credit statement / incidental
content/portable-air-conditioners/portable-ac-vs-window-ac.mdx,187,- **Window ACs cost less upfront** — $200–$400 vs. $300–$600 for equivalent portable ACs.,OTHER,OK — FAQ question / URL / label / state-program / no-credit statement / incidental
content/portable-air-conditioners/single-hose-vs-dual-hose-portable-ac.mdx,248,"answer: ""Typically $100–$250 more than a comparable single-hose unit. The cheapest dual-hose models start around $380–$420 (Whynter ARC-14S), while budget single-hose units start at $250–$300. At the premium end, dual-hose models like the Midea Duo run $520–$600 versus $450–$500 for premium single-h",OTHER,OK — FAQ question / URL / label / state-program / no-credit statement / incidental
content/portable-air-conditioners/best-portable-air-conditioners.mdx,64,| Price (2026) | $520–$600 |,OTHER,OK — FAQ question / URL / label / state-program / no-credit statement / incidental
content/portable-air-conditioners/best-portable-air-conditioners.mdx,255,"| 1 | Midea Duo MAP14HS1TBL | 14,000 | 11.2 | 49 dB | Dual | $520–$600 | $245 |",OTHER,OK — FAQ question / URL / label / state-program / no-credit statement / incidental
content/portable-air-conditioners/quietest-portable-air-conditioners.mdx,85,| Price | $520–$600 |,OTHER,OK — FAQ question / URL / label / state-program / no-credit statement / incidental
content/portable-air-conditioners/quietest-portable-air-conditioners.mdx,144,| Midea Duo MAP14HS1TBL | 49 dB | 53 dB | 55 dB | Inverter | $520–$600 |,OTHER,OK — FAQ question / URL / label / state-program / no-credit statement / incidental
content/portable-air-conditioners/best-dual-hose-portable-acs.mdx,62,| Price | $520–$600 |,OTHER,OK — FAQ question / URL / label / state-program / no-credit statement / incidental
content/portable-air-conditioners/best-dual-hose-portable-acs.mdx,144,"| Midea Duo MAP14HS1TBL | 14,000 | 11.2 | 49 dB | 62.5 lbs | No | $520–$600 |",OTHER,OK — FAQ question / URL / label / state-program / no-credit statement / incidental
content/portable-air-conditioners/biggest-portable-acs.mdx,76,| Price | $520–$600 |,OTHER,OK — FAQ question / URL / label / state-program / no-credit statement / incidental
content/portable-air-conditioners/biggest-portable-acs.mdx,170,"| 1 | Midea Duo MAP14HS1TBL | 14,000 | 11.2 | Dual | 49 dB | 62.5 lbs | $520–$600 |",OTHER,OK — FAQ question / URL / label / state-program / no-credit statement / incidental
content/portable-air-conditioners/biggest-portable-acs.mdx,182,"For rooms 550–900 sq ft, running two units on opposite sides of the room creates cross-cooling that covers the full space. Place them on separate electrical circuits. Total cost: $700–$1,200 for two mid-range units. Total electricity: $80–$110/month combined.",OTHER,OK — FAQ question / URL / label / state-program / no-credit statement / incidental
content/portable-air-conditioners/biggest-portable-acs.mdx,217,"- **Budget $520–$650 for a top-tier large-room portable AC**, or $850–$1,200 for two units.",OTHER,OK — FAQ question / URL / label / state-program / no-credit statement / incidental
content/indoor-air-quality/how-to-improve-indoor-air-quality.mdx,43,| 4 | Add portable HEPA air purifier | 40–70% (per room) | — | 10–30% (with carbon) | $100–$600/unit | Easy |,OTHER,OK — FAQ question / URL / label / state-program / no-credit statement / incidental
content/indoor-air-quality/how-to-improve-indoor-air-quality.mdx,47,"| 8 | Seal and clean ductwork | 30–50% | — | — | $500–$2,000 | Professional |",OTHER,OK — FAQ question / URL / label / state-program / no-credit statement / incidental
content/indoor-air-quality/how-to-improve-indoor-air-quality.mdx,141,"**Key rule: Vented to outdoors is non-negotiable.** A recirculating range hood removes some grease and odors through a charcoal filter but captures almost zero PM2.5 and zero combustion gases (CO, NO2). If your hood recirculates, treat it as having no meaningful IAQ benefit and consider replacing it",OTHER,OK — FAQ question / URL / label / state-program / no-credit statement / incidental
content/indoor-air-quality/how-to-improve-indoor-air-quality.mdx,154,**Cost:** $100–$600 per unit | **Difficulty:** Easy | **Impact:** High per room,OTHER,OK — FAQ question / URL / label / state-program / no-credit statement / incidental
content/indoor-air-quality/how-to-improve-indoor-air-quality.mdx,226,"| Sub-slab depressurization (passive) | PVC pipe without fan | $500–$1,200 | 50–70% reduction |",OTHER,OK — FAQ question / URL / label / state-program / no-credit statement / incidental
content/indoor-air-quality/how-to-improve-indoor-air-quality.mdx,227,"| Drain tile suction | Fan connected to existing perimeter drain | $800–$2,000 | 90–99% reduction |",OTHER,OK — FAQ question / URL / label / state-program / no-credit statement / incidental
content/indoor-air-quality/how-to-improve-indoor-air-quality.mdx,258,"**Cost:** $500–$2,000 | **Difficulty:** Professional | **Impact:** High if ducts are leaky",OTHER,OK — FAQ question / URL / label / state-program / no-credit statement / incidental
content/indoor-air-quality/how-to-improve-indoor-air-quality.mdx,268,"| Duct cleaning | $300–$600 | Visible mold, vermin, excessive debris | Minimal unless visible contamination exists |",OTHER,OK — FAQ question / URL / label / state-program / no-credit statement / incidental
content/indoor-air-quality/how-to-improve-indoor-air-quality.mdx,285,"| Air stream UV-C | In return duct | Airborne pathogens | 50–85% single-pass kill (depends on exposure time) | $500–$1,200 |",OTHER,OK — FAQ question / URL / label / state-program / no-credit statement / incidental
content/indoor-air-quality/how-to-improve-indoor-air-quality.mdx,300,"| Aprilaire 5000 | Media filter (MERV 16 equivalent) | 95%+ | — | 95%+ | $800–$1,200 | $80–$100 (filter) |",OTHER,OK — FAQ question / URL / label / state-program / no-credit statement / incidental
content/indoor-air-quality/how-to-improve-indoor-air-quality.mdx,301,"| Trane CleanEffects | Electronic air cleaner | 99% (claimed) | — | 99% | $1,200–$1,800 | $50–$80 (cleaning) |",OTHER,OK — FAQ question / URL / label / state-program / no-credit statement / incidental
content/indoor-air-quality/how-to-improve-indoor-air-quality.mdx,302,"| iWave | Bipolar ionization | 40–70% | 10–30% | 70–90% | $800–$1,200 | $0 (no filters) |",OTHER,OK — FAQ question / URL / label / state-program / no-credit statement / incidental
content/indoor-air-quality/indoor-air-quality-guide.mdx,228,"| Mold inspection + air sampling | $300–$600 | Visual inspection, moisture mapping, lab-analyzed air samples |",OTHER,OK — FAQ question / URL / label / state-program / no-credit statement / incidental
content/indoor-air-quality/indoor-air-quality-guide.mdx,358,| 5 | Add portable HEPA air purifier | ★★★★☆ | $100–$600 | Easy |,OTHER,OK — FAQ question / URL / label / state-program / no-credit statement / incidental
content/indoor-air-quality/indoor-air-quality-guide.mdx,374,| Opening windows (1 hr/day) | Moderate | High energy loss | $200–$600 (HVAC penalty) |,OTHER,OK — FAQ question / URL / label / state-program / no-credit statement / incidental
content/indoor-air-quality/best-indoor-air-quality-monitors.mdx,219,"| Multi-room monitoring | Aranet4 Home (×3) | Portable, 2-year battery, move freely | $600 total |",OTHER,OK — FAQ question / URL / label / state-program / no-credit statement / incidental
content/indoor-air-quality/best-indoor-air-quality-monitors.mdx,331,"answer: ""TVOC (Total Volatile Organic Compounds) is an aggregate measurement from a MOX sensor that detects many gases at once but can't identify individual compounds. It tells you 'something is off-gassing' but not what. Specific VOC identification (e.g., benzene, formaldehyde, toluene) requires ei",OTHER,OK — FAQ question / URL / label / state-program / no-credit statement / incidental
content/indoor-air-quality/whole-house-ventilation-systems.mdx,98,"| Typical price (unit only) | $600–$2,000 | $500–$1,800 |",OTHER,OK — FAQ question / URL / label / state-program / no-credit statement / incidental
content/indoor-air-quality/whole-house-ventilation-systems.mdx,139,"| Broan AI Series ERV200 | 50–200 | 83% | 56% | 0.6 sone | $1,200–$1,500 | Best overall ERV |",OTHER,OK — FAQ question / URL / label / state-program / no-credit statement / incidental
content/indoor-air-quality/whole-house-ventilation-systems.mdx,142,"| Renewaire EV200 | 75–200 | 78% | 60% | 1.0 sone | $900–$1,200 | High latent recovery |",OTHER,OK — FAQ question / URL / label / state-program / no-credit statement / incidental
content/indoor-air-quality/whole-house-ventilation-systems.mdx,150,"| Lifebreath 155 MAX | 55–155 | 84% | 0.7 sone | Recirculation | $900–$1,200 | Best overall HRV |",OTHER,OK — FAQ question / URL / label / state-program / no-credit statement / incidental
content/indoor-air-quality/whole-house-ventilation-systems.mdx,151,"| Broan AI Series HRV200 | 50–200 | 82% | 0.6 sone | Recirculation | $1,200–$1,500 | Smart features |",OTHER,OK — FAQ question / URL / label / state-program / no-credit statement / incidental
content/indoor-air-quality/whole-house-ventilation-systems.mdx,169,"| Simplified (point-to-point) | Single supply/exhaust point in main area | Budget retrofit, condos | $1,200–$2,000 |",OTHER,OK — FAQ question / URL / label / state-program / no-credit statement / incidental
content/indoor-air-quality/whole-house-ventilation-systems.mdx,233,"A family in Charlotte, NC installed an ERV for $3,200. Annual operating cost: $180. The ERV eliminated their need for portable dehumidifiers ($150/year in electricity) and prevented a recurring bathroom mold issue that had cost $600 to remediate twice. Net annual savings: $570 in quantifiable benefi",OTHER,OK — FAQ question / URL / label / state-program / no-credit statement / incidental
content/indoor-air-quality/whole-house-ventilation-systems.mdx,287,"answer: ""Total installed cost ranges from $1,500 to $4,500 depending on the unit, installation complexity, and ductwork required. The unit itself costs $500-3,500, installation labor $800-1,500, and ductwork/materials $300-800. Simplified installations (point-to-point with minimal ductwork) start ar",OTHER,OK — FAQ question / URL / label / state-program / no-credit statement / incidental
content/electric-fireplaces/pellet-stove-cost-to-run.mdx,135,"[""Total - Average user (1,800 sq ft, Zone 5)"", ""$280-$400"", ""$1,400-$2,000"", ""$1,550-$2,200""],",OTHER,OK — FAQ question / URL / label / state-program / no-credit statement / incidental
content/electric-fireplaces/pellet-stove-cost-to-run.mdx,136,"[""Total - Heavy user (2,200 sq ft, Zone 6)"", ""$400-$550"", ""$2,000-$2,750"", ""$2,150-$2,950""]",OTHER,OK — FAQ question / URL / label / state-program / no-credit statement / incidental
content/electric-fireplaces/pellet-stove-cost-to-run.mdx,173,"[""Equipment cost"", ""$1,500-$4,500"", ""$2,500-$5,000"", ""$3,000-$6,000"", ""$500-$2,000"", ""$3,500-$7,000""],",OTHER,OK — FAQ question / URL / label / state-program / no-credit statement / incidental
content/electric-fireplaces/pellet-stove-cost-to-run.mdx,174,"[""Installation"", ""$1,200-$3,000"", ""$500-$2,000"", ""$500-$2,000"", ""$200-$1,000"", ""$1,500-$3,500""],",OTHER,OK — FAQ question / URL / label / state-program / no-credit statement / incidental
content/electric-fireplaces/pellet-stove-cost-to-run.mdx,175,"[""Annual fuel cost"", ""$1,100-$2,400"", ""$800-$1,800"", ""$1,500-$3,000"", ""$1,500-$4,000"", ""$600-$1,400""],",OTHER,OK — FAQ question / URL / label / state-program / no-credit statement / incidental
content/electric-fireplaces/pellet-stove-cost-to-run.mdx,225,"Over a 15-year stove lifespan, the fuel savings from a high-efficiency stove add up. A stove operating at 83 percent efficiency versus 70 percent saves approximately $2,940 in fuel over 15 years. This is why spending $2,000 more on a high-efficiency Harman versus a budget model often pays for itself",OTHER,OK — FAQ question / URL / label / state-program / no-credit statement / incidental
content/electric-fireplaces/pellet-stove-cost-to-run.mdx,241,"**7. Federal pellet-stove tax credit — EXPIRED for installs after Dec 31, 2025.** Through Dec 31, 2025, high-efficiency pellet stoves (75 percent HHV or above) qualified for the federal Section 25C credit at 30 percent of cost, up to $2,000/year (the biomass stove bucket under 25C). The credit expir",OTHER,OK — FAQ question / URL / label / state-program / no-credit statement / incidental
content/electric-fireplaces/pellet-stove-cost-to-run.mdx,249,"**Portable generator ($400 to $1,200):** A 2,000W inverter generator provides clean power for the stove plus basic household needs. Pellet stoves typically draw 150 to 300W during operation, so even a small generator has headroom. Always operate generators outdoors and away from windows.",OTHER,OK — FAQ question / URL / label / state-program / no-credit statement / incidental
content/electric-fireplaces/pellet-stove-cost-to-run.mdx,262,"- The federal Section 25C credit (30% of cost, up to $2,000 per year for qualifying 75%+ HHV biomass stoves; the earlier ""26 percent"" framing on the site was incorrect) **expired for installs after Dec 31, 2025** under the OBBBA. Pre-expiration, the credit reduced the effective cost of qualifying st",EXPIRED_FRAMED,OK — explicit past-tense / OBBBA-expired / negative-eligibility sentence
content/electric-fireplaces/pellet-stove-cost-to-run.mdx,278,"answer: ""It depends on your local gas prices. Pellet fuel costs $14 to $19 per million BTU of useful heat, while natural gas costs $10 to $15 per million BTU at typical rates. In areas with cheap natural gas (under $1.00/therm), gas is cheaper. In areas with expensive gas (above $1.30/therm) or no g",OTHER,OK — FAQ question / URL / label / state-program / no-credit statement / incidental
content/electric-fireplaces/pellet-stove-cost-to-run.mdx,302,"answer: ""Payback depends on what fuel you are replacing. Switching from propane ($2,800/year) to pellets ($1,400/year) saves $1,400/year, giving a 2 to 3 year payback on a $3,500 installed stove. Switching from natural gas ($1,200/year) to pellets ($1,400/year) may never pay back on fuel savings alo",OTHER,OK — FAQ question / URL / label / state-program / no-credit statement / incidental
content/electric-fireplaces/pellet-stove-cost-to-run.mdx,306,"answer: ""A well-installed pellet stove can add $2,000 to $5,000 in home value according to hearth industry surveys, particularly in rural areas and cold climates where buyers appreciate independent heating options. The Hearth, Patio and Barbecue Association reports that 70 percent of home buyers in ",OTHER,OK — FAQ question / URL / label / state-program / no-credit statement / incidental
content/electric-fireplaces/pellet-stove-cost-to-run.mdx,317,"{ label: ""IRS - Residential Clean Energy Credit (Section 25D)"", url: ""https://www.irs.gov/credits-deductions/residential-clean-energy-credit"" },",OTHER,OK — FAQ question / URL / label / state-program / no-credit statement / incidental
content/electric-fireplaces/best-wall-mount-electric-fireplaces.mdx,77,"**Real-world example:** A renter in a Seattle apartment surface-mounted the Sideline above their TV stand. Installation took 45 minutes with a drill and stud finder — two lag bolts into studs, hang the unit, plug in. When they moved out, patching the two bolt holes took 5 minutes and $3 in spackle. ",OTHER,OK — FAQ question / URL / label / state-program / no-credit statement / incidental
content/electric-fireplaces/best-wall-mount-electric-fireplaces.mdx,87,"**Real-world example:** An architect specified the Alluravision for a modern condo renovation where every inch of space mattered. The 2×4 interior partition wall between the living room and dining room received the Alluravision as a see-through (double-sided) installation, creating a stunning visual",OTHER,OK — FAQ question / URL / label / state-program / no-credit statement / incidental
content/electric-fireplaces/best-pellet-stoves.mdx,184,"**Real-world example:** A family in Maine burns 5 tons of premium pellets per season at $300/ton = $1,500/year. Their previous oil furnace consumed 800 gallons/year at $3.80/gallon = $3,040/year. Annual savings: $1,540. With their Harman Absolute63 costing $4,299 plus $1,200 installation, the paybac",OTHER,OK — FAQ question / URL / label / state-program / no-credit statement / incidental
content/electric-fireplaces/best-pellet-stoves.mdx,195,"- **Total typical cost:** $1,200–$3,000",OTHER,OK — FAQ question / URL / label / state-program / no-credit statement / incidental
content/electric-fireplaces/best-pellet-stoves.mdx,198,"- **Liner and connection:** $500–$1,200 (flexible liner through existing chimney)",OTHER,OK — FAQ question / URL / label / state-program / no-credit statement / incidental
content/electric-fireplaces/best-pellet-stoves.mdx,241,"[""Annual Fuel Cost"", ""$700–$1,800"", ""$600–$2,000"", ""$400–$1,200"", ""$200–$800"", ""$300–$900""],",OTHER,OK — FAQ question / URL / label / state-program / no-credit statement / incidental
content/electric-fireplaces/best-pellet-stoves.mdx,243,"[""Upfront Cost (installed)"", ""$2,500–$5,500"", ""$2,000–$5,000"", ""$3,000–$8,000"", ""$200–$1,400"", ""$3,000–$7,000""],",OTHER,OK — FAQ question / URL / label / state-program / no-credit statement / incidental
content/electric-fireplaces/best-pellet-stoves.mdx,260,"Comfortbilt, Castle, Englander, and US Stove offer capable stoves at $1,000–$2,000. Build quality is good but not as robust as Tier 1–2. Expect slightly more maintenance and a 10–15 year lifespan versus 20+ years for premium brands.",OTHER,OK — FAQ question / URL / label / state-program / no-credit statement / incidental
content/electric-fireplaces/best-pellet-stoves.mdx,262,## Tax Credits and Incentives in 2026,OTHER,OK — FAQ question / URL / label / state-program / no-credit statement / incidental
content/electric-fireplaces/best-pellet-stoves.mdx,264,"**Federal Section 25C credit — EXPIRED for installs after Dec 31, 2025.** Through Dec 31, 2025, high-efficiency biomass stoves with at least 75% thermal efficiency (measured by HHV) qualified for the federal Section 25C credit at **30% of cost, up to $2,000 per year** (biomass-stove bucket under §25",EXPIRED_FRAMED,OK — explicit past-tense / OBBBA-expired / negative-eligibility sentence
content/electric-fireplaces/best-pellet-stoves.mdx,272,"**Pre-expiration credit math (2025 install reference):** A Harman Absolute63 at $4,299 + $2,000 installation = $6,299 total. At 30%, the 25C credit was $1,889 (capped at $2,000), so effective cost was **$4,410**. For a 2026 install of the same stove, the federal credit no longer applies — effective ",OTHER,OK — FAQ question / URL / label / state-program / no-credit statement / incidental
content/electric-fireplaces/best-pellet-stoves.mdx,284,"- Installation runs $1,200–$3,000 for freestanding and $1,100–$2,700 for inserts.",OTHER,OK — FAQ question / URL / label / state-program / no-credit statement / incidental
content/electric-fireplaces/best-pellet-stoves.mdx,285,"- Through Dec 31, 2025, qualifying high-efficiency pellet stoves (75%+ HHV) earned the federal Section 25C credit at 30% of cost, up to $2,000 per year (biomass-stove bucket). The credit expired for installs after Dec 31, 2025 under the OBBBA (PL 119-21, signed July 4, 2025); for 2024/2025 installs ",EXPIRED_FRAMED,OK — explicit past-tense / OBBBA-expired / negative-eligibility sentence
content/electric-fireplaces/best-pellet-stoves.mdx,340,"{ label: ""IRS – Section 25D Residential Clean Energy Credit"", url: ""https://www.irs.gov/credits-deductions/residential-clean-energy-credit"" },",OTHER,OK — FAQ question / URL / label / state-program / no-credit statement / incidental
content/electric-fireplaces/electric-fireplace-cost-to-run.mdx,149,"[""Purchase price"", ""$200–$1,400"", ""$2,000–$5,500""],",OTHER,OK — FAQ question / URL / label / state-program / no-credit statement / incidental
content/electric-fireplaces/electric-fireplace-cost-to-run.mdx,174,"[""Installation"", ""$0–$500"", ""$1,200–$3,000""],",OTHER,OK — FAQ question / URL / label / state-program / no-credit statement / incidental
content/electric-fireplaces/best-electric-fireplaces.mdx,163,"[""Freestanding"", ""Bedrooms, apartments, renters"", ""Plug in and place anywhere"", ""$150–$600"", ""No installation, portable"", ""Takes floor space, less premium look""],",OTHER,OK — FAQ question / URL / label / state-program / no-credit statement / incidental
content/electric-fireplaces/best-electric-fireplaces.mdx,247,"[""Gas Fireplace Insert"", ""$2,000–$5,500"", ""$30–$60"", ""20,000–40,000 BTU/hr"", ""Professional required"", ""$150–$300/year""],",OTHER,OK — FAQ question / URL / label / state-program / no-credit statement / incidental
content/energy-efficiency/hvac-energy-saving-tips.mdx,61,"| **Northeast** | $1,200-1,800 | $400-800 | $1,600-2,600 | $400-650 |",OTHER,OK — FAQ question / URL / label / state-program / no-credit statement / incidental
content/energy-efficiency/hvac-energy-saving-tips.mdx,63,"| **South** | $400-800 | $800-1,400 | $1,200-2,200 | $300-550 |",OTHER,OK — FAQ question / URL / label / state-program / no-credit statement / incidental
content/energy-efficiency/hvac-energy-saving-tips.mdx,64,"| **West** | $600-1,200 | $600-1,200 | $1,200-2,400 | $300-600 |",OTHER,OK — FAQ question / URL / label / state-program / no-credit statement / incidental
content/energy-efficiency/hvac-energy-saving-tips.mdx,375,"**Annual Savings:** $600-1,500",OTHER,OK — FAQ question / URL / label / state-program / no-credit statement / incidental
content/energy-efficiency/hvac-energy-saving-tips.mdx,552,"High-efficiency systems typically pay for themselves in 5-12 years through energy savings. The federal 25C credit (which covered up to $2,000 for qualifying heat pumps) expired for installs after Dec 31, 2025 under the OBBBA (PL 119-21, signed July 4, 2025); for 2026 installs, utility rebates plus I",OTHER,OK — FAQ question / URL / label / state-program / no-credit statement / incidental
content/generators/how-long-do-generators-last.mdx,127,"[""Engine (air-cooled)"", ""10,000–15,000 hrs"", ""$2,000–$5,000+"", ""Low compression, oil consumption""],",OTHER,OK — FAQ question / URL / label / state-program / no-credit statement / incidental
content/generators/how-long-do-generators-last.mdx,129,"[""Alternator/Stator"", ""10,000–20,000 hrs"", ""$500–$2,000"", ""Voltage fluctuations, no output""],",OTHER,OK — FAQ question / URL / label / state-program / no-credit statement / incidental
content/generators/how-long-do-generators-last.mdx,204,"answer: ""General rule: if the repair costs more than 50% of the replacement cost, replace the unit. For a $1,000 portable generator, a $500+ repair is not worth it. For a $5,000 standby generator, repairs up to $2,000–$2,500 can still be justified — especially if the transfer switch and wiring are s",OTHER,OK — FAQ question / URL / label / state-program / no-credit statement / incidental
content/generators/best-whole-house-generators.mdx,70,"**Real-World Install — Denver Suburb:** A 3,200 sq ft home with a 3.5-ton AC unit, gas furnace, and standard appliances. The Generac Guardian 24kW on natural gas was installed for $13,200 total (unit $5,800, ATS $900, gas line $1,200, electrical $2,800, pad + permits $2,500). The system powers the e",OTHER,OK — FAQ question / URL / label / state-program / no-credit statement / incidental
content/generators/best-whole-house-generators.mdx,230,"- Smart load management lets smaller generators handle larger homes — potentially saving $2,000–$5,000.",OTHER,OK — FAQ question / URL / label / state-program / no-credit statement / incidental
content/generators/best-portable-generators.mdx,48,"[""5"", ""Champion 4375/3500W Dual Fuel"", ""3,500W / 4,375W"", ""Gas + Propane"", ""68 dB"", ""12 hrs (50% gas)"", ""104 lbs"", ""$500–$600""],",OTHER,OK — FAQ question / URL / label / state-program / no-credit statement / incidental
content/generators/best-portable-generators.mdx,49,"[""6"", ""Yamaha EF2200iS"", ""1,800W / 2,200W"", ""Gasoline"", ""51.5–57 dB"", ""10.5 hrs (25%)"", ""55 lbs"", ""$1,000–$1,200""],",OTHER,OK — FAQ question / URL / label / state-program / no-credit statement / incidental
content/generators/best-portable-generators.mdx,50,"[""7"", ""Westinghouse WGen9500DF"", ""9,500W / 12,500W"", ""Gas + Propane"", ""73 dB"", ""12 hrs (50% gas)"", ""212 lbs"", ""$1,000–$1,200""],",OTHER,OK — FAQ question / URL / label / state-program / no-credit statement / incidental
content/generators/best-portable-generators.mdx,101,"At $500–$600, the Champion 4375/3500W is the most affordable dual-fuel generator worth buying. It runs a fridge, freezer, sump pump, and lights on either gasoline or propane. The 3,500W running output handles all the essentials.",OTHER,OK — FAQ question / URL / label / state-program / no-credit statement / incidental
content/generators/propane-generator-usage-per-hour.mdx,162,"[""500-gallon"", ""$1,200–$2,500"", ""$100–$200/yr"", ""$1,120""],",OTHER,OK — FAQ question / URL / label / state-program / no-credit statement / incidental
content/generators/propane-generator-usage-per-hour.mdx,163,"[""1,000-gallon"", ""$2,000–$4,000"", ""$150–$300/yr"", ""$2,240""],",OTHER,OK — FAQ question / URL / label / state-program / no-credit statement / incidental
content/generators/natural-gas-generator-running-cost.mdx,191,"If your gas meter is far from the generator pad, or if you have many gas appliances already on the line, you may need a gas line upgrade. This typically costs $500–$2,000 and includes a new dedicated line from the meter to the generator.",OTHER,OK — FAQ question / URL / label / state-program / no-credit statement / incidental
content/generators/natural-gas-generator-running-cost.mdx,267,"question: ""Can I get a tax credit for installing a natural gas generator?"",",OTHER,OK — FAQ question / URL / label / state-program / no-credit statement / incidental
content/generators/natural-gas-generator-running-cost.mdx,268,"answer: ""As of 2026, there is no federal tax credit specifically for natural gas generators. However, some states offer rebates or credits for home backup power systems, especially if they include clean energy components. Check with your state energy office and local utility for current incentive pr",OTHER,OK — FAQ question / URL / label / state-program / no-credit statement / incidental
content/generators/generator-vs-solar-battery-backup.mdx,49,"[""Federal Tax Credit (ITC)"", ""None"", ""30% of system cost"", ""None""],",OTHER,OK — FAQ question / URL / label / state-program / no-credit statement / incidental
content/generators/generator-vs-solar-battery-backup.mdx,50,"[""After Tax Credit Cost"", ""$10,000–$14,000"", ""$12,600–$19,600 (battery only)"", ""$500–$1,500""],",OTHER,OK — FAQ question / URL / label / state-program / no-credit statement / incidental
content/generators/generator-vs-solar-battery-backup.mdx,73,"[""Gas line connection"", ""$500–$2,000""],",OTHER,OK — FAQ question / URL / label / state-program / no-credit statement / incidental
content/generators/generator-vs-solar-battery-backup.mdx,108,"[""Installation labor"", ""$2,000–$5,000""],",OTHER,OK — FAQ question / URL / label / state-program / no-credit statement / incidental
content/generators/generator-vs-solar-battery-backup.mdx,125,"[""Inverter + gateway"", ""$2,000–$4,000""],",OTHER,OK — FAQ question / URL / label / state-program / no-credit statement / incidental
content/generators/generator-vs-solar-battery-backup.mdx,134,"Through Dec 31, 2025, the federal residential Section 25D Investment Tax Credit (30% of total system cost, no cap) applied to solar + battery systems and to standalone batteries. **The 25D credit expired for property placed in service after Dec 31, 2025** under the OBBBA (PL 119-21, signed July 4, 2",OTHER,OK — FAQ question / URL / label / state-program / no-credit statement / incidental
content/generators/generator-vs-solar-battery-backup.mdx,190,"[""Federal Tax Credit"", ""$0"", ""-$12,000 (30% ITC)"", ""-$6,600 (30% ITC)""],",OTHER,OK — FAQ question / URL / label / state-program / no-credit statement / incidental
content/generators/generator-vs-solar-battery-backup.mdx,193,"[""Fuel / Electricity (10 yrs)"", ""$2,000–$4,000"", ""-$12,000–$24,000 (savings)"", ""-$2,000–$5,000 (TOU savings)""],",OTHER,OK — FAQ question / URL / label / state-program / no-credit statement / incidental
content/generators/generator-vs-solar-battery-backup.mdx,232,"- Solar + battery costs $25,000–$39,000 after tax credits but generates $3,000–$4,000/year in energy savings.",OTHER,OK — FAQ question / URL / label / state-program / no-credit statement / incidental
content/generators/generator-vs-solar-battery-backup.mdx,260,"question: ""What is the federal tax credit for battery backup?"",",OTHER,OK — FAQ question / URL / label / state-program / no-credit statement / incidental
content/generators/generator-vs-solar-battery-backup.mdx,261,"answer: ""Through Dec 31, 2025, the federal residential Section 25D Investment Tax Credit was 30% of total installed cost for solar and battery systems (including standalone batteries under the IRA). For a 2025 $20,000 battery install, the credit was $6,000; for a $40,000 solar+battery install, $12,0",OTHER,OK — FAQ question / URL / label / state-program / no-credit statement / incidental
content/generators/generator-guide.mdx,37,"A properly sized home generator costs between $2,000 and $15,000 installed and keeps your lights, HVAC, and refrigerator running when the grid goes down. The average American household needs between 5,000 and 25,000 watts depending on whether you want to back up essential circuits or your entire hom",OTHER,OK — FAQ question / URL / label / state-program / no-credit statement / incidental
content/generators/generator-guide.mdx,274,"[""Gas Line Extension"", ""$500–$2,000"", ""Depends on distance from meter""],",OTHER,OK — FAQ question / URL / label / state-program / no-credit statement / incidental
content/generators/generator-guide.mdx,329,"[""Load bank test"", ""Annually (commercial)"", ""Pro"", ""$300–$600""],",OTHER,OK — FAQ question / URL / label / state-program / no-credit statement / incidental
content/generators/generator-guide.mdx,348,"[""Fuel (10 outages over 10 years)"", ""$900–$1,500"", ""$600–$1,200"", ""$800–$1,600""],",OTHER,OK — FAQ question / URL / label / state-program / no-credit statement / incidental
content/generators/generator-guide.mdx,365,"Smart load management can save you $2,000–$5,000 on the generator itself by allowing you to install a smaller unit. A 14kW generator with load management can handle most homes that would otherwise need a 22kW unit.",OTHER,OK — FAQ question / URL / label / state-program / no-credit statement / incidental
content/generators/generator-guide.mdx,395,"- Load management modules let you buy a smaller generator and save $2,000–$5,000.",OTHER,OK — FAQ question / URL / label / state-program / no-credit statement / incidental
content/generators/generator-guide.mdx,407,"answer: ""The national average installed cost for a standby generator is $8,000–$14,000 in 2026. This includes the generator unit ($3,000–$7,500), automatic transfer switch ($500–$1,500), concrete pad ($200–$500), gas line work ($500–$2,000), electrical wiring ($800–$2,500), and labor ($1,500–$3,500)",OTHER,OK — FAQ question / URL / label / state-program / no-credit statement / incidental
content/generators/generator-cost-per-kwh.mdx,93,"Propane lands in the middle at $0.15–$0.25 per kWh. It stores indefinitely (unlike gasoline), burns cleaner, and is available in bulk deliveries. A 500-gallon tank costs $1,400–$2,000 to fill and provides 150–300+ hours of runtime depending on generator load.",OTHER,OK — FAQ question / URL / label / state-program / no-credit statement / incidental
content/energy-costs/energy-costs-guide.mdx,120,"Furnaces tell a similar story. An 80% AFUE furnace wastes 20 cents of every heating dollar up the flue. A 96% AFUE model captures almost all of that energy. For a home spending $1,200/year on gas heating, upgrading from 80% to 96% AFUE saves approximately $200/year.",OTHER,OK — FAQ question / URL / label / state-program / no-credit statement / incidental
content/energy-costs/energy-costs-guide.mdx,130,"A standard 50-gallon electric tank water heater with an Energy Factor of 0.90 costs roughly $500–$600/year to operate. A heat pump water heater with a UEF of 3.5 performing the same job costs about $130–$180/year. That's a savings of $350–$450 annually, paying back the price premium in 2–3 years.",OTHER,OK — FAQ question / URL / label / state-program / no-credit statement / incidental
content/energy-costs/energy-costs-guide.mdx,162,"### Tier 2: Moderate Investments ($100–$2,000)",OTHER,OK — FAQ question / URL / label / state-program / no-credit statement / incidental
content/energy-costs/energy-costs-guide.mdx,168,"| Attic insulation upgrade (DIY blown-in) | $500–$1,200 | $200–$400 | 2–4 years |",OTHER,OK — FAQ question / URL / label / state-program / no-credit statement / incidental
content/energy-costs/energy-costs-guide.mdx,171,| Window film / cellular shades | $200–$600 | $50–$150 | 2–5 years |,OTHER,OK — FAQ question / URL / label / state-program / no-credit statement / incidental
content/energy-costs/energy-costs-guide.mdx,173,"### Tier 3: Major Upgrades ($2,000–$15,000+)",OTHER,OK — FAQ question / URL / label / state-program / no-credit statement / incidental
content/energy-costs/energy-costs-guide.mdx,181,"| Spray foam insulation (walls) | $3,000–$8,000 | $300–$600 | 5–15 years | $7,500–$15,000 |",OTHER,OK — FAQ question / URL / label / state-program / no-credit statement / incidental
content/energy-costs/energy-costs-guide.mdx,184,"**Don't forget rebates.** The federal Section 25C credit (which covered 30% up to $2,000/year for heat pumps, heat pump water heaters, and insulation upgrades) **expired for installs after Dec 31, 2025** under the OBBBA (PL 119-21, signed July 4, 2025). For 2026 installs, IRA HEAR (income-qualified,",OTHER,OK — FAQ question / URL / label / state-program / no-credit statement / incidental
content/energy-costs/energy-costs-guide.mdx,196,- Sealed ductwork ($600),OTHER,OK — FAQ question / URL / label / state-program / no-credit statement / incidental
content/energy-costs/energy-costs-guide.mdx,198,"- Total investment: $11,100 (after the $2,000 federal 25C credit claimed on the 2025 return before OBBBA termination = $9,100 net; a 2026 install would not get the federal credit but could stack state/utility + IRA HEAR / HOMES for similar or better effective cost depending on income)",HISTORICAL_2025_DATED,OK — 2025-dated example or dedicated-25C-explainer reference
content/energy-costs/energy-costs-guide.mdx,211,"- Total investment: $3,550 (after the $2,000 federal 25C credit on the HPWH claimed on the 2025 return before OBBBA termination = $1,550 net; a 2026 HPWH install would not get the federal 25C credit but could stack IRA HEAR — income-qualified, up to $1,750 for water heaters — for similar effective c",HISTORICAL_2025_DATED,OK — 2025-dated example or dedicated-25C-explainer reference
content/energy-costs/energy-costs-guide.mdx,222,"- Heat pump water heater (+$1,200 over standard)",OTHER,OK — FAQ question / URL / label / state-program / no-credit statement / incidental
content/energy-costs/energy-costs-guide.mdx,307,"### Federal Tax Credits — Section 25C and 25D EXPIRED for installs after Dec 31, 2025",OTHER,OK — FAQ question / URL / label / state-program / no-credit statement / incidental
content/energy-costs/energy-costs-guide.mdx,309,"Both the Section 25C Energy Efficient Home Improvement Credit and Section 25D Residential Clean Energy Credit were originally extended through 2032 under the IRA, but were repealed early for property placed in service after Dec 31, 2025 under the OBBBA (PL 119-21, signed July 4, 2025). Pre-expiratio",EXPIRED_FRAMED,OK — explicit past-tense / OBBBA-expired / negative-eligibility sentence
content/energy-costs/energy-costs-guide.mdx,313,"| Heat Pump (HVAC) — §25C | 30% of cost | $2,000 | EXPIRED (use IRA HEAR / HOMES instead) |",EXPIRED_FRAMED,OK — explicit past-tense / OBBBA-expired / negative-eligibility sentence
content/energy-costs/energy-costs-guide.mdx,314,"| Heat Pump Water Heater — §25C | 30% of cost | $2,000 | EXPIRED (use IRA HEAR up to $1,750 / HOMES instead) |",EXPIRED_FRAMED,OK — explicit past-tense / OBBBA-expired / negative-eligibility sentence
content/energy-costs/energy-costs-guide.mdx,315,"| Insulation & Air Sealing — §25C | 30% of cost | $1,200 | EXPIRED (use IRA HOMES instead) |",EXPIRED_FRAMED,OK — explicit past-tense / OBBBA-expired / negative-eligibility sentence
content/energy-costs/energy-costs-guide.mdx,316,| Electrical Panel Upgrade — §25C | 30% of cost | $600 | EXPIRED |,EXPIRED_FRAMED,OK — explicit past-tense / OBBBA-expired / negative-eligibility sentence
content/energy-costs/energy-costs-guide.mdx,317,| ENERGY STAR Windows — §25C | 30% of cost | $600 | EXPIRED |,EXPIRED_FRAMED,OK — explicit past-tense / OBBBA-expired / negative-eligibility sentence
content/energy-costs/energy-costs-guide.mdx,318,"| Biomass Stove/Boiler — §25C | 30% of cost | $2,000 | EXPIRED |",EXPIRED_FRAMED,OK — explicit past-tense / OBBBA-expired / negative-eligibility sentence
content/energy-costs/energy-costs-guide.mdx,319,| Home Energy Audit — §25C | 30% of cost | $150 | EXPIRED |,EXPIRED_FRAMED,OK — explicit past-tense / OBBBA-expired / negative-eligibility sentence
content/energy-costs/energy-costs-guide.mdx,320,| Solar PV / Geothermal / Wind — §25D | 30% of cost | No limit | EXPIRED (carryforward of unused pre-2026 credit allowed) |,EXPIRED_FRAMED,OK — explicit past-tense / OBBBA-expired / negative-eligibility sentence
content/energy-costs/energy-costs-guide.mdx,323,"**Pre-expiration 25C aggregate cap (historical):** Through Dec 31, 2025, the annual limit for the ""home efficiency"" credits was $1,200 total, with a $2,000 sub-limit for heat pumps — total $3,200 in a single tax year for those who installed both. **Solar/geothermal under 25D had no cap.** Both credi",EXPIRED_FRAMED,OK — explicit past-tense / OBBBA-expired / negative-eligibility sentence
content/energy-costs/energy-costs-guide.mdx,354,"- Moderate investments ($500–$2,000) typically save 15–25%",OTHER,OK — FAQ question / URL / label / state-program / no-credit statement / incidental
content/energy-costs/energy-costs-guide.mdx,356,"- The federal Section 25C (HVAC, insulation, water heaters) and Section 25D (solar, geothermal, batteries) credits expired Dec 31, 2025 under the OBBBA; carryforward of unused pre-2026 25D credit is allowed (25C is not). For 2026 installs, IRA HEAR (income-qualified) + HOMES (performance-based) + st",OTHER,OK — FAQ question / URL / label / state-program / no-credit statement / incidental
content/energy-costs/energy-costs-guide.mdx,375,"answer: ""For most homeowners, yes. Modern heat pumps operate at 300–400% efficiency for heating (COP 3.0–4.0) compared to 95–98% for gas furnaces. The federal Section 25C credit that previously offered 30% up to $2,000 for qualifying heat pumps expired Dec 31, 2025 under the OBBBA (PL 119-21, signed",OTHER,OK — FAQ question / URL / label / state-program / no-credit statement / incidental
content/energy-costs/energy-costs-guide.mdx,379,"answer: ""A typical 6 kW residential solar system generates 7,000–10,000 kWh/year depending on location, offsetting 60–100% of an average home's electricity consumption. At the national average rate of 16.8¢/kWh, that's $1,176–$1,680 in annual savings. After the 30% federal tax credit, a $15,000 syst",OTHER,OK — FAQ question / URL / label / state-program / no-credit statement / incidental
content/energy-costs/energy-costs-guide.mdx,408,"{ title: ""ENERGY STAR Tax Credits"", url: ""https://www.energystar.gov/about/federal-tax-credits"" },",OTHER,OK — FAQ question / URL / label / state-program / no-credit statement / incidental
content/energy-costs/electricity-cost-by-state.mdx,50,| 11 | Oklahoma | 12.4 | -26% | $110 |,OTHER,OK — FAQ question / URL / label / state-program / no-credit statement / incidental
content/energy-costs/electricity-cost-by-state.mdx,51,| 12 | Arkansas | 12.5 | -26% | $111 |,OTHER,OK — FAQ question / URL / label / state-program / no-credit statement / incidental
content/energy-costs/electricity-cost-by-state.mdx,240,| State | Rate (cents/kWh) | Annual Solar Savings (6kW) | Payback (After 30% Credit) |,OTHER,OK — FAQ question / URL / label / state-program / no-credit statement / incidental
content/energy-costs/electricity-cost-by-state.mdx,333,"answer: ""The difference is dramatic. Running a 16 SEER2 heat pump in a 2,000 sq ft home costs about $1,072/year in Idaho (10.5 cents) vs. $3,054/year in Connecticut (29.9 cents) — a difference of nearly $2,000/year for identical comfort. This is why high-rate states benefit the most from efficiency ",OTHER,OK — FAQ question / URL / label / state-program / no-credit statement / incidental
content/energy-costs/heating-cost-calculator.mdx,211,"| **Electric Resistance** | $2,000 | $1,500 | $36,750 | $40,250 |",OTHER,OK — FAQ question / URL / label / state-program / no-credit statement / incidental
content/energy-costs/heating-cost-calculator.mdx,215,### Federal Tax Credits and Rebates (2026),OTHER,OK — FAQ question / URL / label / state-program / no-credit statement / incidental
content/energy-costs/heating-cost-calculator.mdx,217,"**Federal Section 25C and 25D credits — EXPIRED for installs after Dec 31, 2025** under the OBBBA (PL 119-21, signed July 4, 2025):",EXPIRED_FRAMED,OK — explicit past-tense / OBBBA-expired / negative-eligibility sentence
content/energy-costs/heating-cost-calculator.mdx,218,"- **Air-source heat pumps (25C)**: was 30% credit up to $2,000; EXPIRED. Replaced by IRA HEAR (income-qualified, up to $8,000) + HOMES.",EXPIRED_FRAMED,OK — explicit past-tense / OBBBA-expired / negative-eligibility sentence
content/energy-costs/heating-cost-calculator.mdx,219,- **Geothermal systems (25D)**: was 30% credit (no cap); EXPIRED. Carryforward of unused pre-2026 25D credit allowed (25C does not allow carryforward).,EXPIRED_FRAMED,OK — explicit past-tense / OBBBA-expired / negative-eligibility sentence
content/energy-costs/heating-cost-calculator.mdx,362,"Annual heating costs for a 2000 sq ft home typically range from $800-2,500 depending on heating system type, efficiency, local energy prices, and climate. Natural gas furnaces average $800-1,200, heat pumps $1,000-1,500, and electric resistance $2,000-3,000.",OTHER,OK — FAQ question / URL / label / state-program / no-credit statement / incidental
content/energy-costs/heating-cost-calculator.mdx,429,"- **Average annual heating cost**: $1,200-2,500",OTHER,OK — FAQ question / URL / label / state-program / no-credit statement / incidental
content/energy-costs/home-energy-audit-diy.mdx,158,"**Foundation walls:** Uninsulated basement walls lose significant heat. Rigid foam (R-10 to R-15) costs $500-$2,000 DIY, saves $100-$300/year.",OTHER,OK — FAQ question / URL / label / state-program / no-credit statement / incidental
content/energy-costs/home-energy-audit-diy.mdx,237,"Through Dec 31, 2025, the federal Section 25C credit covered 30% of a professional energy audit, up to $150. **The 25C credit expired for installs after Dec 31, 2025** under the OBBBA (PL 119-21, signed July 4, 2025); for 2026 audits, utility-subsidized or free audits (available through many utility",EXPIRED_FRAMED,OK — explicit past-tense / OBBBA-expired / negative-eligibility sentence
content/energy-costs/home-energy-audit-diy.mdx,273,"answer: ""A DIY audit covers about 80% of professional findings. Pros add blower door tests, thermal imaging, duct leakage testing, and combustion safety testing. Worth the $200-$500 for pre-1980 homes, inexplicably high bills, or before major renovations. (The federal 25C credit that previously cove",EXPIRED_FRAMED,OK — explicit past-tense / OBBBA-expired / negative-eligibility sentence
content/energy-costs/electric-water-heating-cost-by-state.mdx,131,"| Standard Electric Tank (50 gal) | $400–$700 | $300–$600 | 0.89–0.95 | 2,785 | $468 | $5,680–$6,080 |",OTHER,OK — FAQ question / URL / label / state-program / no-credit statement / incidental
content/energy-costs/electric-water-heating-cost-by-state.mdx,132,"| High-Efficiency Tank (50 gal) | $500–$900 | $300–$600 | 0.93–0.95 | 2,650 | $445 | $5,350–$5,750 |",OTHER,OK — FAQ question / URL / label / state-program / no-credit statement / incidental
content/energy-costs/electric-water-heating-cost-by-state.mdx,133,"| Heat Pump Water Heater (50 gal) | $1,200–$2,000 | $400–$800 | 3.3–4.0 | 750–850 | $126–$143 | $2,860–$4,230 |",OTHER,OK — FAQ question / URL / label / state-program / no-credit statement / incidental
content/energy-costs/electric-water-heating-cost-by-state.mdx,140,"The clear winner for most homeowners is the **heat pump water heater**. Despite a higher purchase price, its 10-year total cost of ownership is $1,500–$3,000 less than a standard tank. With the 30% federal tax credit (up to $2,000), the upfront premium is essentially free — you pay less from day one",OTHER,OK — FAQ question / URL / label / state-program / no-credit statement / incidental
content/energy-costs/electric-water-heating-cost-by-state.mdx,160,"*Payback figures based on the HPWH premium over a standard electric tank (~$1,200 net difference at typical pricing) divided by annual savings. Through Dec 31, 2025, an additional federal Section 25C credit (30% of cost, up to $2,000) further shortened payback for qualifying installs; the 25C credit",OTHER,OK — FAQ question / URL / label / state-program / no-credit statement / incidental
content/energy-costs/electric-water-heating-cost-by-state.mdx,176,"**Upgrade:** Rheem ProTerra 50-gallon heat pump water heater (UEF 3.55). Installed cost: $2,600. Federal tax credit: $780. Net cost: **$1,820**.",OTHER,OK — FAQ question / URL / label / state-program / no-credit statement / incidental
content/energy-costs/electric-water-heating-cost-by-state.mdx,184,"A heat pump water heater would reduce annual costs to approximately $90, saving $225/year. For 2026 installs, the federal 25C credit (which previously brought net installed cost to $1,400 / 6.2-year payback) expired Dec 31, 2025 under the OBBBA; net installed cost is now $2,000 before rebates / 8.9-",EXPIRED_FRAMED,OK — explicit past-tense / OBBBA-expired / negative-eligibility sentence
content/energy-costs/electric-water-heating-cost-by-state.mdx,190,"**Upgrade:** Whole-home tankless electric system (two units). Installed cost: $3,200. No federal credit (standard tankless never qualified; the federal 25C credit for UEF ≥ 0.95 condensing-gas tankless also expired Dec 31, 2025 under the OBBBA).",OTHER,OK — FAQ question / URL / label / state-program / no-credit statement / incidental
content/energy-costs/electric-water-heating-cost-by-state.mdx,192,"**New annual cost:** $390/year. **Annual savings: $118.** Payback: 27 years — financially poor, but the family gained unlimited hot water. A heat pump water heater with a larger 80-gallon tank ($3,000 before rebates / $1,250 after IRA HEAR for income-qualified households, $145/year operating cost) w",EXPIRED_FRAMED,OK — explicit past-tense / OBBBA-expired / negative-eligibility sentence
content/energy-costs/electric-water-heating-cost-by-state.mdx,262,"- Heat pump water heaters cut costs by 60–70%; 2026 payback is 3–7 years after state/utility rebates and IRA HEAR (income-qualified, up to $1,750 for water heaters). Pre-2026 payback with the now-expired federal 25C credit was 2–5 years; the credit expired Dec 31, 2025 under the OBBBA.",OTHER,OK — FAQ question / URL / label / state-program / no-credit statement / incidental
content/energy-costs/electric-water-heating-cost-by-state.mdx,265,"- The federal 25C credit (30% up to $2,000) that previously made HPWHs a no-brainer upgrade in high-rate states expired Dec 31, 2025 under the OBBBA; for 2026 installs in high-rate states, IRA HEAR (income-qualified, up to $1,750 for water heaters) + state/utility rebates still make HPWHs a strong u",OTHER,OK — FAQ question / URL / label / state-program / no-credit statement / incidental
content/energy-costs/electric-water-heating-cost-by-state.mdx,275,"answer: ""For most homeowners with electric water heating, yes — emphatically. A heat pump water heater uses 60–70% less electricity than a standard tank, saving $300–$550/year depending on your electricity rate. With state/utility rebates and IRA HEAR (income-qualified, up to $1,750 for water heater",OTHER,OK — FAQ question / URL / label / state-program / no-credit statement / incidental
content/energy-costs/electric-water-heating-cost-by-state.mdx,302,"question: ""Do electric water heaters qualify for tax credits?"",",OTHER,OK — FAQ question / URL / label / state-program / no-credit statement / incidental
content/energy-costs/electric-water-heating-cost-by-state.mdx,303,"answer: ""Standard electric tank water heaters do NOT qualify for federal tax credits. Heat pump water heaters that met ENERGY STAR criteria (UEF ≥ 2.2 for ≤55 gallons, or UEF ≥ 2.0 for >55 gallons) qualified for the federal Section 25C credit (30% up to $2,000) — but that credit expired for property",OTHER,OK — FAQ question / URL / label / state-program / no-credit statement / incidental
content/energy-costs/average-electric-bill-by-state.mdx,199,"### Medium Investments ($100-$2,000)",OTHER,OK — FAQ question / URL / label / state-program / no-credit statement / incidental
content/energy-costs/average-electric-bill-by-state.mdx,208,"### Major Upgrades ($2,000+)",OTHER,OK — FAQ question / URL / label / state-program / no-credit statement / incidental
content/energy-costs/average-electric-bill-by-state.mdx,217,*After applicable federal tax credits.,OTHER,OK — FAQ question / URL / label / state-program / no-credit statement / incidental
content/energy-costs/average-electric-bill-by-state.mdx,228,"- Major upgrades with state/utility rebates and IRA HEAR/HOMES can cut 2026 bills by 20-40% (the federal 25C / 25D tax credits that previously added another 30% expired Dec 31, 2025 under the OBBBA)",OTHER,OK — FAQ question / URL / label / state-program / no-credit statement / incidental
content/air-purifier-reviews/blueair-air-purifiers.mdx,144,"[""DustMagnet 5410i"", ""$399"", ""$600–$700"", ""$90"", ""$1,089–$1,189"", ""$18.15–$19.82""],",OTHER,OK — FAQ question / URL / label / state-program / no-credit statement / incidental
content/air-purifier-reviews/blueair-air-purifiers.mdx,145,"[""DustMagnet 5240i"", ""$329"", ""$500–$600"", ""$84"", ""$913–$1,013"", ""$15.22–$16.88""],",OTHER,OK — FAQ question / URL / label / state-program / no-credit statement / incidental
app/page.tsx,430,2026 Tax Credits,OTHER,OK — FAQ question / URL / label / state-program / no-credit statement / incidental
app/page.tsx,513,"<h4 className=""font-semibold text-gray-700 text-sm uppercase tracking-wide"">Tax Credits</h4>",OTHER,OK — FAQ question / URL / label / state-program / no-credit statement / incidental
app/page.tsx,515,Federal Tax Credits,OTHER,OK — FAQ question / URL / label / state-program / no-credit statement / incidental
app/page.tsx,663,"<span className=""text-green-600 font-medium"">$2,000-$5,000</span>",OTHER,OK — FAQ question / URL / label / state-program / no-credit statement / incidental
app/page.tsx,953,"Updated weekly with 2026 efficiency standards, tax credits, and equipment releases",OTHER,OK — FAQ question / URL / label / state-program / no-credit statement / incidental
app/disclaimer/page.tsx,217,"<h3 className=""font-semibold text-gray-900 mb-2"">Tax Credits & Rebates</h3>",OTHER,OK — FAQ question / URL / label / state-program / no-credit statement / incidental
app/articles/page.tsx,63,"'tax-credits-rebates': { name: 'Tax Credits & Rebates', description: 'Incentives and savings programs', color: 'rose' },",OTHER,OK — FAQ question / URL / label / state-program / no-credit statement / incidental
app/articles/page.tsx,326,"{ label: 'Tax Credits', href: '/hvac-tax-credits-2026', color: 'red' },",OTHER,OK — FAQ question / URL / label / state-program / no-credit statement / incidental
app/heat-pumps/page.tsx,37,"'Tax Credits & Rebates': [] as any[],",OTHER,OK — FAQ question / URL / label / state-program / no-credit statement / incidental
app/heat-pumps/page.tsx,50,topics['Tax Credits & Rebates'].push(article);,OTHER,OK — FAQ question / URL / label / state-program / no-credit statement / incidental
app/heat-pumps/page.tsx,86,'Tax Credits & Rebates': {,OTHER,OK — FAQ question / URL / label / state-program / no-credit statement / incidental
app/heat-pumps/page.tsx,87,"description: 'Federal tax credits, rebates, and incentive programs',",OTHER,OK — FAQ question / URL / label / state-program / no-credit statement / incidental
app/heat-pumps/page.tsx,119,"{totalArticles} expert guides covering air-source, ground-source, sizing, efficiency, costs, and tax credits",OTHER,OK — FAQ question / URL / label / state-program / no-credit statement / incidental
app/heat-pumps/page.tsx,161,"<h3 className=""font-medium text-gray-900 group-hover:text-green-600"">Tax Credits</h3>",OTHER,OK — FAQ question / URL / label / state-program / no-credit statement / incidental
app/heat-pumps/page.tsx,162,"<p className=""text-sm text-gray-600"">Up to $2,000 back</p>",OTHER,OK — FAQ question / URL / label / state-program / no-credit statement / incidental
app/energy-efficiency/page.tsx,8,"description: 'Comprehensive energy efficiency resource center. SEER ratings, tax credits, rebates, smart thermostats, and cost-saving strategies for HVAC systems.',",OTHER,OK — FAQ question / URL / label / state-program / no-credit statement / incidental
app/energy-efficiency/page.tsx,57,"title: 'Tax Credits & Rebates',",OTHER,OK — FAQ question / URL / label / state-program / no-credit statement / incidental
app/energy-efficiency/page.tsx,58,"description: 'Federal tax credits, state rebates, and utility incentive programs',",OTHER,OK — FAQ question / URL / label / state-program / no-credit statement / incidental
app/energy-efficiency/page.tsx,88,"{totalArticles} expert guides covering SEER2, AFUE, HSPF2 ratings, tax credits, energy costs, and savings calculators",OTHER,OK — FAQ question / URL / label / state-program / no-credit statement / incidental
app/energy-efficiency/page.tsx,130,"<h3 className=""font-medium text-gray-900 group-hover:text-yellow-600"">Tax Credits 2026</h3>",OTHER,OK — FAQ question / URL / label / state-program / no-credit statement / incidental
app/cost-guides/page.tsx,72,"priceRange: '$150 - $1,200',",OTHER,OK — FAQ question / URL / label / state-program / no-credit statement / incidental
app/cost-guides/page.tsx,93,"priceRange: '$200 - $2,000+',",OTHER,OK — FAQ question / URL / label / state-program / no-credit statement / incidental
app/cost-guides/page.tsx,127,"priceRange: '$200 - $600/year',",OTHER,OK — FAQ question / URL / label / state-program / no-credit statement / incidental
app/cost-guides/page.tsx,154,"priceRange: '$450 - $1,200',",OTHER,OK — FAQ question / URL / label / state-program / no-credit statement / incidental
app/cost-guides/page.tsx,203,"description: 'Payment options, rebates, and tax credits',",OTHER,OK — FAQ question / URL / label / state-program / no-credit statement / incidental
app/cost-guides/page.tsx,213,"title: 'Federal Tax Credits',",OTHER,OK — FAQ question / URL / label / state-program / no-credit statement / incidental
app/cost-guides/page.tsx,215,"amount: 'Up to $2,000',",OTHER,OK — FAQ question / URL / label / state-program / no-credit statement / incidental
